trial,block,pair_id,stratum,ratio,f1,f2,phase_offset,vpp_ch1,vrms_ch1,vpp_ch2,vrms_ch2,vpp_ch3,vrms_ch3,timestamp
1,1,PP3,PP,7:5,5916.1,4225.8,0.0,nan,nan,nan,nan,nan,nan,2026-09-18T15:22:47.159999
2,1,PP3,PP,7:5,5916.1,4225.8,45.0,0.648,0.4414171,0.664,0.4315629,0.592,0.4051216,2026-09-18T15:22:52.127949
3,1,PP3,PP,7:5,5916.1,4225.8,90.0,0.656,0.4425683,0.68,0.4429056,0.608,0.4143392,2026-09-18T15:22:57.393957
4,1,PP3,PP,7:5,5916.1,4225.8,135.0,nan,nan,nan,nan,nan,nan,2026-09-18T15:23:02.721766
5,1,PP3,PP,7:5,5916.1,4225.8,180.0,0.584,0.4377961,0.16,0.3511617,0.32,0.3794657,2026-09-18T15:23:07.972087
6,1,PP3,PP,7:5,5916.1,4225.8,225.0,0.584,0.4375963,0.16,0.3508863,0.32,0.3792354,2026-09-18T15:23:13.418303
7,1,PP3,PP,7:5,5916.1,4225.8,270.0,0.664,0.442381,0.68,0.4427943,0.608,0.4143016,2026-09-18T15:23:18.764253
8,1,PP3,PP,7:5,5916.1,4225.8,315.0,0.584,0.4376943,0.168,0.351764,0.32,0.3795486,2026-09-18T15:23:24.265316
9,1,PC2,PC,11:8,5863.0,4264.0,0.0,nan,nan,nan,nan,nan,nan,2026-09-18T15:23:29.373475
10,1,PC2,PC,11:8,5863.0,4264.0,45.0,0.648,0.4422162,0.68,0.4426114,0.608,0.4133722,2026-09-18T15:23:34.528440
11,1,PC2,PC,11:8,5863.0,4264.0,90.0,0.584,0.4379087,0.168,0.3510646,0.32,0.3795222,2026-09-18T15:23:39.746500
12,1,PC2,PC,11:8,5863.0,4264.0,135.0,nan,nan,nan,nan,nan,nan,2026-09-18T15:23:44.839553
13,1,PC2,PC,11:8,5863.0,4264.0,180.0,0.592,0.4387715,0.328,0.3713918,0.4,0.3956672,2026-09-18T15:23:50.160650
14,1,PC2,PC,11:8,5863.0,4264.0,225.0,0.592,0.4376929,0.176,0.3523826,0.32,0.3792788,2026-09-18T15:23:55.254394
15,1,PC2,PC,11:8,5863.0,4264.0,270.0,0.656,0.4421621,0.68,0.4435326,0.608,0.4135728,2026-09-18T15:24:00.514780
16,1,PC2,PC,11:8,5863.0,4264.0,315.0,nan,nan,nan,nan,nan,nan,2026-09-18T15:24:05.740470
17,1,PC4,PC,7:4,6614.4,3779.6,0.0,0.592,0.4023201,0.16,0.06495401,0.32,0.2313414,2026-09-18T15:24:11.124180
18,1,PC4,PC,7:4,6614.4,3779.6,45.0,nan,nan,nan,nan,nan,nan,2026-09-18T15:24:16.488016
19,1,PC4,PC,7:4,6614.4,3779.6,90.0,0.656,0.4444098,0.68,0.4408384,0.608,0.4194481,2026-09-18T15:24:21.848966
20,1,PC4,PC,7:4,6614.4,3779.6,135.0,0.584,0.437011,0.16,0.3512847,0.32,0.3790789,2026-09-18T15:24:26.830659
21,1,PC4,PC,7:4,6614.4,3779.6,180.0,0.592,0.4372791,0.152,0.3507151,0.32,0.3788198,2026-09-18T15:24:32.034311
22,1,PC4,PC,7:4,6614.4,3779.6,225.0,0.664,0.4444869,0.688,0.4409499,0.608,0.4192939,2026-09-18T15:24:37.436140
23,1,PC4,PC,7:4,6614.4,3779.6,270.0,0.656,0.4446303,0.68,0.4409094,0.608,0.4193194,2026-09-18T15:24:42.515306
24,1,PC4,PC,7:4,6614.4,3779.6,315.0,nan,nan,nan,nan,nan,nan,2026-09-18T15:24:47.668849
25,1,CC1,CC,9:8,5303.3,4714.0,0.0,nan,nan,nan,nan,nan,nan,2026-09-18T15:24:52.725464
26,1,CC1,CC,9:8,5303.3,4714.0,45.0,0.592,0.4382511,0.192,0.353789,0.328,0.3799455,2026-09-18T15:24:58.017407
27,1,CC1,CC,9:8,5303.3,4714.0,90.0,nan,nan,nan,nan,nan,nan,2026-09-18T15:25:03.029463
28,1,CC1,CC,9:8,5303.3,4714.0,135.0,nan,nan,nan,nan,nan,nan,2026-09-18T15:25:08.355068
29,1,CC1,CC,9:8,5303.3,4714.0,180.0,0.656,0.4406921,0.688,0.443172,0.608,0.4097806,2026-09-18T15:25:13.547646
30,1,CC1,CC,9:8,5303.3,4714.0,225.0,0.592,0.4029911,0.16,0.06518099,0.32,0.2318723,2026-09-18T15:25:18.637671
31,1,CC1,CC,9:8,5303.3,4714.0,270.0,0.592,0.4380449,0.16,0.3508861,0.32,0.3795393,2026-09-18T15:25:23.972720
32,1,CC1,CC,9:8,5303.3,4714.0,315.0,0.664,0.4404822,0.688,0.4430653,0.608,0.4088368,2026-09-18T15:25:29.042159
33,1,PP2,PP,5:3,6455.0,3873.0,0.0,0.584,0.4023623,0.168,0.06488147,0.32,0.2314227,2026-09-18T15:25:34.221826
34,1,PP2,PP,5:3,6455.0,3873.0,45.0,nan,nan,nan,nan,nan,nan,2026-09-18T15:25:39.614898
35,1,PP2,PP,5:3,6455.0,3873.0,90.0,nan,nan,nan,nan,nan,nan,2026-09-18T15:25:44.890992
36,1,PP2,PP,5:3,6455.0,3873.0,135.0,nan,nan,nan,nan,nan,nan,2026-09-18T15:25:49.872519
37,1,PP2,PP,5:3,6455.0,3873.0,180.0,0.648,0.4441721,0.672,0.441374,0.576,0.4169815,2026-09-18T15:25:54.797594
38,1,PP2,PP,5:3,6455.0,3873.0,225.0,nan,nan,nan,nan,nan,nan,2026-09-18T15:25:59.873364
39,1,PP2,PP,5:3,6455.0,3873.0,270.0,nan,nan,nan,nan,nan,nan,2026-09-18T15:26:04.847959
40,1,PP2,PP,5:3,6455.0,3873.0,315.0,0.592,0.4373544,0.208,0.3541218,0.336,0.3805565,2026-09-18T15:26:09.986347
41,1,PC1,PC,5:4,5590.2,4472.1,0.0,0.656,0.4413043,0.68,0.4431423,0.608,0.4121915,2026-09-18T15:26:15.130908
42,1,PC1,PC,5:4,5590.2,4472.1,45.0,nan,nan,nan,nan,nan,nan,2026-09-18T15:26:20.360359
43,1,PC1,PC,5:4,5590.2,4472.1,90.0,nan,nan,nan,nan,nan,nan,2026-09-18T15:26:25.690599
44,1,PC1,PC,5:4,5590.2,4472.1,135.0,0.592,0.4379716,0.248,0.3594467,0.352,0.3867219,2026-09-18T15:26:30.928337
45,1,PC1,PC,5:4,5590.2,4472.1,180.0,0.584,0.4380936,0.168,0.3524166,0.32,0.3794401,2026-09-18T15:26:36.121130
46,1,PC1,PC,5:4,5590.2,4472.1,225.0,0.592,0.4381417,0.248,0.3597157,0.352,0.3867515,2026-09-18T15:26:41.292354
47,1,PC1,PC,5:4,5590.2,4472.1,270.0,nan,nan,nan,nan,nan,nan,2026-09-18T15:26:46.463863
48,1,PC1,PC,5:4,5590.2,4472.1,315.0,0.608,0.4424718,0.44,0.3956292,0.464,0.4101277,2026-09-18T15:26:51.911981
49,1,PP6,PP,7:3,7637.6,3273.3,0.0,0.648,0.4457847,0.688,0.4361872,0.608,0.4221224,2026-09-18T15:26:57.310847
50,1,PP6,PP,7:3,7637.6,3273.3,45.0,nan,nan,nan,nan,nan,nan,2026-09-18T15:27:02.361934
51,1,PP6,PP,7:3,7637.6,3273.3,90.0,0.648,0.4462488,0.68,0.4369031,0.608,0.4230512,2026-09-18T15:27:07.573257
52,1,PP6,PP,7:3,7637.6,3273.3,135.0,nan,nan,nan,nan,nan,nan,2026-09-18T15:27:12.483678
53,1,PP6,PP,7:3,7637.6,3273.3,180.0,0.584,0.4363249,0.2,0.3545128,0.328,0.3794382,2026-09-18T15:27:17.695090
54,1,PP6,PP,7:3,7637.6,3273.3,225.0,nan,nan,nan,nan,nan,nan,2026-09-18T15:27:22.833266
55,1,PP6,PP,7:3,7637.6,3273.3,270.0,nan,nan,nan,nan,nan,nan,2026-09-18T15:27:27.694403
56,1,PP6,PP,7:3,7637.6,3273.3,315.0,0.584,0.4361567,0.16,0.3512609,0.32,0.3780494,2026-09-18T15:27:32.913077
57,1,IR4,IR,π/2:1,6266.6,3989.4,0.0,0.664,0.4434506,0.68,0.442117,0.608,0.4168952,2026-09-18T15:27:38.128833
58,1,IR4,IR,π/2:1,6266.6,3989.4,45.0,0.664,0.4437585,0.688,0.4421699,0.608,0.4169651,2026-09-18T15:27:43.294368
59,1,IR4,IR,π/2:1,6266.6,3989.4,90.0,0.584,0.4375488,0.176,0.3524745,0.32,0.3795138,2026-09-18T15:27:48.450447
60,1,IR4,IR,π/2:1,6266.6,3989.4,135.0,0.584,0.4374259,0.168,0.3508458,0.32,0.3790044,2026-09-18T15:27:53.821550
61,1,IR4,IR,π/2:1,6266.6,3989.4,180.0,1.002,0.6525875,nan,nan,nan,nan,2026-09-18T15:27:59.091167
62,1,IR4,IR,π/2:1,6266.6,3989.4,225.0,nan,nan,nan,nan,nan,nan,2026-09-18T15:28:04.519781
63,1,IR4,IR,π/2:1,6266.6,3989.4,270.0,0.584,0.4374073,0.176,0.3524921,0.32,0.3795002,2026-09-18T15:28:09.735128
64,1,IR4,IR,π/2:1,6266.6,3989.4,315.0,0.648,0.4435542,0.68,0.4422405,0.608,0.4169173,2026-09-18T15:28:14.976316
65,1,PC3,PC,13:9,6009.3,4160.3,0.0,nan,nan,nan,nan,nan,nan,2026-09-18T15:28:20.159537
66,1,PC3,PC,13:9,6009.3,4160.3,45.0,nan,nan,nan,nan,nan,nan,2026-09-18T15:28:25.153909
67,1,PC3,PC,13:9,6009.3,4160.3,90.0,0.656,0.4428196,0.688,0.4426681,0.608,0.415271,2026-09-18T15:28:30.432922
68,1,PC3,PC,13:9,6009.3,4160.3,135.0,0.592,0.4375165,0.152,0.350759,0.32,0.3792579,2026-09-18T15:28:35.667227
69,1,PC3,PC,13:9,6009.3,4160.3,180.0,0.656,0.4427169,0.688,0.4425659,0.608,0.4153752,2026-09-18T15:28:41.028192
70,1,PC3,PC,13:9,6009.3,4160.3,225.0,0.656,0.4427503,0.68,0.4425668,0.608,0.4148821,2026-09-18T15:28:46.396738
71,1,PC3,PC,13:9,6009.3,4160.3,270.0,0.624,0.4452555,0.56,0.4255409,0.528,0.4282682,2026-09-18T15:28:51.798242
72,1,PC3,PC,13:9,6009.3,4160.3,315.0,0.584,0.4027032,0.16,0.0649363,0.32,0.2317041,2026-09-18T15:28:57.224317
73,1,IR1,IR,√2:1,5946.0,4204.5,0.0,0.656,0.4425293,0.688,0.4426132,0.608,0.414628,2026-09-18T15:29:02.615380
74,1,IR1,IR,√2:1,5946.0,4204.5,45.0,nan,nan,nan,nan,nan,nan,2026-09-18T15:29:07.707345
75,1,IR1,IR,√2:1,5946.0,4204.5,90.0,0.584,0.4376919,0.168,0.351511,0.32,0.3795361,2026-09-18T15:29:12.613947
76,1,IR1,IR,√2:1,5946.0,4204.5,135.0,nan,nan,nan,nan,nan,nan,2026-09-18T15:29:17.727555
77,1,IR1,IR,√2:1,5946.0,4204.5,180.0,0.592,0.4378591,0.168,0.3516825,0.32,0.3794459,2026-09-18T15:29:22.708038
78,1,IR1,IR,√2:1,5946.0,4204.5,225.0,nan,nan,nan,nan,nan,nan,2026-09-18T15:29:27.864700
79,1,IR1,IR,√2:1,5946.0,4204.5,270.0,0.592,0.4377257,0.168,0.3516036,0.32,0.3795975,2026-09-18T15:29:33.330725
80,1,IR1,IR,√2:1,5946.0,4204.5,315.0,nan,nan,nan,nan,nan,nan,2026-09-18T15:29:38.500485
81,1,CC9,CC,27:16,6495.2,3849.0,0.0,nan,nan,nan,nan,nan,nan,2026-09-18T15:29:43.665376
82,1,CC9,CC,27:16,6495.2,3849.0,45.0,0.664,0.444241,0.68,0.4412497,0.608,0.4186027,2026-09-18T15:29:48.889150
83,1,CC9,CC,27:16,6495.2,3849.0,90.0,nan,nan,nan,nan,nan,nan,2026-09-18T15:29:54.287913
84,1,CC9,CC,27:16,6495.2,3849.0,135.0,0.592,0.4371878,0.168,0.3514064,0.32,0.3792931,2026-09-18T15:29:59.614245
85,1,CC9,CC,27:16,6495.2,3849.0,180.0,0.6,0.4408696,0.44,0.3959386,0.464,0.4098688,2026-09-18T15:30:04.589644
86,1,CC9,CC,27:16,6495.2,3849.0,225.0,0.584,0.437196,0.248,0.3592797,0.352,0.3862758,2026-09-18T15:30:09.836573
87,1,CC9,CC,27:16,6495.2,3849.0,270.0,0.584,0.4370773,0.152,0.3511347,0.32,0.3792827,2026-09-18T15:30:14.991749
88,1,CC9,CC,27:16,6495.2,3849.0,315.0,0.656,0.4442976,0.68,0.4412535,0.608,0.4185632,2026-09-18T15:30:20.220693
89,1,PP7,PP,5:2,7905.7,3162.3,0.0,nan,nan,nan,nan,nan,nan,2026-09-18T15:30:25.504438
90,1,PP7,PP,5:2,7905.7,3162.3,45.0,0.584,0.4357565,0.16,0.3513254,0.32,0.377266,2026-09-18T15:30:30.744332
91,1,PP7,PP,5:2,7905.7,3162.3,90.0,0.648,0.4463438,0.672,0.4371399,0.592,0.4231436,2026-09-18T15:30:35.929515
92,1,PP7,PP,5:2,7905.7,3162.3,135.0,nan,nan,nan,nan,nan,nan,2026-09-18T15:30:41.041335
93,1,PP7,PP,5:2,7905.7,3162.3,180.0,nan,nan,nan,nan,nan,nan,2026-09-18T15:30:46.166550
94,1,PP7,PP,5:2,7905.7,3162.3,225.0,0.576,0.4360681,0.152,0.3510427,0.32,0.3774638,2026-09-18T15:30:51.581763
95,1,PP7,PP,5:2,7905.7,3162.3,270.0,nan,nan,nan,nan,nan,nan,2026-09-18T15:30:56.605902
96,1,PP7,PP,5:2,7905.7,3162.3,315.0,nan,nan,nan,nan,nan,nan,2026-09-18T15:31:01.715278
97,1,CC6,CC,49:25,7000.0,3571.4,0.0,0.656,0.4463069,0.688,0.4379015,0.608,0.4220887,2026-09-18T15:31:06.998333
98,1,CC6,CC,49:25,7000.0,3571.4,45.0,nan,nan,nan,nan,nan,nan,2026-09-18T15:31:11.915344
99,1,CC6,CC,49:25,7000.0,3571.4,90.0,1.002,0.6513847,nan,nan,nan,nan,2026-09-18T15:31:17.246970
100,1,CC6,CC,49:25,7000.0,3571.4,135.0,nan,nan,nan,nan,nan,nan,2026-09-18T15:31:22.618143
101,1,CC6,CC,49:25,7000.0,3571.4,180.0,nan,nan,nan,nan,nan,nan,2026-09-18T15:31:27.652227
102,1,CC6,CC,49:25,7000.0,3571.4,225.0,0.656,0.4450768,0.68,0.438214,0.608,0.4218174,2026-09-18T15:31:32.885610
103,1,CC6,CC,49:25,7000.0,3571.4,270.0,0.656,0.4440658,0.68,0.4403242,0.608,0.4200591,2026-09-18T15:31:38.171281
104,1,CC6,CC,49:25,7000.0,3571.4,315.0,0.584,0.4019412,0.152,0.06455944,0.32,0.2313138,2026-09-18T15:31:43.586299
105,1,PP8,PP,11:3,9574.3,2611.2,0.0,nan,nan,nan,nan,nan,nan,2026-09-18T15:31:48.921766
106,1,PP8,PP,11:3,9574.3,2611.2,45.0,nan,nan,nan,nan,nan,nan,2026-09-18T15:31:53.975518
107,1,PP8,PP,11:3,9574.3,2611.2,90.0,0.576,0.4346759,0.152,0.3510319,0.312,0.3756787,2026-09-18T15:31:59.029468
108,1,PP8,PP,11:3,9574.3,2611.2,135.0,0.648,0.445419,0.68,0.4277271,0.608,0.4219212,2026-09-18T15:32:04.305643
109,1,PP8,PP,11:3,9574.3,2611.2,180.0,0.576,0.4342339,0.152,0.3505892,0.312,0.375405,2026-09-18T15:32:09.806778
110,1,PP8,PP,11:3,9574.3,2611.2,225.0,0.576,0.4345827,0.152,0.3507662,0.312,0.3754774,2026-09-18T15:32:15.227701
111,1,PP8,PP,11:3,9574.3,2611.2,270.0,nan,nan,nan,nan,nan,nan,2026-09-18T15:32:20.259948
112,1,PP8,PP,11:3,9574.3,2611.2,315.0,0.576,0.4344392,0.152,0.350809,0.312,0.3754826,2026-09-18T15:32:25.366882
113,1,NC1,NC,4:2,7071.1,3535.5,0.0,0.592,0.4366462,0.152,0.3509566,0.32,0.3787056,2026-09-18T15:32:30.761937
114,1,NC1,NC,4:2,7071.1,3535.5,45.0,nan,nan,nan,nan,nan,nan,2026-09-18T15:32:35.702320
115,1,NC1,NC,4:2,7071.1,3535.5,90.0,nan,nan,nan,nan,nan,nan,2026-09-18T15:32:40.837747
116,1,NC1,NC,4:2,7071.1,3535.5,135.0,0.64,0.4473327,0.632,0.4523286,0.544,0.4357835,2026-09-18T15:32:46.289062
117,1,NC1,NC,4:2,7071.1,3535.5,180.0,0.6,0.4404169,0.44,0.3963339,0.456,0.4097811,2026-09-18T15:32:51.749559
118,1,NC1,NC,4:2,7071.1,3535.5,225.0,0.6,0.44072,0.44,0.3963638,0.456,0.4097156,2026-09-18T15:32:56.747210
119,1,NC1,NC,4:2,7071.1,3535.5,270.0,0.64,0.4470528,0.64,0.4333855,0.544,0.4213378,2026-09-18T15:33:01.911839
120,1,NC1,NC,4:2,7071.1,3535.5,315.0,nan,nan,nan,nan,nan,nan,2026-09-18T15:33:07.188212
121,1,PC6,PC,13:4,9013.9,2773.5,0.0,0.576,0.434937,0.16,0.350749,0.312,0.375801,2026-09-18T15:33:12.421576
122,1,PC6,PC,13:4,9013.9,2773.5,45.0,nan,nan,nan,nan,nan,nan,2026-09-18T15:33:17.415144
123,1,PC6,PC,13:4,9013.9,2773.5,90.0,0.576,0.4348233,0.248,0.3593228,0.344,0.3834959,2026-09-18T15:33:22.542539
124,1,PC6,PC,13:4,9013.9,2773.5,135.0,0.64,0.4460069,0.632,0.4457512,0.576,0.4333615,2026-09-18T15:33:27.633797
125,1,PC6,PC,13:4,9013.9,2773.5,180.0,0.648,0.4463622,0.68,0.4297818,0.608,0.4226251,2026-09-18T15:33:32.792637
126,1,PC6,PC,13:4,9013.9,2773.5,225.0,0.648,0.4460621,0.68,0.4308379,0.608,0.4219413,2026-09-18T15:33:38.038768
127,1,PC6,PC,13:4,9013.9,2773.5,270.0,nan,nan,nan,nan,nan,nan,2026-09-18T15:33:43.379452
128,1,PC6,PC,13:4,9013.9,2773.5,315.0,0.648,0.4462217,0.68,0.4308806,0.608,0.4227832,2026-09-18T15:33:48.819109
129,1,CC5,CC,25:9,8333.3,3000.0,0.0,0.648,0.4496562,0.68,0.428674,0.608,0.4249062,2026-09-18T15:33:54.086786
130,1,CC5,CC,25:9,8333.3,3000.0,45.0,0.584,0.4005404,0.16,0.06451466,0.32,0.2294294,2026-09-18T15:33:59.458927
131,1,CC5,CC,25:9,8333.3,3000.0,90.0,nan,nan,nan,nan,nan,nan,2026-09-18T15:34:04.460887
132,1,CC5,CC,25:9,8333.3,3000.0,135.0,0.648,0.4495381,0.672,0.4341816,0.608,0.4258024,2026-09-18T15:34:09.704046
133,1,CC5,CC,25:9,8333.3,3000.0,180.0,0.648,0.4434412,0.672,0.4463326,0.608,0.4230738,2026-09-18T15:34:14.929620
134,1,CC5,CC,25:9,8333.3,3000.0,225.0,0.624,0.4430837,0.56,0.4264034,0.528,0.4262768,2026-09-18T15:34:20.165278
135,1,CC5,CC,25:9,8333.3,3000.0,270.0,0.584,0.4354108,0.16,0.3506964,0.32,0.3768878,2026-09-18T15:34:25.163322
136,1,CC5,CC,25:9,8333.3,3000.0,315.0,0.584,0.435391,0.16,0.3506196,0.32,0.3765923,2026-09-18T15:34:30.605473
137,1,CC2,CC,25:16,6250.0,4000.0,0.0,nan,nan,nan,nan,nan,nan,2026-09-18T15:34:35.537229
138,1,CC2,CC,25:16,6250.0,4000.0,45.0,nan,nan,nan,nan,nan,nan,2026-09-18T15:34:40.857069
139,1,CC2,CC,25:16,6250.0,4000.0,90.0,nan,nan,nan,nan,nan,nan,2026-09-18T15:34:46.128039
140,1,CC2,CC,25:16,6250.0,4000.0,135.0,nan,nan,nan,nan,nan,nan,2026-09-18T15:34:51.254542
141,1,CC2,CC,25:16,6250.0,4000.0,180.0,nan,nan,nan,nan,nan,nan,2026-09-18T15:34:56.772599
142,1,CC2,CC,25:16,6250.0,4000.0,225.0,nan,nan,nan,nan,nan,nan,2026-09-18T15:35:02.129903
143,1,CC2,CC,25:16,6250.0,4000.0,270.0,nan,nan,nan,nan,nan,nan,2026-09-18T15:35:07.524744
144,1,CC2,CC,25:16,6250.0,4000.0,315.0,nan,nan,nan,nan,nan,nan,2026-09-18T15:35:12.569968
145,1,CC4,CC,15:8,6846.5,3651.5,0.0,0.928,0.662994,nan,nan,nan,nan,2026-09-18T15:35:17.873529
146,1,CC4,CC,15:8,6846.5,3651.5,45.0,nan,nan,nan,nan,nan,nan,2026-09-18T15:35:23.069483
147,1,CC4,CC,15:8,6846.5,3651.5,90.0,0.664,0.4450362,0.68,0.4399185,0.608,0.4202975,2026-09-18T15:35:28.474454
148,1,CC4,CC,15:8,6846.5,3651.5,135.0,0.584,0.4371347,0.168,0.3511009,0.32,0.3787427,2026-09-18T15:35:33.514762
149,1,CC4,CC,15:8,6846.5,3651.5,180.0,0.648,0.4450051,0.688,0.4398015,0.608,0.4204465,2026-09-18T15:35:38.757946
150,1,CC4,CC,15:8,6846.5,3651.5,225.0,0.584,0.4368132,0.208,0.3546734,0.328,0.3800349,2026-09-18T15:35:43.880068
151,1,CC4,CC,15:8,6846.5,3651.5,270.0,0.592,0.4370349,0.152,0.3511417,0.32,0.3789319,2026-09-18T15:35:49.132006
152,1,CC4,CC,15:8,6846.5,3651.5,315.0,0.656,0.444933,0.68,0.4397976,0.608,0.420016,2026-09-18T15:35:54.291548
153,1,CC8,CC,49:32,6187.2,4040.6,0.0,0.592,0.4377384,0.16,0.3514005,0.32,0.3794486,2026-09-18T15:35:59.542047
154,1,CC8,CC,49:32,6187.2,4040.6,45.0,0.656,0.4430479,0.688,0.4420677,0.608,0.4159236,2026-09-18T15:36:04.728884
155,1,CC8,CC,49:32,6187.2,4040.6,90.0,0.664,0.4435213,0.688,0.4422944,0.608,0.4162275,2026-09-18T15:36:10.097789
156,1,CC8,CC,49:32,6187.2,4040.6,135.0,nan,nan,nan,nan,nan,nan,2026-09-18T15:36:15.149915
157,1,CC8,CC,49:32,6187.2,4040.6,180.0,nan,nan,nan,nan,nan,nan,2026-09-18T15:36:20.318558
158,1,CC8,CC,49:32,6187.2,4040.6,225.0,0.592,0.4385659,0.328,0.3716257,0.4,0.3956907,2026-09-18T15:36:25.353218
159,1,CC8,CC,49:32,6187.2,4040.6,270.0,0.656,0.4434587,0.688,0.4421678,0.608,0.4162828,2026-09-18T15:36:30.651784
160,1,CC8,CC,49:32,6187.2,4040.6,315.0,0.608,0.4415791,0.44,0.3960077,0.464,0.4100834,2026-09-18T15:36:35.640935
161,1,CC7,CC,36:25,6000.0,4166.7,0.0,0.664,0.4415452,0.672,0.4435098,0.608,0.4142416,2026-09-18T15:36:40.755579
162,1,CC7,CC,36:25,6000.0,4166.7,45.0,nan,nan,nan,nan,nan,nan,2026-09-18T15:36:45.983643
163,1,CC7,CC,36:25,6000.0,4166.7,90.0,1.002,0.6524065,nan,nan,nan,nan,2026-09-18T15:36:51.193183
164,1,CC7,CC,36:25,6000.0,4166.7,135.0,0.592,0.4378696,0.16,0.3516053,0.32,0.3797584,2026-09-18T15:36:56.204780
165,1,CC7,CC,36:25,6000.0,4166.7,180.0,0.656,0.441638,0.672,0.4433045,0.608,0.4136404,2026-09-18T15:37:01.405262
166,1,CC7,CC,36:25,6000.0,4166.7,225.0,0.648,0.4459183,0.632,0.4448614,0.584,0.4343277,2026-09-18T15:37:06.538910
167,1,CC7,CC,36:25,6000.0,4166.7,270.0,0.584,0.4377085,0.208,0.3547191,0.336,0.3813257,2026-09-18T15:37:11.632870
168,1,CC7,CC,36:25,6000.0,4166.7,315.0,0.592,0.4376335,0.16,0.3507995,0.32,0.3794071,2026-09-18T15:37:17.076124
169,1,IR3,IR,e/2:1,5829.1,4288.8,0.0,0.648,0.4431668,0.656,0.4502784,0.608,0.4295127,2026-09-18T15:37:22.098129
170,1,IR3,IR,e/2:1,5829.1,4288.8,45.0,nan,nan,nan,nan,nan,nan,2026-09-18T15:37:27.357963
171,1,IR3,IR,e/2:1,5829.1,4288.8,90.0,nan,nan,nan,nan,nan,nan,2026-09-18T15:37:32.331990
172,1,IR3,IR,e/2:1,5829.1,4288.8,135.0,0.592,0.4386804,0.328,0.3714674,0.4,0.3955539,2026-09-18T15:37:37.486128
173,1,IR3,IR,e/2:1,5829.1,4288.8,180.0,nan,nan,nan,nan,nan,nan,2026-09-18T15:37:42.851114
174,1,IR3,IR,e/2:1,5829.1,4288.8,225.0,0.584,0.437802,0.152,0.3512941,0.32,0.3795639,2026-09-18T15:37:48.208225
175,1,IR3,IR,e/2:1,5829.1,4288.8,270.0,nan,nan,nan,nan,nan,nan,2026-09-18T15:37:53.214229
176,1,IR3,IR,e/2:1,5829.1,4288.8,315.0,0.584,0.4376154,0.152,0.3513849,0.32,0.3795331,2026-09-18T15:37:58.373779
177,1,PP1,PP,3:2,6123.7,4082.5,0.0,nan,nan,nan,nan,nan,nan,2026-09-18T15:38:03.538922
178,1,PP1,PP,3:2,6123.7,4082.5,45.0,0.592,0.4376569,0.248,0.3594331,0.352,0.3862552,2026-09-18T15:38:08.742062
179,1,PP1,PP,3:2,6123.7,4082.5,90.0,0.584,0.4377178,0.248,0.3593761,0.352,0.3864899,2026-09-18T15:38:13.798711
180,1,PP1,PP,3:2,6123.7,4082.5,135.0,0.592,0.4375364,0.16,0.3510387,0.32,0.3795324,2026-09-18T15:38:18.746517
181,1,PP1,PP,3:2,6123.7,4082.5,180.0,0.6,0.4415407,0.44,0.3960333,0.464,0.4101159,2026-09-18T15:38:23.905617
182,1,PP1,PP,3:2,6123.7,4082.5,225.0,0.648,0.4433051,0.672,0.4424242,0.592,0.4199844,2026-09-18T15:38:29.102208
183,1,PP1,PP,3:2,6123.7,4082.5,270.0,0.656,0.4429623,0.656,0.4405124,0.568,0.4087436,2026-09-18T15:38:34.268718
184,1,PP1,PP,3:2,6123.7,4082.5,315.0,nan,nan,nan,nan,nan,nan,2026-09-18T15:38:39.208473
185,1,PP5,PP,13:11,5435.6,4599.3,0.0,0.664,0.4409385,0.688,0.443186,0.608,0.4097404,2026-09-18T15:38:44.322725
186,1,PP5,PP,13:11,5435.6,4599.3,45.0,nan,nan,nan,nan,nan,nan,2026-09-18T15:38:49.543497
187,1,PP5,PP,13:11,5435.6,4599.3,90.0,nan,nan,nan,nan,nan,nan,2026-09-18T15:38:54.670556
188,1,PP5,PP,13:11,5435.6,4599.3,135.0,nan,nan,nan,nan,nan,nan,2026-09-18T15:38:59.645807
189,1,PP5,PP,13:11,5435.6,4599.3,180.0,0.592,0.4666191,0.16,0.5872977,0.32,0.5053197,2026-09-18T15:39:05.047092
190,1,PP5,PP,13:11,5435.6,4599.3,225.0,0.656,0.4410079,0.68,0.4432559,0.608,0.4101009,2026-09-18T15:39:10.482124
191,1,PP5,PP,13:11,5435.6,4599.3,270.0,0.656,0.4407222,0.68,0.4430788,0.608,0.4097828,2026-09-18T15:39:15.835163
192,1,PP5,PP,13:11,5435.6,4599.3,315.0,nan,nan,nan,nan,nan,nan,2026-09-18T15:39:21.127616
193,1,CC3,CC,9:4,7500.0,3333.3,0.0,0.584,0.4363769,0.168,0.3514186,0.32,0.3784437,2026-09-18T15:39:26.295255
194,1,CC3,CC,9:4,7500.0,3333.3,45.0,nan,nan,nan,nan,nan,nan,2026-09-18T15:39:31.560158
195,1,CC3,CC,9:4,7500.0,3333.3,90.0,0.584,0.4377707,0.328,0.3719291,0.4,0.3949802,2026-09-18T15:39:36.811660
196,1,CC3,CC,9:4,7500.0,3333.3,135.0,0.664,0.4442265,0.68,0.4376062,0.608,0.4193321,2026-09-18T15:39:42.112118
197,1,CC3,CC,9:4,7500.0,3333.3,180.0,nan,nan,nan,nan,nan,nan,2026-09-18T15:39:47.159323
198,1,CC3,CC,9:4,7500.0,3333.3,225.0,0.584,0.4362641,0.168,0.3525134,0.32,0.3794321,2026-09-18T15:39:52.335788
199,1,CC3,CC,9:4,7500.0,3333.3,270.0,0.592,0.4375113,0.328,0.3716001,0.4,0.3952532,2026-09-18T15:39:57.475047
200,1,CC3,CC,9:4,7500.0,3333.3,315.0,0.584,0.4365235,0.248,0.3594948,0.352,0.3854658,2026-09-18T15:40:02.709545
201,1,NC2,NC,9:6,6123.7,4082.5,0.0,0.584,0.4026211,0.16,0.06494907,0.32,0.231668,2026-09-18T15:40:07.861595
202,1,NC2,NC,9:6,6123.7,4082.5,45.0,0.584,0.40252,0.152,0.0648493,0.32,0.2317262,2026-09-18T15:40:12.990079
203,1,NC2,NC,9:6,6123.7,4082.5,90.0,nan,nan,nan,nan,nan,nan,2026-09-18T15:40:18.169823
204,1,NC2,NC,9:6,6123.7,4082.5,135.0,nan,nan,nan,nan,nan,nan,2026-09-18T15:40:23.617405
205,1,NC2,NC,9:6,6123.7,4082.5,180.0,nan,nan,nan,nan,nan,nan,2026-09-18T15:40:28.611754
206,1,NC2,NC,9:6,6123.7,4082.5,225.0,0.592,0.4375312,0.168,0.3515407,0.32,0.3794072,2026-09-18T15:40:33.802848
207,1,NC2,NC,9:6,6123.7,4082.5,270.0,nan,nan,nan,nan,nan,nan,2026-09-18T15:40:39.016897
208,1,NC2,NC,9:6,6123.7,4082.5,315.0,0.624,0.4443017,0.544,0.4232526,0.528,0.4267,2026-09-18T15:40:44.208918
209,1,IR2,IR,φ:1,6360.1,3930.8,0.0,0.64,0.4457356,0.624,0.4443676,0.584,0.4337177,2026-09-18T15:40:49.547978
210,1,IR2,IR,φ:1,6360.1,3930.8,45.0,0.584,0.4373523,0.168,0.3517118,0.32,0.3791941,2026-09-18T15:40:54.958341
211,1,IR2,IR,φ:1,6360.1,3930.8,90.0,nan,nan,nan,nan,nan,nan,2026-09-18T15:40:59.984244
212,1,IR2,IR,φ:1,6360.1,3930.8,135.0,0.648,0.4439599,0.672,0.4419253,0.608,0.4176886,2026-09-18T15:41:05.126240
213,1,IR2,IR,φ:1,6360.1,3930.8,180.0,0.64,0.4457152,0.624,0.4448671,0.584,0.4339345,2026-09-18T15:41:10.137740
214,1,IR2,IR,φ:1,6360.1,3930.8,225.0,nan,nan,nan,nan,nan,nan,2026-09-18T15:41:15.394472
215,1,IR2,IR,φ:1,6360.1,3930.8,270.0,nan,nan,nan,nan,nan,nan,2026-09-18T15:41:20.622752
216,1,IR2,IR,φ:1,6360.1,3930.8,315.0,0.592,0.4374779,0.16,0.351359,0.32,0.3792445,2026-09-18T15:41:26.032318
217,1,PP4,PP,11:7,6267.8,3988.6,0.0,0.584,0.4373101,0.16,0.3507468,0.32,0.3789457,2026-09-18T15:41:31.129618
218,1,PP4,PP,11:7,6267.8,3988.6,45.0,nan,nan,nan,nan,nan,nan,2026-09-18T15:41:36.395389
219,1,PP4,PP,11:7,6267.8,3988.6,90.0,0.656,0.4437691,0.68,0.4418356,0.608,0.4173254,2026-09-18T15:41:41.806548
220,1,PP4,PP,11:7,6267.8,3988.6,135.0,0.656,0.4435905,0.68,0.442076,0.608,0.4165913,2026-09-18T15:41:46.745961
221,1,PP4,PP,11:7,6267.8,3988.6,180.0,0.648,0.4435025,0.6720001,0.44247,0.608,0.4169537,2026-09-18T15:41:51.906647
222,1,PP4,PP,11:7,6267.8,3988.6,225.0,0.664,0.4421023,0.656,0.4300815,0.592,0.4062799,2026-09-18T15:41:57.261646
223,1,PP4,PP,11:7,6267.8,3988.6,270.0,0.664,0.4433913,0.688,0.4419878,0.608,0.4177031,2026-09-18T15:42:02.561658
224,1,PP4,PP,11:7,6267.8,3988.6,315.0,nan,nan,nan,nan,nan,nan,2026-09-18T15:42:07.454875
225,1,PC5,PC,11:4,8291.6,3015.1,0.0,0.664,0.4463006,0.68,0.433506,0.608,0.4224401,2026-09-18T15:42:12.514303
226,1,PC5,PC,11:4,8291.6,3015.1,45.0,0.576,0.4354524,0.2,0.3546944,0.328,0.3792279,2026-09-18T15:42:17.695952
227,1,PC5,PC,11:4,8291.6,3015.1,90.0,nan,nan,nan,nan,nan,nan,2026-09-18T15:42:22.895207
228,1,PC5,PC,11:4,8291.6,3015.1,135.0,0.584,0.4006927,0.16,0.06470473,0.32,0.2295759,2026-09-18T15:42:28.051164
229,1,PC5,PC,11:4,8291.6,3015.1,180.0,nan,nan,nan,nan,nan,nan,2026-09-18T15:42:33.498118
230,1,PC5,PC,11:4,8291.6,3015.1,225.0,nan,nan,nan,nan,nan,nan,2026-09-18T15:42:38.845053
231,1,PC5,PC,11:4,8291.6,3015.1,270.0,0.648,0.4463737,0.68,0.4336097,0.608,0.4225456,2026-09-18T15:42:44.265158
232,1,PC5,PC,11:4,8291.6,3015.1,315.0,0.648,0.4463185,0.68,0.4327887,0.608,0.4228929,2026-09-18T15:42:49.597218
233,1,NC3,NC,15:10,6123.7,4082.5,0.0,0.656,0.4437619,0.688,0.4319288,0.608,0.4145606,2026-09-18T15:42:54.997521
234,1,NC3,NC,15:10,6123.7,4082.5,45.0,nan,nan,nan,nan,nan,nan,2026-09-18T15:42:59.916267
235,1,NC3,NC,15:10,6123.7,4082.5,90.0,nan,nan,nan,nan,nan,nan,2026-09-18T15:43:05.053378
236,1,NC3,NC,15:10,6123.7,4082.5,135.0,0.624,0.4442336,0.56,0.4235452,0.528,0.4267433,2026-09-18T15:43:10.461475
237,1,NC3,NC,15:10,6123.7,4082.5,180.0,0.6,0.4416141,0.44,0.3961199,0.464,0.4102008,2026-09-18T15:43:15.515187
238,1,NC3,NC,15:10,6123.7,4082.5,225.0,0.584,0.4375535,0.152,0.3514559,0.32,0.3795763,2026-09-18T15:43:20.696495
239,1,NC3,NC,15:10,6123.7,4082.5,270.0,nan,nan,nan,nan,nan,nan,2026-09-18T15:43:25.889452
240,1,NC3,NC,15:10,6123.7,4082.5,315.0,0.64,0.4433082,0.664,0.443485,0.576,0.4216836,2026-09-18T15:43:31.277734
241,2,PP6,PP,7:3,7637.6,3273.3,0.0,0.648,0.4459743,0.68,0.4363306,0.608,0.4227133,2026-09-18T15:53:08.363778
242,2,PP6,PP,7:3,7637.6,3273.3,45.0,0.648,0.4466091,0.68,0.4374935,0.608,0.4230662,2026-09-18T15:53:13.506175
243,2,PP6,PP,7:3,7637.6,3273.3,90.0,0.584,0.4358988,0.168,0.3506336,0.32,0.3775739,2026-09-18T15:53:18.780708
244,2,PP6,PP,7:3,7637.6,3273.3,135.0,0.656,0.4462615,0.656,0.4358735,0.6,0.4226845,2026-09-18T15:53:23.999586
245,2,PP6,PP,7:3,7637.6,3273.3,180.0,0.624,0.44253,0.56,0.4240911,0.528,0.4250524,2026-09-18T15:53:29.194567
246,2,PP6,PP,7:3,7637.6,3273.3,225.0,0.656,0.4455143,0.68,0.4449948,0.608,0.4242624,2026-09-18T15:53:34.306968
247,2,PP6,PP,7:3,7637.6,3273.3,270.0,0.648,0.4458135,0.688,0.4375812,0.608,0.4228546,2026-09-18T15:53:39.492621
248,2,PP6,PP,7:3,7637.6,3273.3,315.0,0.624,0.4425197,0.56,0.4243587,0.528,0.4249274,2026-09-18T15:53:44.601182
249,2,CC8,CC,49:32,6187.2,4040.6,0.0,nan,nan,nan,nan,nan,nan,2026-09-18T15:53:49.780824
250,2,CC8,CC,49:32,6187.2,4040.6,45.0,0.592,0.4382989,0.328,0.3714992,0.4,0.3956125,2026-09-18T15:53:55.170787
251,2,CC8,CC,49:32,6187.2,4040.6,90.0,0.592,0.4372018,0.16,0.350728,0.32,0.3790995,2026-09-18T15:54:00.258773
252,2,CC8,CC,49:32,6187.2,4040.6,135.0,nan,nan,nan,nan,nan,nan,2026-09-18T15:54:05.565299
253,2,CC8,CC,49:32,6187.2,4040.6,180.0,0.656,0.443189,0.688,0.4426813,0.608,0.4165522,2026-09-18T15:54:10.773806
254,2,CC8,CC,49:32,6187.2,4040.6,225.0,0.592,0.4375913,0.168,0.3515365,0.32,0.3793693,2026-09-18T15:54:16.010700
255,2,CC8,CC,49:32,6187.2,4040.6,270.0,0.656,0.4428647,0.68,0.4422263,0.608,0.4160465,2026-09-18T15:54:21.423607
256,2,CC8,CC,49:32,6187.2,4040.6,315.0,0.584,0.4374523,0.176,0.3526913,0.32,0.379468,2026-09-18T15:54:26.783086
257,2,PP5,PP,13:11,5435.6,4599.3,0.0,0.592,0.4380626,0.248,0.3595751,0.352,0.3868378,2026-09-18T15:54:32.067332
258,2,PP5,PP,13:11,5435.6,4599.3,45.0,0.592,0.4379243,0.16,0.3511509,0.32,0.3796169,2026-09-18T15:54:37.421203
259,2,PP5,PP,13:11,5435.6,4599.3,90.0,0.592,0.5778627,nan,nan,nan,nan,2026-09-18T15:54:42.845408
260,2,PP5,PP,13:11,5435.6,4599.3,135.0,1.002,0.6543365,nan,nan,nan,nan,2026-09-18T15:54:48.164249
261,2,PP5,PP,13:11,5435.6,4599.3,180.0,0.6,0.4029402,0.16,0.06501248,0.32,0.2319521,2026-09-18T15:54:53.655609
262,2,PP5,PP,13:11,5435.6,4599.3,225.0,nan,nan,nan,nan,nan,nan,2026-09-18T15:54:58.784960
263,2,PP5,PP,13:11,5435.6,4599.3,270.0,0.592,0.4379826,0.168,0.3512315,0.32,0.3798157,2026-09-18T15:55:03.935571
264,2,PP5,PP,13:11,5435.6,4599.3,315.0,0.592,0.4390019,0.328,0.3716235,0.4,0.3956809,2026-09-18T15:55:09.313623
265,2,PP7,PP,5:2,7905.7,3162.3,0.0,0.576,0.5761616,nan,nan,nan,nan,2026-09-18T15:55:14.683647
266,2,PP7,PP,5:2,7905.7,3162.3,45.0,0.648,0.4414724,0.672,0.44375,0.6,0.4173737,2026-09-18T15:55:20.079754
267,2,PP7,PP,5:2,7905.7,3162.3,90.0,0.576,0.4355776,0.152,0.350568,0.32,0.3772934,2026-09-18T15:55:25.174501
268,2,PP7,PP,5:2,7905.7,3162.3,135.0,nan,nan,nan,nan,nan,nan,2026-09-18T15:55:30.332879
269,2,PP7,PP,5:2,7905.7,3162.3,180.0,0.584,0.435807,0.152,0.3506218,0.32,0.3771669,2026-09-18T15:55:35.681040
270,2,PP7,PP,5:2,7905.7,3162.3,225.0,0.648,0.446094,0.672,0.4370771,0.592,0.4224888,2026-09-18T15:55:41.032962
271,2,PP7,PP,5:2,7905.7,3162.3,270.0,0.648,0.4462516,0.672,0.4377156,0.592,0.4209553,2026-09-18T15:55:46.168799
272,2,PP7,PP,5:2,7905.7,3162.3,315.0,0.656,0.446333,0.688,0.4349387,0.608,0.4231266,2026-09-18T15:55:51.168304
273,2,PP3,PP,7:5,5916.1,4225.8,0.0,0.6,0.4415658,0.44,0.3961471,0.464,0.4104522,2026-09-18T15:55:56.569129
274,2,PP3,PP,7:5,5916.1,4225.8,45.0,0.648,0.4422269,0.68,0.4428667,0.608,0.4145606,2026-09-18T15:56:01.537612
275,2,PP3,PP,7:5,5916.1,4225.8,90.0,0.656,0.4424809,0.68,0.4428396,0.6,0.4141715,2026-09-18T15:56:06.844413
276,2,PP3,PP,7:5,5916.1,4225.8,135.0,0.592,0.4374064,0.152,0.3511364,0.32,0.3795877,2026-09-18T15:56:12.268259
277,2,PP3,PP,7:5,5916.1,4225.8,180.0,nan,nan,nan,nan,nan,nan,2026-09-18T15:56:17.322264
278,2,PP3,PP,7:5,5916.1,4225.8,225.0,0.6,0.4417197,0.448,0.3960698,0.464,0.4103242,2026-09-18T15:56:22.410890
279,2,PP3,PP,7:5,5916.1,4225.8,270.0,0.656,0.4425334,0.688,0.4427229,0.608,0.414697,2026-09-18T15:56:27.816468
280,2,PP3,PP,7:5,5916.1,4225.8,315.0,0.656,0.4422956,0.688,0.4429342,0.608,0.4140855,2026-09-18T15:56:33.173730
281,2,CC2,CC,25:16,6250.0,4000.0,0.0,nan,nan,nan,nan,nan,nan,2026-09-18T15:56:38.597772
282,2,CC2,CC,25:16,6250.0,4000.0,45.0,nan,nan,nan,nan,nan,nan,2026-09-18T15:56:44.097660
283,2,CC2,CC,25:16,6250.0,4000.0,90.0,nan,nan,nan,nan,nan,nan,2026-09-18T15:56:49.433656
284,2,CC2,CC,25:16,6250.0,4000.0,135.0,nan,nan,nan,nan,nan,nan,2026-09-18T15:56:54.794367
285,2,CC2,CC,25:16,6250.0,4000.0,180.0,nan,nan,nan,nan,nan,nan,2026-09-18T15:56:59.814052
286,2,CC2,CC,25:16,6250.0,4000.0,225.0,nan,nan,nan,nan,nan,nan,2026-09-18T15:57:05.065212
287,2,CC2,CC,25:16,6250.0,4000.0,270.0,nan,nan,nan,nan,nan,nan,2026-09-18T15:57:10.274924
288,2,CC2,CC,25:16,6250.0,4000.0,315.0,nan,nan,nan,nan,nan,nan,2026-09-18T15:57:15.709013
289,2,NC1,NC,4:2,7071.1,3535.5,0.0,0.584,0.4366283,0.152,0.3512721,0.32,0.3791192,2026-09-18T15:57:20.720994
290,2,NC1,NC,4:2,7071.1,3535.5,45.0,nan,nan,nan,nan,nan,nan,2026-09-18T15:57:25.914665
291,2,NC1,NC,4:2,7071.1,3535.5,90.0,0.584,0.4368324,0.152,0.3508105,0.32,0.3787112,2026-09-18T15:57:31.070130
292,2,NC1,NC,4:2,7071.1,3535.5,135.0,0.656,0.4458263,0.68,0.4397693,0.608,0.4224208,2026-09-18T15:57:36.376282
293,2,NC1,NC,4:2,7071.1,3535.5,180.0,nan,nan,nan,nan,nan,nan,2026-09-18T15:57:41.356788
294,2,NC1,NC,4:2,7071.1,3535.5,225.0,0.584,0.438067,0.328,0.3717785,0.4,0.3953946,2026-09-18T15:57:46.450738
295,2,NC1,NC,4:2,7071.1,3535.5,270.0,0.584,0.4374591,0.288,0.3660705,0.384,0.3903124,2026-09-18T15:57:51.654483
296,2,NC1,NC,4:2,7071.1,3535.5,315.0,nan,nan,nan,nan,nan,nan,2026-09-18T15:57:56.633847
297,2,PC4,PC,7:4,6614.4,3779.6,0.0,0.6,0.4406518,0.44,0.3962258,0.456,0.40988,2026-09-18T15:58:01.744660
298,2,PC4,PC,7:4,6614.4,3779.6,45.0,1.002,0.6516573,nan,nan,nan,nan,2026-09-18T15:58:06.787556
299,2,PC4,PC,7:4,6614.4,3779.6,90.0,0.592,0.402241,0.16,0.06485632,0.32,0.2314156,2026-09-18T15:58:11.954679
300,2,PC4,PC,7:4,6614.4,3779.6,135.0,0.584,0.4369991,0.152,0.350882,0.32,0.3788102,2026-09-18T15:58:17.334955
301,2,PC4,PC,7:4,6614.4,3779.6,180.0,0.592,0.4370376,0.16,0.3506476,0.32,0.378841,2026-09-18T15:58:22.648859
302,2,PC4,PC,7:4,6614.4,3779.6,225.0,0.608,0.4407509,0.44,0.3961916,0.456,0.4099658,2026-09-18T15:58:28.019933
303,2,PC4,PC,7:4,6614.4,3779.6,270.0,0.664,0.4444446,0.68,0.4409718,0.608,0.419153,2026-09-18T15:58:33.071279
304,2,PC4,PC,7:4,6614.4,3779.6,315.0,nan,nan,nan,nan,nan,nan,2026-09-18T15:58:38.311273
305,2,PC3,PC,13:9,6009.3,4160.3,0.0,0.592,0.4374358,0.208,0.3545126,0.336,0.3811805,2026-09-18T15:58:43.521028
306,2,PC3,PC,13:9,6009.3,4160.3,45.0,0.656,0.4428028,0.688,0.4425618,0.608,0.4146411,2026-09-18T15:58:48.921425
307,2,PC3,PC,13:9,6009.3,4160.3,90.0,nan,nan,nan,nan,nan,nan,2026-09-18T15:58:53.934453
308,2,PC3,PC,13:9,6009.3,4160.3,135.0,nan,nan,nan,nan,nan,nan,2026-09-18T15:58:59.272943
309,2,PC3,PC,13:9,6009.3,4160.3,180.0,0.664,0.4425755,0.688,0.442601,0.608,0.4147507,2026-09-18T15:59:04.415300
310,2,PC3,PC,13:9,6009.3,4160.3,225.0,nan,nan,nan,nan,nan,nan,2026-09-18T15:59:09.411349
311,2,PC3,PC,13:9,6009.3,4160.3,270.0,0.592,0.4375635,0.152,0.3509237,0.32,0.3792583,2026-09-18T15:59:14.632213
312,2,PC3,PC,13:9,6009.3,4160.3,315.0,0.92,0.6647794,nan,nan,nan,nan,2026-09-18T15:59:19.921556
313,2,CC1,CC,9:8,5303.3,4714.0,0.0,0.656,0.4403756,0.672,0.4428795,0.608,0.4091335,2026-09-18T15:59:25.171160
314,2,CC1,CC,9:8,5303.3,4714.0,45.0,nan,nan,nan,nan,nan,nan,2026-09-18T15:59:30.371241
315,2,CC1,CC,9:8,5303.3,4714.0,90.0,nan,nan,nan,nan,nan,nan,2026-09-18T15:59:35.614380
316,2,CC1,CC,9:8,5303.3,4714.0,135.0,nan,nan,nan,nan,nan,nan,2026-09-18T15:59:40.740236
317,2,CC1,CC,9:8,5303.3,4714.0,180.0,nan,nan,nan,nan,nan,nan,2026-09-18T15:59:45.920007
318,2,CC1,CC,9:8,5303.3,4714.0,225.0,0.584,0.4382751,0.168,0.3515517,0.32,0.3797299,2026-09-18T15:59:51.071376
319,2,CC1,CC,9:8,5303.3,4714.0,270.0,0.656,0.4405081,0.688,0.4431062,0.608,0.4086552,2026-09-18T15:59:56.175156
320,2,CC1,CC,9:8,5303.3,4714.0,315.0,0.592,0.4379513,0.16,0.350859,0.32,0.379659,2026-09-18T16:00:01.594153
321,2,IR3,IR,e/2:1,5829.1,4288.8,0.0,0.656,0.4415305,0.688,0.4431512,0.608,0.4117502,2026-09-18T16:00:06.914059
322,2,IR3,IR,e/2:1,5829.1,4288.8,45.0,0.928,0.6659323,nan,nan,nan,nan,2026-09-18T16:00:12.227224
323,2,IR3,IR,e/2:1,5829.1,4288.8,90.0,0.584,0.4027145,0.16,0.0649569,0.32,0.2317811,2026-09-18T16:00:17.561321
324,2,IR3,IR,e/2:1,5829.1,4288.8,135.0,nan,nan,nan,nan,nan,nan,2026-09-18T16:00:22.681752
325,2,IR3,IR,e/2:1,5829.1,4288.8,180.0,0.592,0.4376561,0.16,0.3511544,0.32,0.379652,2026-09-18T16:00:27.885662
326,2,IR3,IR,e/2:1,5829.1,4288.8,225.0,nan,nan,nan,nan,nan,nan,2026-09-18T16:00:33.116322
327,2,IR3,IR,e/2:1,5829.1,4288.8,270.0,0.584,0.4023375,0.152,0.06172937,0.32,0.2293913,2026-09-18T16:00:38.616210
328,2,IR3,IR,e/2:1,5829.1,4288.8,315.0,nan,nan,nan,nan,nan,nan,2026-09-18T16:00:43.667275
329,2,CC4,CC,15:8,6846.5,3651.5,0.0,nan,nan,nan,nan,nan,nan,2026-09-18T16:00:48.757510
330,2,CC4,CC,15:8,6846.5,3651.5,45.0,0.584,0.4369472,0.152,0.3508374,0.32,0.3786513,2026-09-18T16:00:54.143786
331,2,CC4,CC,15:8,6846.5,3651.5,90.0,0.592,0.4378313,0.328,0.3718057,0.4,0.3955438,2026-09-18T16:00:59.534651
332,2,CC4,CC,15:8,6846.5,3651.5,135.0,0.584,0.4368853,0.16,0.350802,0.32,0.3787493,2026-09-18T16:01:04.873821
333,2,CC4,CC,15:8,6846.5,3651.5,180.0,0.648,0.4450113,0.68,0.4399962,0.608,0.4203714,2026-09-18T16:01:10.234977
334,2,CC4,CC,15:8,6846.5,3651.5,225.0,nan,nan,nan,nan,nan,nan,2026-09-18T16:01:15.541874
335,2,CC4,CC,15:8,6846.5,3651.5,270.0,0.664,0.4451118,0.68,0.4394032,0.608,0.4208789,2026-09-18T16:01:20.670050
336,2,CC4,CC,15:8,6846.5,3651.5,315.0,0.584,0.4367398,0.152,0.3513609,0.32,0.3789976,2026-09-18T16:01:25.636942
337,2,CC3,CC,9:4,7500.0,3333.3,0.0,0.664,0.4511107,0.68,0.4498408,0.608,0.4306862,2026-09-18T16:01:30.773067
338,2,CC3,CC,9:4,7500.0,3333.3,45.0,nan,nan,nan,nan,nan,nan,2026-09-18T16:01:36.163444
339,2,CC3,CC,9:4,7500.0,3333.3,90.0,0.584,0.4363547,0.152,0.3508859,0.32,0.3776123,2026-09-18T16:01:41.589102
340,2,CC3,CC,9:4,7500.0,3333.3,135.0,0.6,0.4398989,0.44,0.3963344,0.456,0.4092736,2026-09-18T16:01:46.646211
341,2,CC3,CC,9:4,7500.0,3333.3,180.0,0.648,0.4489782,0.688,0.4437839,0.608,0.4289287,2026-09-18T16:01:51.879251
342,2,CC3,CC,9:4,7500.0,3333.3,225.0,nan,nan,nan,nan,nan,nan,2026-09-18T16:01:56.869103
343,2,CC3,CC,9:4,7500.0,3333.3,270.0,nan,nan,nan,nan,nan,nan,2026-09-18T16:02:02.184288
344,2,CC3,CC,9:4,7500.0,3333.3,315.0,nan,nan,nan,nan,nan,nan,2026-09-18T16:02:07.319988
345,2,CC6,CC,49:25,7000.0,3571.4,0.0,0.584,0.4369188,0.152,0.3518375,0.32,0.3792395,2026-09-18T16:02:12.688649
346,2,CC6,CC,49:25,7000.0,3571.4,45.0,0.584,0.4367179,0.16,0.3506513,0.32,0.3785601,2026-09-18T16:02:17.723295
347,2,CC6,CC,49:25,7000.0,3571.4,90.0,nan,nan,nan,nan,nan,nan,2026-09-18T16:02:22.932629
348,2,CC6,CC,49:25,7000.0,3571.4,135.0,1.002,0.6504688,nan,nan,nan,nan,2026-09-18T16:02:28.350636
349,2,CC6,CC,49:25,7000.0,3571.4,180.0,0.664,0.4466365,0.68,0.4378923,0.608,0.4212275,2026-09-18T16:02:33.747972
350,2,CC6,CC,49:25,7000.0,3571.4,225.0,0.584,0.402101,0.16,0.06488642,0.32,0.2312285,2026-09-18T16:02:39.009009
351,2,CC6,CC,49:25,7000.0,3571.4,270.0,nan,nan,nan,nan,nan,nan,2026-09-18T16:02:44.060339
352,2,CC6,CC,49:25,7000.0,3571.4,315.0,1.002,0.6496398,nan,nan,nan,nan,2026-09-18T16:02:49.287941
353,2,IR1,IR,√2:1,5946.0,4204.5,0.0,0.592,0.4377048,0.176,0.3521341,0.32,0.3795512,2026-09-18T16:02:54.744305
354,2,IR1,IR,√2:1,5946.0,4204.5,45.0,0.584,0.4375657,0.152,0.3507059,0.32,0.3793023,2026-09-18T16:02:59.784315
355,2,IR1,IR,√2:1,5946.0,4204.5,90.0,0.656,0.4424951,0.68,0.4427817,0.608,0.4146712,2026-09-18T16:03:05.008201
356,2,IR1,IR,√2:1,5946.0,4204.5,135.0,0.656,0.4422756,0.68,0.442675,0.608,0.414174,2026-09-18T16:03:10.118946
357,2,IR1,IR,√2:1,5946.0,4204.5,180.0,0.592,0.4376076,0.16,0.3505296,0.32,0.3792402,2026-09-18T16:03:15.457286
358,2,IR1,IR,√2:1,5946.0,4204.5,225.0,0.584,0.4377489,0.152,0.3511457,0.32,0.3795797,2026-09-18T16:03:20.808258
359,2,IR1,IR,√2:1,5946.0,4204.5,270.0,nan,nan,nan,nan,nan,nan,2026-09-18T16:03:25.933414
360,2,IR1,IR,√2:1,5946.0,4204.5,315.0,nan,nan,nan,nan,nan,nan,2026-09-18T16:03:30.915536
361,2,CC9,CC,27:16,6495.2,3849.0,0.0,0.656,0.4443554,0.6720001,0.4411045,0.608,0.4182482,2026-09-18T16:03:36.178454
362,2,CC9,CC,27:16,6495.2,3849.0,45.0,0.584,0.4371451,0.168,0.3515766,0.32,0.3793121,2026-09-18T16:03:41.294581
363,2,CC9,CC,27:16,6495.2,3849.0,90.0,nan,nan,nan,nan,nan,nan,2026-09-18T16:03:46.635424
364,2,CC9,CC,27:16,6495.2,3849.0,135.0,0.592,0.4381874,0.328,0.3717259,0.4,0.3954966,2026-09-18T16:03:52.020861
365,2,CC9,CC,27:16,6495.2,3849.0,180.0,0.592,0.4383147,0.328,0.3716085,0.4,0.3955297,2026-09-18T16:03:57.420644
366,2,CC9,CC,27:16,6495.2,3849.0,225.0,nan,nan,nan,nan,nan,nan,2026-09-18T16:04:02.471599
367,2,CC9,CC,27:16,6495.2,3849.0,270.0,nan,nan,nan,nan,nan,nan,2026-09-18T16:04:07.663797
368,2,CC9,CC,27:16,6495.2,3849.0,315.0,nan,nan,nan,nan,nan,nan,2026-09-18T16:04:12.823850
369,2,PP8,PP,11:3,9574.3,2611.2,0.0,0.64,0.4436617,0.656,0.4188484,0.592,0.4136668,2026-09-18T16:04:18.234145
370,2,PP8,PP,11:3,9574.3,2611.2,45.0,0.592,0.438559,0.448,0.3970395,0.448,0.4093784,2026-09-18T16:04:23.542144
371,2,PP8,PP,11:3,9574.3,2611.2,90.0,0.576,0.4343106,0.168,0.3521738,0.32,0.3775009,2026-09-18T16:04:28.525620
372,2,PP8,PP,11:3,9574.3,2611.2,135.0,nan,nan,nan,nan,nan,nan,2026-09-18T16:04:33.626211
373,2,PP8,PP,11:3,9574.3,2611.2,180.0,0.64,0.4468382,0.68,0.4336746,0.608,0.4249592,2026-09-18T16:04:38.660377
374,2,PP8,PP,11:3,9574.3,2611.2,225.0,nan,nan,nan,nan,nan,nan,2026-09-18T16:04:43.951603
375,2,PP8,PP,11:3,9574.3,2611.2,270.0,nan,nan,nan,nan,nan,nan,2026-09-18T16:04:49.186350
376,2,PP8,PP,11:3,9574.3,2611.2,315.0,0.576,0.4343912,0.152,0.3511331,0.312,0.3755598,2026-09-18T16:04:54.380559
377,2,CC7,CC,36:25,6000.0,4166.7,0.0,1.002,0.6540995,nan,nan,nan,nan,2026-09-18T16:04:59.547621
378,2,CC7,CC,36:25,6000.0,4166.7,45.0,0.656,0.443676,0.68,0.4423642,0.608,0.4157418,2026-09-18T16:05:04.936608
379,2,CC7,CC,36:25,6000.0,4166.7,90.0,nan,nan,nan,nan,nan,nan,2026-09-18T16:05:09.789728
380,2,CC7,CC,36:25,6000.0,4166.7,135.0,0.664,0.4422027,0.68,0.4426837,0.608,0.4148025,2026-09-18T16:05:15.088675
381,2,CC7,CC,36:25,6000.0,4166.7,180.0,nan,nan,nan,nan,nan,nan,2026-09-18T16:05:20.479678
382,2,CC7,CC,36:25,6000.0,4166.7,225.0,nan,nan,nan,nan,nan,nan,2026-09-18T16:05:25.526238
383,2,CC7,CC,36:25,6000.0,4166.7,270.0,0.648,0.441967,0.68,0.4434049,0.608,0.4145904,2026-09-18T16:05:30.679003
384,2,CC7,CC,36:25,6000.0,4166.7,315.0,0.664,0.4437598,0.68,0.4420149,0.608,0.4148147,2026-09-18T16:05:36.042035
385,2,IR2,IR,φ:1,6360.1,3930.8,0.0,nan,nan,nan,nan,nan,nan,2026-09-18T16:05:41.403082
386,2,IR2,IR,φ:1,6360.1,3930.8,45.0,0.592,0.4372943,0.176,0.3524301,0.32,0.379429,2026-09-18T16:05:46.816955
387,2,IR2,IR,φ:1,6360.1,3930.8,90.0,0.584,0.4372267,0.2,0.3546294,0.336,0.380493,2026-09-18T16:05:52.205026
388,2,IR2,IR,φ:1,6360.1,3930.8,135.0,0.656,0.4435349,0.68,0.4415118,0.608,0.4175098,2026-09-18T16:05:57.072494
389,2,IR2,IR,φ:1,6360.1,3930.8,180.0,0.664,0.4435654,0.68,0.442706,0.608,0.4175414,2026-09-18T16:06:02.157317
390,2,IR2,IR,φ:1,6360.1,3930.8,225.0,0.656,0.4437597,0.68,0.4417024,0.608,0.4174948,2026-09-18T16:06:07.405272
391,2,IR2,IR,φ:1,6360.1,3930.8,270.0,0.592,0.4372435,0.16,0.3506328,0.32,0.3791064,2026-09-18T16:06:12.726231
392,2,IR2,IR,φ:1,6360.1,3930.8,315.0,0.592,0.4371647,0.16,0.3505467,0.32,0.3788369,2026-09-18T16:06:17.765356
393,2,IR4,IR,π/2:1,6266.6,3989.4,0.0,0.664,0.4432179,0.68,0.443132,0.608,0.4159615,2026-09-18T16:06:23.048202
394,2,IR4,IR,π/2:1,6266.6,3989.4,45.0,nan,nan,nan,nan,nan,nan,2026-09-18T16:06:28.265341
395,2,IR4,IR,π/2:1,6266.6,3989.4,90.0,nan,nan,nan,nan,nan,nan,2026-09-18T16:06:33.329899
396,2,IR4,IR,π/2:1,6266.6,3989.4,135.0,0.664,0.4434337,0.688,0.4415509,0.608,0.4169425,2026-09-18T16:06:38.525143
397,2,IR4,IR,π/2:1,6266.6,3989.4,180.0,0.64,0.4457116,0.624,0.4447949,0.592,0.4339631,2026-09-18T16:06:43.667665
398,2,IR4,IR,π/2:1,6266.6,3989.4,225.0,nan,nan,nan,nan,nan,nan,2026-09-18T16:06:48.927491
399,2,IR4,IR,π/2:1,6266.6,3989.4,270.0,nan,nan,nan,nan,nan,nan,2026-09-18T16:06:54.348886
400,2,IR4,IR,π/2:1,6266.6,3989.4,315.0,nan,nan,nan,nan,nan,nan,2026-09-18T16:06:59.815544
401,2,PP4,PP,11:7,6267.8,3988.6,0.0,nan,nan,nan,nan,nan,nan,2026-09-18T16:07:05.122947
402,2,PP4,PP,11:7,6267.8,3988.6,45.0,0.656,0.4430602,0.68,0.4419504,0.608,0.4172706,2026-09-18T16:07:10.377569
403,2,PP4,PP,11:7,6267.8,3988.6,90.0,0.584,0.4374281,0.248,0.3598402,0.352,0.3864185,2026-09-18T16:07:15.722029
404,2,PP4,PP,11:7,6267.8,3988.6,135.0,nan,nan,nan,nan,nan,nan,2026-09-18T16:07:20.671386
405,2,PP4,PP,11:7,6267.8,3988.6,180.0,nan,nan,nan,nan,nan,nan,2026-09-18T16:07:25.785816
406,2,PP4,PP,11:7,6267.8,3988.6,225.0,0.584,0.4370764,0.152,0.3507456,0.32,0.3788128,2026-09-18T16:07:31.185508
407,2,PP4,PP,11:7,6267.8,3988.6,270.0,0.584,0.4372435,0.152,0.3504777,0.32,0.3789685,2026-09-18T16:07:36.584704
408,2,PP4,PP,11:7,6267.8,3988.6,315.0,0.664,0.4435895,0.68,0.4423915,0.608,0.4170612,2026-09-18T16:07:41.964450
409,2,PC5,PC,11:4,8291.6,3015.1,0.0,nan,nan,nan,nan,nan,nan,2026-09-18T16:07:47.368352
410,2,PC5,PC,11:4,8291.6,3015.1,45.0,0.624,0.4431574,0.568,0.4267533,0.528,0.4264337,2026-09-18T16:07:52.769104
411,2,PC5,PC,11:4,8291.6,3015.1,90.0,0.584,0.4352976,0.2,0.3544618,0.328,0.3791909,2026-09-18T16:07:57.773734
412,2,PC5,PC,11:4,8291.6,3015.1,135.0,0.584,0.4356466,0.16,0.3507403,0.32,0.3766747,2026-09-18T16:08:02.902020
413,2,PC5,PC,11:4,8291.6,3015.1,180.0,0.994,0.6776745,nan,nan,nan,nan,2026-09-18T16:08:08.244430
414,2,PC5,PC,11:4,8291.6,3015.1,225.0,nan,nan,nan,nan,nan,nan,2026-09-18T16:08:13.700453
415,2,PC5,PC,11:4,8291.6,3015.1,270.0,0.576,0.4356064,0.168,0.3512264,0.32,0.3767833,2026-09-18T16:08:18.744442
416,2,PC5,PC,11:4,8291.6,3015.1,315.0,nan,nan,nan,nan,nan,nan,2026-09-18T16:08:23.968358
417,2,CC5,CC,25:9,8333.3,3000.0,0.0,0.648,0.444729,0.68,0.428726,0.608,0.4214028,2026-09-18T16:08:29.369974
418,2,CC5,CC,25:9,8333.3,3000.0,45.0,0.576,0.435277,0.152,0.3508413,0.312,0.3766828,2026-09-18T16:08:34.598793
419,2,CC5,CC,25:9,8333.3,3000.0,90.0,0.576,0.4355201,0.168,0.3526425,0.32,0.3791583,2026-09-18T16:08:39.536887
420,2,CC5,CC,25:9,8333.3,3000.0,135.0,nan,nan,nan,nan,nan,nan,2026-09-18T16:08:44.620814
421,2,CC5,CC,25:9,8333.3,3000.0,180.0,0.648,0.4444596,0.688,0.4282477,0.608,0.4224934,2026-09-18T16:08:49.884967
422,2,CC5,CC,25:9,8333.3,3000.0,225.0,nan,nan,nan,nan,nan,nan,2026-09-18T16:08:55.008952
423,2,CC5,CC,25:9,8333.3,3000.0,270.0,0.648,0.4487412,0.68,0.4292192,0.608,0.4246724,2026-09-18T16:09:00.388040
424,2,CC5,CC,25:9,8333.3,3000.0,315.0,0.584,0.4354394,0.16,0.350591,0.32,0.37671,2026-09-18T16:09:05.898366
425,2,PC6,PC,13:4,9013.9,2773.5,0.0,0.648,0.4460266,0.68,0.4305509,0.608,0.4226274,2026-09-18T16:09:11.286274
426,2,PC6,PC,13:4,9013.9,2773.5,45.0,0.6,0.4386367,0.44,0.396907,0.448,0.4092438,2026-09-18T16:09:16.700128
427,2,PC6,PC,13:4,9013.9,2773.5,90.0,0.648,0.4460495,0.688,0.4306254,0.608,0.4225053,2026-09-18T16:09:22.081158
428,2,PC6,PC,13:4,9013.9,2773.5,135.0,0.576,0.4348706,0.152,0.3505912,0.312,0.3757656,2026-09-18T16:09:27.164517
429,2,PC6,PC,13:4,9013.9,2773.5,180.0,0.64,0.4462585,0.632,0.4458813,0.576,0.4337445,2026-09-18T16:09:32.379751
430,2,PC6,PC,13:4,9013.9,2773.5,225.0,0.648,0.4459999,0.68,0.4305495,0.608,0.4229623,2026-09-18T16:09:37.571441
431,2,PC6,PC,13:4,9013.9,2773.5,270.0,nan,nan,nan,nan,nan,nan,2026-09-18T16:09:42.798459
432,2,PC6,PC,13:4,9013.9,2773.5,315.0,0.6,0.4387169,0.456,0.3968433,0.448,0.409399,2026-09-18T16:09:47.774726
433,2,NC2,NC,9:6,6123.7,4082.5,0.0,1.002,0.6591917,nan,nan,nan,nan,2026-09-18T16:09:52.974628
434,2,NC2,NC,9:6,6123.7,4082.5,45.0,0.656,0.4428406,0.672,0.4418274,0.592,0.4131589,2026-09-18T16:09:58.303498
435,2,NC2,NC,9:6,6123.7,4082.5,90.0,0.624,0.4444402,0.552,0.4237438,0.528,0.4268573,2026-09-18T16:10:03.373904
436,2,NC2,NC,9:6,6123.7,4082.5,135.0,nan,nan,nan,nan,nan,nan,2026-09-18T16:10:08.619225
437,2,NC2,NC,9:6,6123.7,4082.5,180.0,0.648,0.4429395,0.656,0.4408679,0.592,0.4132112,2026-09-18T16:10:13.789705
438,2,NC2,NC,9:6,6123.7,4082.5,225.0,0.592,0.4373994,0.152,0.3507406,0.32,0.3791117,2026-09-18T16:10:18.885519
439,2,NC2,NC,9:6,6123.7,4082.5,270.0,0.592,0.4374137,0.16,0.3511726,0.32,0.3794087,2026-09-18T16:10:24.055765
440,2,NC2,NC,9:6,6123.7,4082.5,315.0,0.584,0.4372358,0.152,0.3509912,0.32,0.3794433,2026-09-18T16:10:29.185010
441,2,PP2,PP,5:3,6455.0,3873.0,0.0,nan,nan,nan,nan,nan,nan,2026-09-18T16:10:34.313298
442,2,PP2,PP,5:3,6455.0,3873.0,45.0,nan,nan,nan,nan,nan,nan,2026-09-18T16:10:39.632045
443,2,PP2,PP,5:3,6455.0,3873.0,90.0,0.656,0.444246,0.688,0.4414989,0.608,0.4194626,2026-09-18T16:10:44.585666
444,2,PP2,PP,5:3,6455.0,3873.0,135.0,0.664,0.4437244,0.68,0.4414085,0.608,0.4187194,2026-09-18T16:10:49.766125
445,2,PP2,PP,5:3,6455.0,3873.0,180.0,0.584,0.4024031,0.16,0.06506555,0.32,0.2316104,2026-09-18T16:10:54.882751
446,2,PP2,PP,5:3,6455.0,3873.0,225.0,0.584,0.4371454,0.152,0.3511517,0.32,0.3789622,2026-09-18T16:11:00.200416
447,2,PP2,PP,5:3,6455.0,3873.0,270.0,1.002,0.6522533,nan,nan,nan,nan,2026-09-18T16:11:05.188242
448,2,PP2,PP,5:3,6455.0,3873.0,315.0,nan,nan,nan,nan,nan,nan,2026-09-18T16:11:10.414165
449,2,NC3,NC,15:10,6123.7,4082.5,0.0,0.6,0.4416779,0.44,0.3961503,0.464,0.4103023,2026-09-18T16:11:15.706627
450,2,NC3,NC,15:10,6123.7,4082.5,45.0,nan,nan,nan,nan,nan,nan,2026-09-18T16:11:20.980318
451,2,NC3,NC,15:10,6123.7,4082.5,90.0,0.64,0.4451539,0.632,0.4448039,0.584,0.434169,2026-09-18T16:11:26.089367
452,2,NC3,NC,15:10,6123.7,4082.5,135.0,0.592,0.4375323,0.168,0.3523601,0.32,0.3794228,2026-09-18T16:11:31.491624
453,2,NC3,NC,15:10,6123.7,4082.5,180.0,nan,nan,nan,nan,nan,nan,2026-09-18T16:11:36.507452
454,2,NC3,NC,15:10,6123.7,4082.5,225.0,0.584,0.4374765,0.16,0.3507155,0.32,0.3790995,2026-09-18T16:11:41.772543
455,2,NC3,NC,15:10,6123.7,4082.5,270.0,nan,nan,nan,nan,nan,nan,2026-09-18T16:11:46.992561
456,2,NC3,NC,15:10,6123.7,4082.5,315.0,nan,nan,nan,nan,nan,nan,2026-09-18T16:11:52.012618
457,2,PC1,PC,5:4,5590.2,4472.1,0.0,0.672,0.4413699,0.688,0.443262,0.6,0.4142644,2026-09-18T16:11:57.267455
458,2,PC1,PC,5:4,5590.2,4472.1,45.0,0.592,0.4379824,0.152,0.3510761,0.32,0.3796654,2026-09-18T16:12:02.412612
459,2,PC1,PC,5:4,5590.2,4472.1,90.0,0.592,0.4377323,0.152,0.3508084,0.32,0.3796618,2026-09-18T16:12:07.815972
460,2,PC1,PC,5:4,5590.2,4472.1,135.0,0.592,0.4378549,0.16,0.3512656,0.32,0.379854,2026-09-18T16:12:13.109034
461,2,PC1,PC,5:4,5590.2,4472.1,180.0,0.584,0.4377225,0.152,0.3511518,0.32,0.3797627,2026-09-18T16:12:18.443767
462,2,PC1,PC,5:4,5590.2,4472.1,225.0,0.592,0.4378347,0.152,0.3511159,0.32,0.379819,2026-09-18T16:12:23.831956
463,2,PC1,PC,5:4,5590.2,4472.1,270.0,0.656,0.4414542,0.68,0.4433334,0.6,0.4152067,2026-09-18T16:12:29.242195
464,2,PC1,PC,5:4,5590.2,4472.1,315.0,0.592,0.4378377,0.168,0.3514125,0.32,0.379874,2026-09-18T16:12:34.313013
465,2,PP1,PP,3:2,6123.7,4082.5,0.0,0.584,0.4374131,0.152,0.3508037,0.32,0.3792374,2026-09-18T16:12:39.483237
466,2,PP1,PP,3:2,6123.7,4082.5,45.0,0.592,0.4375261,0.152,0.3511961,0.32,0.3795378,2026-09-18T16:12:44.691240
467,2,PP1,PP,3:2,6123.7,4082.5,90.0,nan,nan,nan,nan,nan,nan,2026-09-18T16:12:49.984500
468,2,PP1,PP,3:2,6123.7,4082.5,135.0,0.584,0.4375732,0.152,0.3507405,0.32,0.379267,2026-09-18T16:12:55.115688
469,2,PP1,PP,3:2,6123.7,4082.5,180.0,0.64,0.443139,0.672,0.4434211,0.576,0.420822,2026-09-18T16:13:00.277573
470,2,PP1,PP,3:2,6123.7,4082.5,225.0,nan,nan,nan,nan,nan,nan,2026-09-18T16:13:05.576835
471,2,PP1,PP,3:2,6123.7,4082.5,270.0,0.64,0.4453443,0.632,0.4449696,0.584,0.4342912,2026-09-18T16:13:10.517410
472,2,PP1,PP,3:2,6123.7,4082.5,315.0,0.648,0.4432449,0.672,0.4425507,0.592,0.4199304,2026-09-18T16:13:15.681462
473,2,PC2,PC,11:8,5863.0,4264.0,0.0,0.592,0.4376093,0.152,0.3511486,0.32,0.3798099,2026-09-18T16:13:20.705073
474,2,PC2,PC,11:8,5863.0,4264.0,45.0,nan,nan,nan,nan,nan,nan,2026-09-18T16:13:25.867567
475,2,PC2,PC,11:8,5863.0,4264.0,90.0,0.648,0.441288,0.656,0.432296,0.592,0.4045372,2026-09-18T16:13:30.775547
476,2,PC2,PC,11:8,5863.0,4264.0,135.0,0.584,0.4377988,0.208,0.3546912,0.336,0.3814933,2026-09-18T16:13:36.063325
477,2,PC2,PC,11:8,5863.0,4264.0,180.0,nan,nan,nan,nan,nan,nan,2026-09-18T16:13:41.159625
478,2,PC2,PC,11:8,5863.0,4264.0,225.0,0.592,0.4375347,0.16,0.3512962,0.32,0.3794532,2026-09-18T16:13:46.559727
479,2,PC2,PC,11:8,5863.0,4264.0,270.0,nan,nan,nan,nan,nan,nan,2026-09-18T16:13:51.536790
480,2,PC2,PC,11:8,5863.0,4264.0,315.0,nan,nan,nan,nan,nan,nan,2026-09-18T16:13:56.781835
481,3,CC8,CC,49:32,6187.2,4040.6,0.0,0.656,0.442864,0.68,0.4421027,0.608,0.4166873,2026-09-18T16:14:02.014432
482,3,CC8,CC,49:32,6187.2,4040.6,45.0,0.584,0.4023265,0.16,0.06504045,0.32,0.2317328,2026-09-18T16:14:07.172991
483,3,CC8,CC,49:32,6187.2,4040.6,90.0,nan,nan,nan,nan,nan,nan,2026-09-18T16:14:12.202912
484,3,CC8,CC,49:32,6187.2,4040.6,135.0,0.664,0.4434243,0.68,0.4421516,0.608,0.4165371,2026-09-18T16:14:17.387081
485,3,CC8,CC,49:32,6187.2,4040.6,180.0,nan,nan,nan,nan,nan,nan,2026-09-18T16:14:22.485135
486,3,CC8,CC,49:32,6187.2,4040.6,225.0,0.664,0.4434959,0.68,0.442144,0.608,0.4167648,2026-09-18T16:14:27.798356
487,3,CC8,CC,49:32,6187.2,4040.6,270.0,0.592,0.4373133,0.16,0.3508813,0.32,0.3792853,2026-09-18T16:14:33.199194
488,3,CC8,CC,49:32,6187.2,4040.6,315.0,0.664,0.4429959,0.688,0.4419239,0.608,0.4164198,2026-09-18T16:14:38.549443
489,3,PP4,PP,11:7,6267.8,3988.6,0.0,nan,nan,nan,nan,nan,nan,2026-09-18T16:14:43.572281
490,3,PP4,PP,11:7,6267.8,3988.6,45.0,0.648,0.4451493,0.632,0.4446187,0.584,0.4333957,2026-09-18T16:14:48.768866
491,3,PP4,PP,11:7,6267.8,3988.6,90.0,nan,nan,nan,nan,nan,nan,2026-09-18T16:14:53.895347
492,3,PP4,PP,11:7,6267.8,3988.6,135.0,0.584,0.437206,0.208,0.3545353,0.336,0.3810542,2026-09-18T16:14:58.918762
493,3,PP4,PP,11:7,6267.8,3988.6,180.0,0.584,0.4371461,0.16,0.3511115,0.32,0.37947,2026-09-18T16:15:04.039546
494,3,PP4,PP,11:7,6267.8,3988.6,225.0,0.592,0.4371607,0.2,0.3544229,0.336,0.3809446,2026-09-18T16:15:09.322607
495,3,PP4,PP,11:7,6267.8,3988.6,270.0,0.64,0.4434514,0.656,0.4417568,0.608,0.4170186,2026-09-18T16:15:14.481612
496,3,PP4,PP,11:7,6267.8,3988.6,315.0,1.002,0.6431045,nan,nan,nan,nan,2026-09-18T16:15:19.673709
497,3,NC3,NC,15:10,6123.7,4082.5,0.0,0.584,0.4374204,0.168,0.3512493,0.32,0.3792428,2026-09-18T16:15:24.763934
498,3,NC3,NC,15:10,6123.7,4082.5,45.0,0.592,0.4372872,0.168,0.3514161,0.32,0.3794441,2026-09-18T16:15:29.735027
499,3,NC3,NC,15:10,6123.7,4082.5,90.0,0.584,0.4370663,0.176,0.3523349,0.32,0.379435,2026-09-18T16:15:34.864842
500,3,NC3,NC,15:10,6123.7,4082.5,135.0,0.64,0.5910921,nan,nan,nan,nan,2026-09-18T16:15:40.178185
501,3,NC3,NC,15:10,6123.7,4082.5,180.0,1.002,0.6570579,nan,nan,nan,nan,2026-09-18T16:15:45.328894
502,3,NC3,NC,15:10,6123.7,4082.5,225.0,0.584,0.4371137,0.152,0.350384,0.32,0.3791492,2026-09-18T16:15:50.517176
503,3,NC3,NC,15:10,6123.7,4082.5,270.0,0.584,0.4374397,0.248,0.3594975,0.352,0.3866209,2026-09-18T16:15:55.829018
504,3,NC3,NC,15:10,6123.7,4082.5,315.0,0.6,0.4415781,0.448,0.396202,0.464,0.410399,2026-09-18T16:16:01.020471
505,3,CC4,CC,15:8,6846.5,3651.5,0.0,0.592,0.4365791,0.176,0.3522187,0.32,0.379408,2026-09-18T16:16:06.238414
506,3,CC4,CC,15:8,6846.5,3651.5,45.0,nan,nan,nan,nan,nan,nan,2026-09-18T16:16:11.366286
507,3,CC4,CC,15:8,6846.5,3651.5,90.0,nan,nan,nan,nan,nan,nan,2026-09-18T16:16:16.353931
508,3,CC4,CC,15:8,6846.5,3651.5,135.0,0.584,0.4368823,0.16,0.3506046,0.32,0.3786351,2026-09-18T16:16:21.607234
509,3,CC4,CC,15:8,6846.5,3651.5,180.0,0.6,0.4407716,0.448,0.3966843,0.464,0.4100236,2026-09-18T16:16:26.887810
510,3,CC4,CC,15:8,6846.5,3651.5,225.0,nan,nan,nan,nan,nan,nan,2026-09-18T16:16:32.026742
511,3,CC4,CC,15:8,6846.5,3651.5,270.0,0.656,0.4448033,0.68,0.4395125,0.608,0.4200175,2026-09-18T16:16:37.104182
512,3,CC4,CC,15:8,6846.5,3651.5,315.0,0.664,0.4449092,0.68,0.4400114,0.608,0.4207046,2026-09-18T16:16:42.299411
513,3,IR2,IR,φ:1,6360.1,3930.8,0.0,0.584,0.4023326,0.16,0.0649569,0.32,0.2316315,2026-09-18T16:16:47.585797
514,3,IR2,IR,φ:1,6360.1,3930.8,45.0,0.656,0.4436608,0.68,0.4427398,0.608,0.4175107,2026-09-18T16:16:52.979658
515,3,IR2,IR,φ:1,6360.1,3930.8,90.0,nan,nan,nan,nan,nan,nan,2026-09-18T16:16:58.377495
516,3,IR2,IR,φ:1,6360.1,3930.8,135.0,0.664,0.4438802,0.68,0.4415336,0.608,0.4177957,2026-09-18T16:17:03.744928
517,3,IR2,IR,φ:1,6360.1,3930.8,180.0,0.656,0.4439927,0.688,0.4413003,0.608,0.4176923,2026-09-18T16:17:09.095688
518,3,IR2,IR,φ:1,6360.1,3930.8,225.0,0.656,0.4441257,0.688,0.4416642,0.608,0.4176932,2026-09-18T16:17:14.496946
519,3,IR2,IR,φ:1,6360.1,3930.8,270.0,nan,nan,nan,nan,nan,nan,2026-09-18T16:17:19.891656
520,3,IR2,IR,φ:1,6360.1,3930.8,315.0,nan,nan,nan,nan,nan,nan,2026-09-18T16:17:24.953418
521,3,PC1,PC,5:4,5590.2,4472.1,0.0,1.002,0.6533805,nan,nan,nan,nan,2026-09-18T16:17:30.130308
522,3,PC1,PC,5:4,5590.2,4472.1,45.0,0.648,0.4415061,0.68,0.4429752,0.608,0.411688,2026-09-18T16:17:34.944480
523,3,PC1,PC,5:4,5590.2,4472.1,90.0,nan,nan,nan,nan,nan,nan,2026-09-18T16:17:40.086253
524,3,PC1,PC,5:4,5590.2,4472.1,135.0,0.592,0.4378051,0.184,0.3525177,0.32,0.3793752,2026-09-18T16:17:45.447098
525,3,PC1,PC,5:4,5590.2,4472.1,180.0,0.664,0.4410103,0.68,0.443347,0.6,0.4102309,2026-09-18T16:17:50.572309
526,3,PC1,PC,5:4,5590.2,4472.1,225.0,nan,nan,nan,nan,nan,nan,2026-09-18T16:17:55.770105
527,3,PC1,PC,5:4,5590.2,4472.1,270.0,0.592,0.4380198,0.168,0.3512075,0.32,0.3796436,2026-09-18T16:18:01.137221
528,3,PC1,PC,5:4,5590.2,4472.1,315.0,nan,nan,nan,nan,nan,nan,2026-09-18T16:18:06.314408
529,3,PP8,PP,11:3,9574.3,2611.2,0.0,nan,nan,nan,nan,nan,nan,2026-09-18T16:18:11.448250
530,3,PP8,PP,11:3,9574.3,2611.2,45.0,nan,nan,nan,nan,nan,nan,2026-09-18T16:18:16.620432
531,3,PP8,PP,11:3,9574.3,2611.2,90.0,nan,nan,nan,nan,nan,nan,2026-09-18T16:18:21.622088
532,3,PP8,PP,11:3,9574.3,2611.2,135.0,0.576,0.4344663,0.168,0.3522908,0.32,0.3773504,2026-09-18T16:18:26.821557
533,3,PP8,PP,11:3,9574.3,2611.2,180.0,0.648,0.4456349,0.688,0.4290415,0.608,0.4223861,2026-09-18T16:18:32.073558
534,3,PP8,PP,11:3,9574.3,2611.2,225.0,0.994,0.6742176,nan,nan,nan,nan,2026-09-18T16:18:37.289563
535,3,PP8,PP,11:3,9574.3,2611.2,270.0,nan,nan,nan,nan,nan,nan,2026-09-18T16:18:42.422167
536,3,PP8,PP,11:3,9574.3,2611.2,315.0,nan,nan,nan,nan,nan,nan,2026-09-18T16:18:47.381481
537,3,PC2,PC,11:8,5863.0,4264.0,0.0,0.656,0.442063,0.68,0.4420161,0.608,0.4135001,2026-09-18T16:18:52.464867
538,3,PC2,PC,11:8,5863.0,4264.0,45.0,0.592,0.4377204,0.152,0.3507599,0.32,0.3793357,2026-09-18T16:18:57.813891
539,3,PC2,PC,11:8,5863.0,4264.0,90.0,nan,nan,nan,nan,nan,nan,2026-09-18T16:19:02.835390
540,3,PC2,PC,11:8,5863.0,4264.0,135.0,0.664,0.4425153,0.68,0.4438935,0.608,0.4138387,2026-09-18T16:19:08.036060
541,3,PC2,PC,11:8,5863.0,4264.0,180.0,nan,nan,nan,nan,nan,nan,2026-09-18T16:19:13.217974
542,3,PC2,PC,11:8,5863.0,4264.0,225.0,nan,nan,nan,nan,nan,nan,2026-09-18T16:19:18.360933
543,3,PC2,PC,11:8,5863.0,4264.0,270.0,nan,nan,nan,nan,nan,nan,2026-09-18T16:19:23.481249
544,3,PC2,PC,11:8,5863.0,4264.0,315.0,0.664,0.4416911,0.688,0.4419271,0.608,0.413803,2026-09-18T16:19:28.900446
545,3,PP1,PP,3:2,6123.7,4082.5,0.0,0.624,0.4444185,0.552,0.4237679,0.528,0.4269276,2026-09-18T16:19:34.289164
546,3,PP1,PP,3:2,6123.7,4082.5,45.0,0.648,0.4431704,0.672,0.4431606,0.592,0.4193299,2026-09-18T16:19:39.320163
547,3,PP1,PP,3:2,6123.7,4082.5,90.0,nan,nan,nan,nan,nan,nan,2026-09-18T16:19:44.430281
548,3,PP1,PP,3:2,6123.7,4082.5,135.0,0.584,0.4372877,0.16,0.3506648,0.32,0.3790924,2026-09-18T16:19:49.625977
549,3,PP1,PP,3:2,6123.7,4082.5,180.0,0.584,0.4023762,0.16,0.06495237,0.32,0.2316755,2026-09-18T16:19:54.843339
550,3,PP1,PP,3:2,6123.7,4082.5,225.0,0.648,0.4431574,0.6720001,0.4410425,0.592,0.4134413,2026-09-18T16:20:00.127148
551,3,PP1,PP,3:2,6123.7,4082.5,270.0,0.584,0.4373878,0.152,0.3507786,0.32,0.3790949,2026-09-18T16:20:05.334548
552,3,PP1,PP,3:2,6123.7,4082.5,315.0,nan,nan,nan,nan,nan,nan,2026-09-18T16:20:10.510923
553,3,PP6,PP,7:3,7637.6,3273.3,0.0,0.648,0.4457873,0.688,0.4366589,0.608,0.4234088,2026-09-18T16:20:15.986521
554,3,PP6,PP,7:3,7637.6,3273.3,45.0,nan,nan,nan,nan,nan,nan,2026-09-18T16:20:21.081971
555,3,PP6,PP,7:3,7637.6,3273.3,90.0,nan,nan,nan,nan,nan,nan,2026-09-18T16:20:26.120895
556,3,PP6,PP,7:3,7637.6,3273.3,135.0,nan,nan,nan,nan,nan,nan,2026-09-18T16:20:31.325832
557,3,PP6,PP,7:3,7637.6,3273.3,180.0,nan,nan,nan,nan,nan,nan,2026-09-18T16:20:36.511552
558,3,PP6,PP,7:3,7637.6,3273.3,225.0,0.648,0.445536,0.688,0.4363286,0.608,0.4227384,2026-09-18T16:20:41.872981
559,3,PP6,PP,7:3,7637.6,3273.3,270.0,0.648,0.4459327,0.672,0.4360172,0.608,0.4222864,2026-09-18T16:20:46.936114
560,3,PP6,PP,7:3,7637.6,3273.3,315.0,0.584,0.4361352,0.168,0.3523853,0.32,0.379414,2026-09-18T16:20:52.070890
561,3,PP5,PP,13:11,5435.6,4599.3,0.0,nan,nan,nan,nan,nan,nan,2026-09-18T16:20:57.363065
562,3,PP5,PP,13:11,5435.6,4599.3,45.0,0.656,0.4406199,0.688,0.4428064,0.608,0.4093811,2026-09-18T16:21:02.780080
563,3,PP5,PP,13:11,5435.6,4599.3,90.0,nan,nan,nan,nan,nan,nan,2026-09-18T16:21:08.148797
564,3,PP5,PP,13:11,5435.6,4599.3,135.0,nan,nan,nan,nan,nan,nan,2026-09-18T16:21:13.275038
565,3,PP5,PP,13:11,5435.6,4599.3,180.0,0.664,0.4409436,0.68,0.4432189,0.608,0.4099919,2026-09-18T16:21:18.372737
566,3,PP5,PP,13:11,5435.6,4599.3,225.0,0.664,0.4409691,0.68,0.4428355,0.608,0.4097647,2026-09-18T16:21:23.734294
567,3,PP5,PP,13:11,5435.6,4599.3,270.0,0.592,0.4379866,0.16,0.3512159,0.32,0.379799,2026-09-18T16:21:29.124245
568,3,PP5,PP,13:11,5435.6,4599.3,315.0,nan,nan,nan,nan,nan,nan,2026-09-18T16:21:34.107753
569,3,CC7,CC,36:25,6000.0,4166.7,0.0,0.584,0.4376842,0.176,0.3523675,0.32,0.3794753,2026-09-18T16:21:39.281342
570,3,CC7,CC,36:25,6000.0,4166.7,45.0,0.584,0.4376363,0.184,0.3522557,0.32,0.3793008,2026-09-18T16:21:44.665391
571,3,CC7,CC,36:25,6000.0,4166.7,90.0,nan,nan,nan,nan,nan,nan,2026-09-18T16:21:49.847057
572,3,CC7,CC,36:25,6000.0,4166.7,135.0,nan,nan,nan,nan,nan,nan,2026-09-18T16:21:55.054923
573,3,CC7,CC,36:25,6000.0,4166.7,180.0,0.592,0.437516,0.208,0.3547142,0.336,0.381082,2026-09-18T16:22:00.224593
574,3,CC7,CC,36:25,6000.0,4166.7,225.0,nan,nan,nan,nan,nan,nan,2026-09-18T16:22:05.529560
575,3,CC7,CC,36:25,6000.0,4166.7,270.0,0.592,0.4374729,0.16,0.3510361,0.32,0.3794135,2026-09-18T16:22:10.786961
576,3,CC7,CC,36:25,6000.0,4166.7,315.0,0.592,0.4375605,0.16,0.3512062,0.32,0.3793697,2026-09-18T16:22:15.985847
577,3,PC3,PC,13:9,6009.3,4160.3,0.0,0.608,0.4415736,0.448,0.3963005,0.472,0.4104113,2026-09-18T16:22:21.201796
578,3,PC3,PC,13:9,6009.3,4160.3,45.0,0.632,0.4444085,0.552,0.4237041,0.528,0.4263098,2026-09-18T16:22:26.346794
579,3,PC3,PC,13:9,6009.3,4160.3,90.0,nan,nan,nan,nan,nan,nan,2026-09-18T16:22:31.491785
580,3,PC3,PC,13:9,6009.3,4160.3,135.0,0.584,0.4374274,0.16,0.3511705,0.32,0.3792535,2026-09-18T16:22:36.717528
581,3,PC3,PC,13:9,6009.3,4160.3,180.0,nan,nan,nan,nan,nan,nan,2026-09-18T16:22:41.941095
582,3,PC3,PC,13:9,6009.3,4160.3,225.0,0.584,0.4372935,0.152,0.3507171,0.32,0.3792168,2026-09-18T16:22:47.304983
583,3,PC3,PC,13:9,6009.3,4160.3,270.0,0.936,0.6656397,nan,nan,nan,nan,2026-09-18T16:22:52.658047
584,3,PC3,PC,13:9,6009.3,4160.3,315.0,nan,nan,nan,nan,nan,nan,2026-09-18T16:22:57.775163
585,3,CC2,CC,25:16,6250.0,4000.0,0.0,nan,nan,nan,nan,nan,nan,2026-09-18T16:23:03.119963
586,3,CC2,CC,25:16,6250.0,4000.0,45.0,nan,nan,nan,nan,nan,nan,2026-09-18T16:23:08.387241
587,3,CC2,CC,25:16,6250.0,4000.0,90.0,nan,nan,nan,nan,nan,nan,2026-09-18T16:23:13.564181
588,3,CC2,CC,25:16,6250.0,4000.0,135.0,nan,nan,nan,nan,nan,nan,2026-09-18T16:23:18.857547
589,3,CC2,CC,25:16,6250.0,4000.0,180.0,nan,nan,nan,nan,nan,nan,2026-09-18T16:23:24.043950
590,3,CC2,CC,25:16,6250.0,4000.0,225.0,nan,nan,nan,nan,nan,nan,2026-09-18T16:23:29.200087
591,3,CC2,CC,25:16,6250.0,4000.0,270.0,nan,nan,nan,nan,nan,nan,2026-09-18T16:23:34.246458
592,3,CC2,CC,25:16,6250.0,4000.0,315.0,nan,nan,nan,nan,nan,nan,2026-09-18T16:23:39.407055
593,3,CC6,CC,49:25,7000.0,3571.4,0.0,0.632,0.4434579,0.552,0.4243948,0.528,0.426106,2026-09-18T16:23:44.323167
594,3,CC6,CC,49:25,7000.0,3571.4,45.0,0.664,0.444595,0.688,0.4387392,0.608,0.4204487,2026-09-18T16:23:49.660438
595,3,CC6,CC,49:25,7000.0,3571.4,90.0,nan,nan,nan,nan,nan,nan,2026-09-18T16:23:54.766547
596,3,CC6,CC,49:25,7000.0,3571.4,135.0,0.584,0.4365741,0.152,0.3510637,0.32,0.3788988,2026-09-18T16:23:59.843028
597,3,CC6,CC,49:25,7000.0,3571.4,180.0,nan,nan,nan,nan,nan,nan,2026-09-18T16:24:05.217073
598,3,CC6,CC,49:25,7000.0,3571.4,225.0,nan,nan,nan,nan,nan,nan,2026-09-18T16:24:10.332739
599,3,CC6,CC,49:25,7000.0,3571.4,270.0,0.584,0.436482,0.216,0.3544689,0.328,0.3801006,2026-09-18T16:24:15.557460
600,3,CC6,CC,49:25,7000.0,3571.4,315.0,0.664,0.444675,0.68,0.4392403,0.608,0.4203185,2026-09-18T16:24:20.740476
601,3,CC9,CC,27:16,6495.2,3849.0,0.0,0.584,0.4370747,0.2,0.3544042,0.336,0.3807703,2026-09-18T16:24:25.801623
602,3,CC9,CC,27:16,6495.2,3849.0,45.0,nan,nan,nan,nan,nan,nan,2026-09-18T16:24:31.175361
603,3,CC9,CC,27:16,6495.2,3849.0,90.0,0.584,0.4369271,0.152,0.3510732,0.32,0.3792137,2026-09-18T16:24:36.250405
604,3,CC9,CC,27:16,6495.2,3849.0,135.0,0.584,0.4368532,0.152,0.3507833,0.32,0.3788052,2026-09-18T16:24:41.484879
605,3,CC9,CC,27:16,6495.2,3849.0,180.0,0.648,0.4440639,0.68,0.4409601,0.608,0.4185259,2026-09-18T16:24:46.674402
606,3,CC9,CC,27:16,6495.2,3849.0,225.0,0.592,0.436829,0.248,0.3595767,0.352,0.3864721,2026-09-18T16:24:52.064683
607,3,CC9,CC,27:16,6495.2,3849.0,270.0,nan,nan,nan,nan,nan,nan,2026-09-18T16:24:57.493572
608,3,CC9,CC,27:16,6495.2,3849.0,315.0,nan,nan,nan,nan,nan,nan,2026-09-18T16:25:02.467487
609,3,PC5,PC,11:4,8291.6,3015.1,0.0,0.584,0.4001008,0.16,0.06134284,0.32,0.2266193,2026-09-18T16:25:07.656499
610,3,PC5,PC,11:4,8291.6,3015.1,45.0,0.648,0.4465051,0.68,0.4338587,0.608,0.423567,2026-09-18T16:25:12.891893
611,3,PC5,PC,11:4,8291.6,3015.1,90.0,nan,nan,nan,nan,nan,nan,2026-09-18T16:25:18.133127
612,3,PC5,PC,11:4,8291.6,3015.1,135.0,0.584,0.4354846,0.248,0.3595542,0.352,0.3850358,2026-09-18T16:25:23.238994
613,3,PC5,PC,11:4,8291.6,3015.1,180.0,0.648,0.4457175,0.68,0.4325792,0.608,0.4224652,2026-09-18T16:25:28.459466
614,3,PC5,PC,11:4,8291.6,3015.1,225.0,nan,nan,nan,nan,nan,nan,2026-09-18T16:25:33.608337
615,3,PC5,PC,11:4,8291.6,3015.1,270.0,nan,nan,nan,nan,nan,nan,2026-09-18T16:25:38.748716
616,3,PC5,PC,11:4,8291.6,3015.1,315.0,0.648,0.4462071,0.68,0.4337695,0.608,0.4232818,2026-09-18T16:25:43.665801
617,3,PP2,PP,5:3,6455.0,3873.0,0.0,0.584,0.4372343,0.16,0.3510675,0.32,0.3792339,2026-09-18T16:25:48.654544
618,3,PP2,PP,5:3,6455.0,3873.0,45.0,nan,nan,nan,nan,nan,nan,2026-09-18T16:25:53.862415
619,3,PP2,PP,5:3,6455.0,3873.0,90.0,0.584,0.4369259,0.152,0.3510604,0.32,0.3793801,2026-09-18T16:25:59.113861
620,3,PP2,PP,5:3,6455.0,3873.0,135.0,nan,nan,nan,nan,nan,nan,2026-09-18T16:26:04.261021
621,3,PP2,PP,5:3,6455.0,3873.0,180.0,0.632,0.4445271,0.56,0.4243457,0.528,0.4273134,2026-09-18T16:26:09.608249
622,3,PP2,PP,5:3,6455.0,3873.0,225.0,nan,nan,nan,nan,nan,nan,2026-09-18T16:26:14.636829
623,3,PP2,PP,5:3,6455.0,3873.0,270.0,nan,nan,nan,nan,nan,nan,2026-09-18T16:26:19.838061
624,3,PP2,PP,5:3,6455.0,3873.0,315.0,0.664,0.4435867,0.688,0.4418378,0.608,0.4181029,2026-09-18T16:26:25.233173
625,3,PC6,PC,13:4,9013.9,2773.5,0.0,0.584,0.434712,0.248,0.359419,0.352,0.3838063,2026-09-18T16:26:30.591138
626,3,PC6,PC,13:4,9013.9,2773.5,45.0,0.576,0.4347595,0.152,0.3507782,0.312,0.3758295,2026-09-18T16:26:35.993215
627,3,PC6,PC,13:4,9013.9,2773.5,90.0,nan,nan,nan,nan,nan,nan,2026-09-18T16:26:41.112694
628,3,PC6,PC,13:4,9013.9,2773.5,135.0,0.648,0.4461863,0.68,0.4294491,0.608,0.4230727,2026-09-18T16:26:46.343481
629,3,PC6,PC,13:4,9013.9,2773.5,180.0,0.648,0.4458885,0.68,0.4310512,0.608,0.4227359,2026-09-18T16:26:51.468316
630,3,PC6,PC,13:4,9013.9,2773.5,225.0,0.994,0.644886,nan,nan,nan,nan,2026-09-18T16:26:56.873350
631,3,PC6,PC,13:4,9013.9,2773.5,270.0,0.584,0.4346014,0.152,0.3502686,0.312,0.3757793,2026-09-18T16:27:02.274030
632,3,PC6,PC,13:4,9013.9,2773.5,315.0,nan,nan,nan,nan,nan,nan,2026-09-18T16:27:07.269571
633,3,PP7,PP,5:2,7905.7,3162.3,0.0,0.584,0.4359156,0.152,0.3511963,0.32,0.3775292,2026-09-18T16:27:12.593633
634,3,PP7,PP,5:2,7905.7,3162.3,45.0,0.584,0.4359601,0.208,0.3546974,0.328,0.3792396,2026-09-18T16:27:17.805695
635,3,PP7,PP,5:2,7905.7,3162.3,90.0,0.6,0.4397955,0.44,0.3969795,0.456,0.4097446,2026-09-18T16:27:23.212501
636,3,PP7,PP,5:2,7905.7,3162.3,135.0,0.576,0.4360088,0.16,0.3509107,0.32,0.3774099,2026-09-18T16:27:28.622504
637,3,PP7,PP,5:2,7905.7,3162.3,180.0,nan,nan,nan,nan,nan,nan,2026-09-18T16:27:33.735418
638,3,PP7,PP,5:2,7905.7,3162.3,225.0,nan,nan,nan,nan,nan,nan,2026-09-18T16:27:38.978743
639,3,PP7,PP,5:2,7905.7,3162.3,270.0,0.64,0.4457306,0.6720001,0.4333927,0.592,0.421944,2026-09-18T16:27:44.108644
640,3,PP7,PP,5:2,7905.7,3162.3,315.0,0.584,0.435921,0.16,0.3507226,0.32,0.3770921,2026-09-18T16:27:49.327638
641,3,CC5,CC,25:9,8333.3,3000.0,0.0,nan,nan,nan,nan,nan,nan,2026-09-18T16:27:54.537315
642,3,CC5,CC,25:9,8333.3,3000.0,45.0,0.576,0.4353605,0.152,0.3506894,0.32,0.3765206,2026-09-18T16:27:59.548384
643,3,CC5,CC,25:9,8333.3,3000.0,90.0,0.6,0.439181,0.44,0.3970252,0.456,0.4089709,2026-09-18T16:28:04.623798
644,3,CC5,CC,25:9,8333.3,3000.0,135.0,nan,nan,nan,nan,nan,nan,2026-09-18T16:28:09.798062
645,3,CC5,CC,25:9,8333.3,3000.0,180.0,0.624,0.4429382,0.56,0.4272651,0.528,0.4269878,2026-09-18T16:28:15.108969
646,3,CC5,CC,25:9,8333.3,3000.0,225.0,nan,nan,nan,nan,nan,nan,2026-09-18T16:28:20.549633
647,3,CC5,CC,25:9,8333.3,3000.0,270.0,nan,nan,nan,nan,nan,nan,2026-09-18T16:28:25.648093
648,3,CC5,CC,25:9,8333.3,3000.0,315.0,0.576,0.435361,0.192,0.3533891,0.32,0.3791692,2026-09-18T16:28:30.791326
649,3,NC2,NC,9:6,6123.7,4082.5,0.0,0.592,0.437539,0.168,0.3513511,0.32,0.3792528,2026-09-18T16:28:35.997707
650,3,NC2,NC,9:6,6123.7,4082.5,45.0,0.648,0.4429998,0.68,0.4427046,0.608,0.4157039,2026-09-18T16:28:41.173307
651,3,NC2,NC,9:6,6123.7,4082.5,90.0,0.592,0.4374055,0.152,0.3511244,0.32,0.3795223,2026-09-18T16:28:46.380302
652,3,NC2,NC,9:6,6123.7,4082.5,135.0,nan,nan,nan,nan,nan,nan,2026-09-18T16:28:51.610037
653,3,NC2,NC,9:6,6123.7,4082.5,180.0,0.584,0.4024348,0.152,0.06490745,0.32,0.2316192,2026-09-18T16:28:56.848203
654,3,NC2,NC,9:6,6123.7,4082.5,225.0,0.592,0.4374242,0.208,0.3544657,0.336,0.3808727,2026-09-18T16:29:01.898237
655,3,NC2,NC,9:6,6123.7,4082.5,270.0,nan,nan,nan,nan,nan,nan,2026-09-18T16:29:06.872241
656,3,NC2,NC,9:6,6123.7,4082.5,315.0,0.624,0.4443146,0.56,0.423918,0.528,0.4267831,2026-09-18T16:29:11.936270
657,3,IR1,IR,√2:1,5946.0,4204.5,0.0,nan,nan,nan,nan,nan,nan,2026-09-18T16:29:16.854458
658,3,IR1,IR,√2:1,5946.0,4204.5,45.0,0.664,0.4424002,0.68,0.4426076,0.608,0.4144855,2026-09-18T16:29:22.070133
659,3,IR1,IR,√2:1,5946.0,4204.5,90.0,0.664,0.4424654,0.68,0.442656,0.608,0.414631,2026-09-18T16:29:27.342499
660,3,IR1,IR,√2:1,5946.0,4204.5,135.0,0.656,0.4423122,0.68,0.4425052,0.608,0.4144696,2026-09-18T16:29:32.681811
661,3,IR1,IR,√2:1,5946.0,4204.5,180.0,nan,nan,nan,nan,nan,nan,2026-09-18T16:29:37.694731
662,3,IR1,IR,√2:1,5946.0,4204.5,225.0,nan,nan,nan,nan,nan,nan,2026-09-18T16:29:42.970105
663,3,IR1,IR,√2:1,5946.0,4204.5,270.0,0.664,0.4424742,0.68,0.4426206,0.608,0.4142147,2026-09-18T16:29:48.132313
664,3,IR1,IR,√2:1,5946.0,4204.5,315.0,nan,nan,nan,nan,nan,nan,2026-09-18T16:29:53.414757
665,3,PP3,PP,7:5,5916.1,4225.8,0.0,nan,nan,nan,nan,nan,nan,2026-09-18T16:29:58.711601
666,3,PP3,PP,7:5,5916.1,4225.8,45.0,0.592,0.4375374,0.16,0.3506026,0.32,0.3790844,2026-09-18T16:30:04.063678
667,3,PP3,PP,7:5,5916.1,4225.8,90.0,nan,nan,nan,nan,nan,nan,2026-09-18T16:30:09.028721
668,3,PP3,PP,7:5,5916.1,4225.8,135.0,nan,nan,nan,nan,nan,nan,2026-09-18T16:30:14.203406
669,3,PP3,PP,7:5,5916.1,4225.8,180.0,0.664,0.4422524,0.688,0.4426481,0.608,0.4143616,2026-09-18T16:30:19.292278
670,3,PP3,PP,7:5,5916.1,4225.8,225.0,nan,nan,nan,nan,nan,nan,2026-09-18T16:30:24.260537
671,3,PP3,PP,7:5,5916.1,4225.8,270.0,0.592,0.4384275,0.328,0.3717555,0.4,0.3956729,2026-09-18T16:30:29.553911
672,3,PP3,PP,7:5,5916.1,4225.8,315.0,nan,nan,nan,nan,nan,nan,2026-09-18T16:30:34.722910
673,3,CC1,CC,9:8,5303.3,4714.0,0.0,0.672,0.4399353,0.688,0.4429211,0.608,0.4089038,2026-09-18T16:30:39.995168
674,3,CC1,CC,9:8,5303.3,4714.0,45.0,nan,nan,nan,nan,nan,nan,2026-09-18T16:30:45.324453
675,3,CC1,CC,9:8,5303.3,4714.0,90.0,0.656,0.4405047,0.68,0.4429428,0.608,0.4093048,2026-09-18T16:30:50.780103
676,3,CC1,CC,9:8,5303.3,4714.0,135.0,0.648,0.4448569,0.624,0.4443069,0.584,0.4338807,2026-09-18T16:30:56.178100
677,3,CC1,CC,9:8,5303.3,4714.0,180.0,0.664,0.4403068,0.68,0.4430605,0.608,0.4095706,2026-09-18T16:31:01.571173
678,3,CC1,CC,9:8,5303.3,4714.0,225.0,0.592,0.4030484,0.152,0.06486581,0.32,0.2318977,2026-09-18T16:31:06.971168
679,3,CC1,CC,9:8,5303.3,4714.0,270.0,nan,nan,nan,nan,nan,nan,2026-09-18T16:31:12.006161
680,3,CC1,CC,9:8,5303.3,4714.0,315.0,nan,nan,nan,nan,nan,nan,2026-09-18T16:31:17.154466
681,3,IR4,IR,π/2:1,6266.6,3989.4,0.0,0.584,0.4372837,0.152,0.351133,0.32,0.3793623,2026-09-18T16:31:22.425249
682,3,IR4,IR,π/2:1,6266.6,3989.4,45.0,0.656,0.4432321,0.68,0.4420117,0.608,0.4167398,2026-09-18T16:31:27.876354
683,3,IR4,IR,π/2:1,6266.6,3989.4,90.0,0.584,0.4023166,0.16,0.06490374,0.32,0.2316228,2026-09-18T16:31:32.848346
684,3,IR4,IR,π/2:1,6266.6,3989.4,135.0,0.656,0.4434272,0.68,0.4423006,0.608,0.4169939,2026-09-18T16:31:38.059905
685,3,IR4,IR,π/2:1,6266.6,3989.4,180.0,nan,nan,nan,nan,nan,nan,2026-09-18T16:31:43.256306
686,3,IR4,IR,π/2:1,6266.6,3989.4,225.0,nan,nan,nan,nan,nan,nan,2026-09-18T16:31:48.412266
687,3,IR4,IR,π/2:1,6266.6,3989.4,270.0,0.608,0.4413848,0.44,0.3962064,0.464,0.4104568,2026-09-18T16:31:53.854515
688,3,IR4,IR,π/2:1,6266.6,3989.4,315.0,nan,nan,nan,nan,nan,nan,2026-09-18T16:31:58.824163
689,3,CC3,CC,9:4,7500.0,3333.3,0.0,0.592,0.4361423,0.16,0.3509679,0.32,0.377839,2026-09-18T16:32:03.971500
690,3,CC3,CC,9:4,7500.0,3333.3,45.0,nan,nan,nan,nan,nan,nan,2026-09-18T16:32:08.987648
691,3,CC3,CC,9:4,7500.0,3333.3,90.0,nan,nan,nan,nan,nan,nan,2026-09-18T16:32:14.252546
692,3,CC3,CC,9:4,7500.0,3333.3,135.0,0.64,0.4409695,0.656,0.4091884,0.5840001,0.4058877,2026-09-18T16:32:19.564928
693,3,CC3,CC,9:4,7500.0,3333.3,180.0,0.648,0.451505,0.68,0.4480824,0.608,0.4310731,2026-09-18T16:32:24.531040
694,3,CC3,CC,9:4,7500.0,3333.3,225.0,0.648,0.4442594,0.68,0.4421969,0.608,0.4164144,2026-09-18T16:32:29.660895
695,3,CC3,CC,9:4,7500.0,3333.3,270.0,0.664,0.4440916,0.68,0.4490895,0.608,0.4178996,2026-09-18T16:32:34.740705
696,3,CC3,CC,9:4,7500.0,3333.3,315.0,nan,nan,nan,nan,nan,nan,2026-09-18T16:32:39.913429
697,3,PC4,PC,7:4,6614.4,3779.6,0.0,0.584,0.4021489,0.152,0.06484724,0.32,0.2314527,2026-09-18T16:32:44.965967
698,3,PC4,PC,7:4,6614.4,3779.6,45.0,nan,0.4445581,0.68,0.4408022,0.608,0.4188011,2026-09-18T16:32:50.387122
699,3,PC4,PC,7:4,6614.4,3779.6,90.0,0.584,0.4369771,0.152,0.3507379,0.32,0.3787832,2026-09-18T16:32:55.694952
700,3,PC4,PC,7:4,6614.4,3779.6,135.0,nan,nan,nan,nan,nan,nan,2026-09-18T16:33:00.766948
701,3,PC4,PC,7:4,6614.4,3779.6,180.0,0.584,0.4369373,0.152,0.3506568,0.32,0.3790749,2026-09-18T16:33:05.976082
702,3,PC4,PC,7:4,6614.4,3779.6,225.0,0.584,0.4369354,0.168,0.3510643,0.32,0.3792684,2026-09-18T16:33:11.206960
703,3,PC4,PC,7:4,6614.4,3779.6,270.0,0.648,0.444286,0.68,0.4406196,0.608,0.4190075,2026-09-18T16:33:16.513500
704,3,PC4,PC,7:4,6614.4,3779.6,315.0,0.664,0.4442561,0.68,0.4404172,0.608,0.4186523,2026-09-18T16:33:21.699146
705,3,NC1,NC,4:2,7071.1,3535.5,0.0,0.64,0.4435729,0.632,0.4442483,0.592,0.4293678,2026-09-18T16:33:26.856935
706,3,NC1,NC,4:2,7071.1,3535.5,45.0,nan,nan,nan,nan,nan,nan,2026-09-18T16:33:32.047345
707,3,NC1,NC,4:2,7071.1,3535.5,90.0,nan,nan,nan,nan,nan,nan,2026-09-18T16:33:37.229199
708,3,NC1,NC,4:2,7071.1,3535.5,135.0,0.584,0.4366262,0.152,0.3511526,0.32,0.378801,2026-09-18T16:33:42.358018
709,3,NC1,NC,4:2,7071.1,3535.5,180.0,0.584,0.4017517,0.152,0.06475268,0.32,0.2312418,2026-09-18T16:33:47.642334
710,3,NC1,NC,4:2,7071.1,3535.5,225.0,nan,nan,nan,nan,nan,nan,2026-09-18T16:33:53.144505
711,3,NC1,NC,4:2,7071.1,3535.5,270.0,0.624,0.4428196,0.56,0.4243717,0.528,0.4254597,2026-09-18T16:33:58.390794
712,3,NC1,NC,4:2,7071.1,3535.5,315.0,0.592,0.4366674,0.16,0.3508966,0.32,0.378329,2026-09-18T16:34:03.750841
713,3,IR3,IR,e/2:1,5829.1,4288.8,0.0,0.656,0.4419779,0.68,0.4431078,0.608,0.4132924,2026-09-18T16:34:09.225429
714,3,IR3,IR,e/2:1,5829.1,4288.8,45.0,nan,nan,nan,nan,nan,nan,2026-09-18T16:34:14.294545
715,3,IR3,IR,e/2:1,5829.1,4288.8,90.0,0.592,0.4376697,0.152,0.3506444,0.32,0.3791807,2026-09-18T16:34:19.509519
716,3,IR3,IR,e/2:1,5829.1,4288.8,135.0,0.592,0.4026666,0.168,0.06493217,0.32,0.2318155,2026-09-18T16:34:24.758747
717,3,IR3,IR,e/2:1,5829.1,4288.8,180.0,nan,nan,nan,nan,nan,nan,2026-09-18T16:34:29.834896
718,3,IR3,IR,e/2:1,5829.1,4288.8,225.0,0.6,0.4418062,0.44,0.3965176,0.48,0.4108273,2026-09-18T16:34:35.016849
719,3,IR3,IR,e/2:1,5829.1,4288.8,270.0,0.664,0.4418984,0.68,0.4426333,0.608,0.4136335,2026-09-18T16:34:40.236924
720,3,IR3,IR,e/2:1,5829.1,4288.8,315.0,nan,nan,nan,nan,nan,nan,2026-09-18T16:34:45.179853
721,4,IR3,IR,e/2:1,5829.1,4288.8,0.0,nan,nan,nan,nan,nan,nan,2026-09-18T16:34:50.377739
722,4,IR3,IR,e/2:1,5829.1,4288.8,45.0,0.656,0.442048,0.68,0.4433167,0.608,0.4135821,2026-09-18T16:34:55.699850
723,4,IR3,IR,e/2:1,5829.1,4288.8,90.0,nan,nan,nan,nan,nan,nan,2026-09-18T16:35:00.942858
724,4,IR3,IR,e/2:1,5829.1,4288.8,135.0,nan,nan,nan,nan,nan,nan,2026-09-18T16:35:06.009299
725,4,IR3,IR,e/2:1,5829.1,4288.8,180.0,0.584,0.4020527,0.152,0.06149574,0.32,0.2291697,2026-09-18T16:35:11.226938
726,4,IR3,IR,e/2:1,5829.1,4288.8,225.0,0.6,0.4373142,0.168,0.351582,0.32,0.3795576,2026-09-18T16:35:16.556937
727,4,IR3,IR,e/2:1,5829.1,4288.8,270.0,nan,nan,nan,nan,nan,nan,2026-09-18T16:35:21.495962
728,4,IR3,IR,e/2:1,5829.1,4288.8,315.0,0.5840001,0.40929,0.168,0.1140012,0.32,0.2571485,2026-09-18T16:35:26.700454
729,4,PP3,PP,7:5,5916.1,4225.8,0.0,0.584,0.4374048,0.152,0.3507435,0.32,0.3793789,2026-09-18T16:35:31.933605
730,4,PP3,PP,7:5,5916.1,4225.8,45.0,0.584,0.4375238,0.16,0.3507938,0.32,0.3792554,2026-09-18T16:35:37.145116
731,4,PP3,PP,7:5,5916.1,4225.8,90.0,0.592,0.4374159,0.16,0.3511954,0.32,0.379356,2026-09-18T16:35:42.599109
732,4,PP3,PP,7:5,5916.1,4225.8,135.0,1.002,0.6537786,nan,nan,nan,nan,2026-09-18T16:35:48.025260
733,4,PP3,PP,7:5,5916.1,4225.8,180.0,0.584,0.4024745,0.16,0.06487075,0.32,0.2317083,2026-09-18T16:35:53.438179
734,4,PP3,PP,7:5,5916.1,4225.8,225.0,nan,nan,nan,nan,nan,nan,2026-09-18T16:35:58.549204
735,4,PP3,PP,7:5,5916.1,4225.8,270.0,0.608,0.4414846,0.44,0.3964434,0.464,0.4107338,2026-09-18T16:36:03.709778
736,4,PP3,PP,7:5,5916.1,4225.8,315.0,0.584,0.4373176,0.176,0.3523532,0.32,0.3794147,2026-09-18T16:36:08.860315
737,4,PP8,PP,11:3,9574.3,2611.2,0.0,0.576,0.4342676,0.16,0.3506638,0.312,0.3752741,2026-09-18T16:36:13.912880
738,4,PP8,PP,11:3,9574.3,2611.2,45.0,0.648,0.4453902,0.68,0.428068,0.608,0.42228,2026-09-18T16:36:19.269464
739,4,PP8,PP,11:3,9574.3,2611.2,90.0,0.624,0.4408581,0.568,0.427307,0.528,0.4245528,2026-09-18T16:36:24.213618
740,4,PP8,PP,11:3,9574.3,2611.2,135.0,0.648,0.445388,0.68,0.4283215,0.608,0.4217065,2026-09-18T16:36:29.464423
741,4,PP8,PP,11:3,9574.3,2611.2,180.0,0.576,0.434294,0.152,0.3505643,0.312,0.3753672,2026-09-18T16:36:34.636518
742,4,PP8,PP,11:3,9574.3,2611.2,225.0,0.576,0.399014,0.152,0.06406769,0.312,0.2273875,2026-09-18T16:36:39.814780
743,4,PP8,PP,11:3,9574.3,2611.2,270.0,nan,nan,nan,nan,nan,nan,2026-09-18T16:36:44.914183
744,4,PP8,PP,11:3,9574.3,2611.2,315.0,0.576,0.4343778,0.248,0.3594448,0.344,0.3834044,2026-09-18T16:36:50.192834
745,4,IR2,IR,φ:1,6360.1,3930.8,0.0,nan,nan,nan,nan,nan,nan,2026-09-18T16:36:55.164703
746,4,IR2,IR,φ:1,6360.1,3930.8,45.0,0.648,0.4435162,0.68,0.4413672,0.608,0.4172621,2026-09-18T16:37:00.330968
747,4,IR2,IR,φ:1,6360.1,3930.8,90.0,0.648,0.4436514,0.68,0.4415213,0.608,0.4172595,2026-09-18T16:37:05.749903
748,4,IR2,IR,φ:1,6360.1,3930.8,135.0,nan,nan,nan,nan,nan,nan,2026-09-18T16:37:10.771664
749,4,IR2,IR,φ:1,6360.1,3930.8,180.0,0.648,0.4438187,0.68,0.4417546,0.608,0.4173944,2026-09-18T16:37:16.064331
750,4,IR2,IR,φ:1,6360.1,3930.8,225.0,0.584,0.437086,0.16,0.3512854,0.32,0.3792725,2026-09-18T16:37:21.229989
751,4,IR2,IR,φ:1,6360.1,3930.8,270.0,0.584,0.4370705,0.168,0.3513663,0.32,0.3789151,2026-09-18T16:37:26.389915
752,4,IR2,IR,φ:1,6360.1,3930.8,315.0,0.656,0.4438516,0.68,0.4416983,0.608,0.4175929,2026-09-18T16:37:31.554933
753,4,PP4,PP,11:7,6267.8,3988.6,0.0,0.592,0.4372919,0.16,0.3506066,0.32,0.3788417,2026-09-18T16:37:36.921161
754,4,PP4,PP,11:7,6267.8,3988.6,45.0,nan,nan,nan,nan,nan,nan,2026-09-18T16:37:41.899263
755,4,PP4,PP,11:7,6267.8,3988.6,90.0,1.002,0.653917,nan,nan,nan,nan,2026-09-18T16:37:47.018092
756,4,PP4,PP,11:7,6267.8,3988.6,135.0,0.648,0.4433243,0.664,0.4414987,0.608,0.4165643,2026-09-18T16:37:52.120117
757,4,PP4,PP,11:7,6267.8,3988.6,180.0,nan,nan,nan,nan,nan,nan,2026-09-18T16:37:57.166460
758,4,PP4,PP,11:7,6267.8,3988.6,225.0,0.664,0.4432583,0.688,0.4416753,0.608,0.4168498,2026-09-18T16:38:02.398321
759,4,PP4,PP,11:7,6267.8,3988.6,270.0,nan,nan,nan,nan,nan,nan,2026-09-18T16:38:07.670148
760,4,PP4,PP,11:7,6267.8,3988.6,315.0,0.648,0.4442039,0.656,0.4502616,0.6,0.4298643,2026-09-18T16:38:12.815836
761,4,CC4,CC,15:8,6846.5,3651.5,0.0,0.592,0.4367461,0.16,0.3508884,0.32,0.3789122,2026-09-18T16:38:18.067699
762,4,CC4,CC,15:8,6846.5,3651.5,45.0,0.664,0.4446767,0.688,0.4398526,0.608,0.420241,2026-09-18T16:38:23.270273
763,4,CC4,CC,15:8,6846.5,3651.5,90.0,0.592,0.4365364,0.16,0.3511961,0.32,0.3787397,2026-09-18T16:38:28.383371
764,4,CC4,CC,15:8,6846.5,3651.5,135.0,0.664,0.4447824,0.688,0.4397857,0.608,0.4197985,2026-09-18T16:38:33.603381
765,4,CC4,CC,15:8,6846.5,3651.5,180.0,0.592,0.4367776,0.16,0.3512738,0.32,0.3789323,2026-09-18T16:38:38.787476
766,4,CC4,CC,15:8,6846.5,3651.5,225.0,0.624,0.4441186,0.56,0.4243705,0.528,0.4266917,2026-09-18T16:38:44.019804
767,4,CC4,CC,15:8,6846.5,3651.5,270.0,0.664,0.4447276,0.68,0.4397834,0.608,0.41987,2026-09-18T16:38:49.367652
768,4,CC4,CC,15:8,6846.5,3651.5,315.0,0.584,0.4369697,0.152,0.3511994,0.32,0.3791899,2026-09-18T16:38:54.368629
769,4,PC2,PC,11:8,5863.0,4264.0,0.0,nan,nan,nan,nan,nan,nan,2026-09-18T16:38:59.534764
770,4,PC2,PC,11:8,5863.0,4264.0,45.0,nan,nan,nan,nan,nan,nan,2026-09-18T16:39:04.632527
771,4,PC2,PC,11:8,5863.0,4264.0,90.0,0.656,0.4420166,0.68,0.4425259,0.608,0.4139632,2026-09-18T16:39:10.005660
772,4,PC2,PC,11:8,5863.0,4264.0,135.0,0.584,0.4375393,0.152,0.3510116,0.32,0.3795142,2026-09-18T16:39:15.383883
773,4,PC2,PC,11:8,5863.0,4264.0,180.0,nan,nan,nan,nan,nan,nan,2026-09-18T16:39:20.691015
774,4,PC2,PC,11:8,5863.0,4264.0,225.0,0.632,0.4447223,0.56,0.4243407,0.528,0.4271631,2026-09-18T16:39:26.045310
775,4,PC2,PC,11:8,5863.0,4264.0,270.0,nan,nan,nan,nan,nan,nan,2026-09-18T16:39:31.108130
776,4,PC2,PC,11:8,5863.0,4264.0,315.0,nan,nan,nan,nan,nan,nan,2026-09-18T16:39:36.293646
777,4,IR1,IR,√2:1,5946.0,4204.5,0.0,nan,nan,nan,nan,nan,nan,2026-09-18T16:39:41.275920
778,4,IR1,IR,√2:1,5946.0,4204.5,45.0,nan,nan,nan,nan,nan,nan,2026-09-18T16:39:46.401882
779,4,IR1,IR,√2:1,5946.0,4204.5,90.0,0.584,0.4373568,0.152,0.3510968,0.32,0.3793285,2026-09-18T16:39:51.754196
780,4,IR1,IR,√2:1,5946.0,4204.5,135.0,0.608,0.4416551,0.44,0.3967994,0.48,0.410792,2026-09-18T16:39:57.165853
781,4,IR1,IR,√2:1,5946.0,4204.5,180.0,0.584,0.437456,0.152,0.3507234,0.32,0.3790822,2026-09-18T16:40:02.557901
782,4,IR1,IR,√2:1,5946.0,4204.5,225.0,nan,nan,nan,nan,nan,nan,2026-09-18T16:40:07.617893
783,4,IR1,IR,√2:1,5946.0,4204.5,270.0,0.664,0.442336,0.68,0.4424713,0.608,0.4145555,2026-09-18T16:40:12.560349
784,4,IR1,IR,√2:1,5946.0,4204.5,315.0,0.592,0.437246,0.152,0.3512024,0.32,0.3794957,2026-09-18T16:40:17.742473
785,4,PP6,PP,7:3,7637.6,3273.3,0.0,0.648,0.4457868,0.688,0.4367366,0.608,0.4228113,2026-09-18T16:40:22.986577
786,4,PP6,PP,7:3,7637.6,3273.3,45.0,0.576,0.4360583,0.16,0.3511481,0.32,0.3777627,2026-09-18T16:40:28.031663
787,4,PP6,PP,7:3,7637.6,3273.3,90.0,0.584,0.4360446,0.176,0.3525382,0.32,0.3793885,2026-09-18T16:40:33.201365
788,4,PP6,PP,7:3,7637.6,3273.3,135.0,nan,nan,nan,nan,nan,nan,2026-09-18T16:40:38.468450
789,4,PP6,PP,7:3,7637.6,3273.3,180.0,nan,nan,nan,nan,nan,nan,2026-09-18T16:40:43.728335
790,4,PP6,PP,7:3,7637.6,3273.3,225.0,0.584,0.4360803,0.152,0.3506469,0.32,0.3776717,2026-09-18T16:40:48.711529
791,4,PP6,PP,7:3,7637.6,3273.3,270.0,0.584,0.4013151,0.152,0.06466793,0.32,0.2305235,2026-09-18T16:40:53.829670
792,4,PP6,PP,7:3,7637.6,3273.3,315.0,nan,nan,nan,nan,nan,nan,2026-09-18T16:40:59.101386
793,4,PC3,PC,13:9,6009.3,4160.3,0.0,0.656,0.4426267,0.68,0.4422293,0.608,0.4144721,2026-09-18T16:41:04.276243
794,4,PC3,PC,13:9,6009.3,4160.3,45.0,0.584,0.4373873,0.152,0.3511277,0.32,0.3792631,2026-09-18T16:41:09.587215
795,4,PC3,PC,13:9,6009.3,4160.3,90.0,0.584,0.4375063,0.176,0.3524352,0.32,0.3794672,2026-09-18T16:41:15.038352
796,4,PC3,PC,13:9,6009.3,4160.3,135.0,0.648,0.4426506,0.688,0.4422099,0.608,0.414644,2026-09-18T16:41:20.114586
797,4,PC3,PC,13:9,6009.3,4160.3,180.0,nan,nan,nan,nan,nan,nan,2026-09-18T16:41:25.219071
798,4,PC3,PC,13:9,6009.3,4160.3,225.0,nan,nan,nan,nan,nan,nan,2026-09-18T16:41:30.631368
799,4,PC3,PC,13:9,6009.3,4160.3,270.0,nan,nan,nan,nan,nan,nan,2026-09-18T16:41:35.719269
800,4,PC3,PC,13:9,6009.3,4160.3,315.0,0.648,0.4452981,0.632,0.4451544,0.584,0.4343762,2026-09-18T16:41:40.977203
801,4,PC6,PC,13:4,9013.9,2773.5,0.0,0.576,0.434824,0.152,0.3505483,0.312,0.3758481,2026-09-18T16:41:46.193548
802,4,PC6,PC,13:4,9013.9,2773.5,45.0,0.584,0.3996852,0.16,0.0643498,0.312,0.2282805,2026-09-18T16:41:51.548555
803,4,PC6,PC,13:4,9013.9,2773.5,90.0,nan,nan,nan,nan,nan,nan,2026-09-18T16:41:56.507774
804,4,PC6,PC,13:4,9013.9,2773.5,135.0,0.576,0.4349445,0.152,0.3507926,0.312,0.3760164,2026-09-18T16:42:01.864699
805,4,PC6,PC,13:4,9013.9,2773.5,180.0,0.648,0.4457711,0.68,0.429867,0.608,0.422789,2026-09-18T16:42:07.247714
806,4,PC6,PC,13:4,9013.9,2773.5,225.0,nan,nan,nan,nan,nan,nan,2026-09-18T16:42:12.365228
807,4,PC6,PC,13:4,9013.9,2773.5,270.0,0.656,0.4460737,0.672,0.4307271,0.608,0.422392,2026-09-18T16:42:17.599798
808,4,PC6,PC,13:4,9013.9,2773.5,315.0,nan,nan,nan,nan,nan,nan,2026-09-18T16:42:22.860419
809,4,PP2,PP,5:3,6455.0,3873.0,0.0,nan,nan,nan,nan,nan,nan,2026-09-18T16:42:27.942046
810,4,PP2,PP,5:3,6455.0,3873.0,45.0,nan,nan,nan,nan,nan,nan,2026-09-18T16:42:33.012024
811,4,PP2,PP,5:3,6455.0,3873.0,90.0,0.592,0.4371769,0.168,0.3516234,0.32,0.3788964,2026-09-18T16:42:38.364082
812,4,PP2,PP,5:3,6455.0,3873.0,135.0,0.592,0.4384123,0.328,0.3723176,0.4,0.3954971,2026-09-18T16:42:43.755092
813,4,PP2,PP,5:3,6455.0,3873.0,180.0,nan,nan,nan,nan,nan,nan,2026-09-18T16:42:49.154565
814,4,PP2,PP,5:3,6455.0,3873.0,225.0,0.584,0.4017702,0.152,0.06148008,0.32,0.2283814,2026-09-18T16:42:54.504246
815,4,PP2,PP,5:3,6455.0,3873.0,270.0,0.648,0.4442657,0.68,0.4409905,0.592,0.4178136,2026-09-18T16:42:59.827992
816,4,PP2,PP,5:3,6455.0,3873.0,315.0,nan,nan,nan,nan,nan,nan,2026-09-18T16:43:04.833284
817,4,CC3,CC,9:4,7500.0,3333.3,0.0,0.584,0.4362801,0.152,0.3513296,0.32,0.3783063,2026-09-18T16:43:10.084555
818,4,CC3,CC,9:4,7500.0,3333.3,45.0,0.584,0.4362482,0.152,0.3506353,0.32,0.3776537,2026-09-18T16:43:15.366398
819,4,CC3,CC,9:4,7500.0,3333.3,90.0,nan,nan,nan,nan,nan,nan,2026-09-18T16:43:20.652374
820,4,CC3,CC,9:4,7500.0,3333.3,135.0,0.584,0.4362511,0.168,0.3512006,0.32,0.3781955,2026-09-18T16:43:25.636670
821,4,CC3,CC,9:4,7500.0,3333.3,180.0,0.592,0.4359746,0.152,0.3505585,0.32,0.3775024,2026-09-18T16:43:30.829495
822,4,CC3,CC,9:4,7500.0,3333.3,225.0,nan,nan,nan,nan,nan,nan,2026-09-18T16:43:35.991070
823,4,CC3,CC,9:4,7500.0,3333.3,270.0,0.584,0.4012563,0.16,0.0646166,0.32,0.2306132,2026-09-18T16:43:41.025289
824,4,CC3,CC,9:4,7500.0,3333.3,315.0,0.584,0.435988,0.216,0.3545479,0.328,0.3796971,2026-09-18T16:43:46.442052
825,4,CC9,CC,27:16,6495.2,3849.0,0.0,nan,nan,nan,nan,nan,nan,2026-09-18T16:43:51.384642
826,4,CC9,CC,27:16,6495.2,3849.0,45.0,nan,nan,nan,nan,nan,nan,2026-09-18T16:43:56.565693
827,4,CC9,CC,27:16,6495.2,3849.0,90.0,nan,nan,nan,nan,nan,nan,2026-09-18T16:44:01.594880
828,4,CC9,CC,27:16,6495.2,3849.0,135.0,0.584,0.4371161,0.176,0.3523434,0.32,0.3794374,2026-09-18T16:44:06.781387
829,4,CC9,CC,27:16,6495.2,3849.0,180.0,0.592,0.4384084,0.328,0.3724127,0.4,0.3954841,2026-09-18T16:44:12.028358
830,4,CC9,CC,27:16,6495.2,3849.0,225.0,0.592,0.4371342,0.248,0.3596388,0.352,0.3866065,2026-09-18T16:44:17.197107
831,4,CC9,CC,27:16,6495.2,3849.0,270.0,0.584,0.4368873,0.152,0.3507684,0.32,0.3789625,2026-09-18T16:44:22.600004
832,4,CC9,CC,27:16,6495.2,3849.0,315.0,0.64,0.4452745,0.632,0.4450818,0.584,0.4334177,2026-09-18T16:44:27.979086
833,4,CC6,CC,49:25,7000.0,3571.4,0.0,0.584,0.436707,0.208,0.3547578,0.328,0.380011,2026-09-18T16:44:33.365085
834,4,CC6,CC,49:25,7000.0,3571.4,45.0,0.656,0.4465907,0.68,0.4383976,0.608,0.4213295,2026-09-18T16:44:38.730399
835,4,CC6,CC,49:25,7000.0,3571.4,90.0,0.584,0.4366589,0.152,0.3504005,0.32,0.378563,2026-09-18T16:44:44.155226
836,4,CC6,CC,49:25,7000.0,3571.4,135.0,nan,nan,nan,nan,nan,nan,2026-09-18T16:44:49.199699
837,4,CC6,CC,49:25,7000.0,3571.4,180.0,0.584,0.4367219,0.248,0.3594949,0.352,0.3861752,2026-09-18T16:44:54.370219
838,4,CC6,CC,49:25,7000.0,3571.4,225.0,0.584,0.4364658,0.2,0.3544593,0.328,0.3800933,2026-09-18T16:44:59.617408
839,4,CC6,CC,49:25,7000.0,3571.4,270.0,nan,nan,nan,nan,nan,nan,2026-09-18T16:45:04.744316
840,4,CC6,CC,49:25,7000.0,3571.4,315.0,0.656,0.4452946,0.68,0.4387345,0.608,0.4205955,2026-09-18T16:45:10.082707
841,4,CC8,CC,49:32,6187.2,4040.6,0.0,0.664,0.4432454,0.68,0.4418856,0.608,0.4162229,2026-09-18T16:45:15.488562
842,4,CC8,CC,49:32,6187.2,4040.6,45.0,0.664,0.4432654,0.68,0.4419324,0.608,0.416617,2026-09-18T16:45:20.618539
843,4,CC8,CC,49:32,6187.2,4040.6,90.0,0.584,0.4373264,0.248,0.3594739,0.352,0.3865017,2026-09-18T16:45:25.685452
844,4,CC8,CC,49:32,6187.2,4040.6,135.0,nan,nan,nan,nan,nan,nan,2026-09-18T16:45:30.764728
845,4,CC8,CC,49:32,6187.2,4040.6,180.0,nan,nan,nan,nan,nan,nan,2026-09-18T16:45:35.955253
846,4,CC8,CC,49:32,6187.2,4040.6,225.0,0.656,0.4430709,0.68,0.4421145,0.608,0.41638,2026-09-18T16:45:41.397743
847,4,CC8,CC,49:32,6187.2,4040.6,270.0,0.664,0.4428201,0.68,0.4420247,0.608,0.4163462,2026-09-18T16:45:46.785769
848,4,CC8,CC,49:32,6187.2,4040.6,315.0,nan,nan,nan,nan,nan,nan,2026-09-18T16:45:52.286760
849,4,NC2,NC,9:6,6123.7,4082.5,0.0,0.632,0.4443769,0.56,0.42422,0.528,0.4271419,2026-09-18T16:45:57.367638
850,4,NC2,NC,9:6,6123.7,4082.5,45.0,0.592,0.4374738,0.168,0.3522049,0.32,0.3793955,2026-09-18T16:46:02.521890
851,4,NC2,NC,9:6,6123.7,4082.5,90.0,0.592,0.4372076,0.152,0.3506655,0.32,0.379228,2026-09-18T16:46:07.704931
852,4,NC2,NC,9:6,6123.7,4082.5,135.0,nan,nan,nan,nan,nan,nan,2026-09-18T16:46:12.726846
853,4,NC2,NC,9:6,6123.7,4082.5,180.0,0.592,0.4373382,0.192,0.354569,0.336,0.381108,2026-09-18T16:46:17.902025
854,4,NC2,NC,9:6,6123.7,4082.5,225.0,0.592,0.4374473,0.16,0.3509079,0.32,0.3793516,2026-09-18T16:46:23.090086
855,4,NC2,NC,9:6,6123.7,4082.5,270.0,nan,nan,nan,nan,nan,nan,2026-09-18T16:46:28.415806
856,4,NC2,NC,9:6,6123.7,4082.5,315.0,0.592,0.4665513,0.16,0.5898593,0.32,0.5069121,2026-09-18T16:46:33.651151
857,4,CC1,CC,9:8,5303.3,4714.0,0.0,0.592,0.4378525,0.208,0.3545955,0.336,0.3818559,2026-09-18T16:46:38.725280
858,4,CC1,CC,9:8,5303.3,4714.0,45.0,0.592,0.4378068,0.168,0.3510741,0.32,0.3795311,2026-09-18T16:46:43.843255
859,4,CC1,CC,9:8,5303.3,4714.0,90.0,0.592,0.4377836,0.16,0.3508031,0.32,0.379352,2026-09-18T16:46:49.258693
860,4,CC1,CC,9:8,5303.3,4714.0,135.0,0.632,0.4459034,0.56,0.425915,0.528,0.4290578,2026-09-18T16:46:54.233490
861,4,CC1,CC,9:8,5303.3,4714.0,180.0,0.592,0.4379854,0.16,0.3507464,0.32,0.379525,2026-09-18T16:46:59.331399
862,4,CC1,CC,9:8,5303.3,4714.0,225.0,0.656,0.4403999,0.688,0.4430086,0.608,0.4089333,2026-09-18T16:47:04.481594
863,4,CC1,CC,9:8,5303.3,4714.0,270.0,nan,nan,nan,nan,nan,nan,2026-09-18T16:47:09.786817
864,4,CC1,CC,9:8,5303.3,4714.0,315.0,0.656,0.4403851,0.68,0.4427214,0.608,0.4090724,2026-09-18T16:47:15.199805
865,4,CC7,CC,36:25,6000.0,4166.7,0.0,nan,nan,nan,nan,nan,nan,2026-09-18T16:47:20.186575
866,4,CC7,CC,36:25,6000.0,4166.7,45.0,0.648,0.4425307,0.68,0.4410674,0.608,0.4149212,2026-09-18T16:47:25.374940
867,4,CC7,CC,36:25,6000.0,4166.7,90.0,0.584,0.4375015,0.152,0.3506931,0.32,0.3792919,2026-09-18T16:47:30.570894
868,4,CC7,CC,36:25,6000.0,4166.7,135.0,nan,nan,nan,nan,nan,nan,2026-09-18T16:47:35.557699
869,4,CC7,CC,36:25,6000.0,4166.7,180.0,0.584,0.4023481,0.16,0.06493712,0.32,0.2315998,2026-09-18T16:47:40.714433
870,4,CC7,CC,36:25,6000.0,4166.7,225.0,nan,nan,nan,nan,nan,nan,2026-09-18T16:47:45.644736
871,4,CC7,CC,36:25,6000.0,4166.7,270.0,0.592,0.4374605,0.152,0.3511385,0.32,0.3795937,2026-09-18T16:47:50.869133
872,4,CC7,CC,36:25,6000.0,4166.7,315.0,0.592,0.4374158,0.168,0.3516071,0.32,0.3793585,2026-09-18T16:47:56.149955
873,4,PP1,PP,3:2,6123.7,4082.5,0.0,nan,nan,nan,nan,nan,nan,2026-09-18T16:48:01.184006
874,4,PP1,PP,3:2,6123.7,4082.5,45.0,nan,nan,nan,nan,nan,nan,2026-09-18T16:48:06.234182
875,4,PP1,PP,3:2,6123.7,4082.5,90.0,nan,nan,nan,nan,nan,nan,2026-09-18T16:48:11.354190
876,4,PP1,PP,3:2,6123.7,4082.5,135.0,0.592,0.4373404,0.152,0.3509895,0.32,0.3795107,2026-09-18T16:48:16.496296
877,4,PP1,PP,3:2,6123.7,4082.5,180.0,0.584,0.4371972,0.16,0.3505576,0.32,0.3790714,2026-09-18T16:48:21.932150
878,4,PP1,PP,3:2,6123.7,4082.5,225.0,0.624,0.444368,0.56,0.4244088,0.528,0.4270703,2026-09-18T16:48:27.047656
879,4,PP1,PP,3:2,6123.7,4082.5,270.0,nan,nan,nan,nan,nan,nan,2026-09-18T16:48:32.170179
880,4,PP1,PP,3:2,6123.7,4082.5,315.0,0.584,0.4374071,0.248,0.3596404,0.352,0.3866507,2026-09-18T16:48:37.376303
881,4,PC5,PC,11:4,8291.6,3015.1,0.0,nan,nan,nan,nan,nan,nan,2026-09-18T16:48:42.752740
882,4,PC5,PC,11:4,8291.6,3015.1,45.0,nan,nan,nan,nan,nan,nan,2026-09-18T16:48:48.215982
883,4,PC5,PC,11:4,8291.6,3015.1,90.0,nan,nan,nan,nan,nan,nan,2026-09-18T16:48:53.250269
884,4,PC5,PC,11:4,8291.6,3015.1,135.0,0.584,0.4004945,0.16,0.0644113,0.32,0.2295732,2026-09-18T16:48:58.458674
885,4,PC5,PC,11:4,8291.6,3015.1,180.0,0.6,0.4396001,0.448,0.397453,0.456,0.4096116,2026-09-18T16:49:03.633462
886,4,PC5,PC,11:4,8291.6,3015.1,225.0,0.584,0.4354619,0.168,0.3509836,0.312,0.3768649,2026-09-18T16:49:08.794611
887,4,PC5,PC,11:4,8291.6,3015.1,270.0,0.584,0.4365257,0.328,0.3723114,0.4,0.395244,2026-09-18T16:49:13.885649
888,4,PC5,PC,11:4,8291.6,3015.1,315.0,0.648,0.4464841,0.68,0.4340569,0.608,0.4238389,2026-09-18T16:49:19.076679
889,4,PP7,PP,5:2,7905.7,3162.3,0.0,0.64,0.4398775,0.632,0.4435009,0.584,0.4245327,2026-09-18T16:49:24.168829
890,4,PP7,PP,5:2,7905.7,3162.3,45.0,0.64,0.4401088,0.632,0.4435991,0.584,0.4244465,2026-09-18T16:49:29.385317
891,4,PP7,PP,5:2,7905.7,3162.3,90.0,nan,nan,nan,nan,nan,nan,2026-09-18T16:49:34.649315
892,4,PP7,PP,5:2,7905.7,3162.3,135.0,0.584,0.4370911,0.328,0.3723697,0.4,0.3953222,2026-09-18T16:49:39.870165
893,4,PP7,PP,5:2,7905.7,3162.3,180.0,nan,nan,nan,nan,nan,nan,2026-09-18T16:49:45.302046
894,4,PP7,PP,5:2,7905.7,3162.3,225.0,0.584,0.4359846,0.152,0.3511423,0.32,0.3778784,2026-09-18T16:49:50.804002
895,4,PP7,PP,5:2,7905.7,3162.3,270.0,0.584,0.4356355,0.152,0.3504883,0.32,0.3772319,2026-09-18T16:49:56.151020
896,4,PP7,PP,5:2,7905.7,3162.3,315.0,0.624,0.4435879,0.56,0.4253306,0.528,0.4267279,2026-09-18T16:50:01.062406
897,4,PC1,PC,5:4,5590.2,4472.1,0.0,0.648,0.4437559,0.632,0.4446717,0.584,0.4335781,2026-09-18T16:50:06.214292
898,4,PC1,PC,5:4,5590.2,4472.1,45.0,0.592,0.43876,0.328,0.3724279,0.4,0.3956612,2026-09-18T16:50:11.610460
899,4,PC1,PC,5:4,5590.2,4472.1,90.0,nan,nan,nan,nan,nan,nan,2026-09-18T16:50:16.671333
900,4,PC1,PC,5:4,5590.2,4472.1,135.0,0.616,0.4420398,0.44,0.3966619,0.48,0.4110697,2026-09-18T16:50:21.856468
901,4,PC1,PC,5:4,5590.2,4472.1,180.0,0.608,0.4421229,0.448,0.3968597,0.48,0.4110251,2026-09-18T16:50:27.114291
902,4,PC1,PC,5:4,5590.2,4472.1,225.0,0.584,0.4028326,0.16,0.06493424,0.32,0.2318841,2026-09-18T16:50:32.424314
903,4,PC1,PC,5:4,5590.2,4472.1,270.0,0.584,0.4378591,0.208,0.3545402,0.336,0.3816782,2026-09-18T16:50:37.778417
904,4,PC1,PC,5:4,5590.2,4472.1,315.0,nan,nan,nan,nan,nan,nan,2026-09-18T16:50:42.887376
905,4,PP5,PP,13:11,5435.6,4599.3,0.0,0.656,0.4407122,0.6720001,0.4428952,0.608,0.4093878,2026-09-18T16:50:48.082471
906,4,PP5,PP,13:11,5435.6,4599.3,45.0,0.592,0.438816,0.328,0.3719633,0.4,0.3955671,2026-09-18T16:50:53.483613
907,4,PP5,PP,13:11,5435.6,4599.3,90.0,0.584,0.5777956,nan,nan,nan,nan,2026-09-18T16:50:58.931497
908,4,PP5,PP,13:11,5435.6,4599.3,135.0,nan,nan,nan,nan,nan,nan,2026-09-18T16:51:03.942539
909,4,PP5,PP,13:11,5435.6,4599.3,180.0,0.656,0.4407623,0.664,0.4433117,0.608,0.4096147,2026-09-18T16:51:09.155705
910,4,PP5,PP,13:11,5435.6,4599.3,225.0,nan,nan,nan,nan,nan,nan,2026-09-18T16:51:14.068647
911,4,PP5,PP,13:11,5435.6,4599.3,270.0,0.664,0.4404758,0.68,0.4429063,0.608,0.4096136,2026-09-18T16:51:19.218968
912,4,PP5,PP,13:11,5435.6,4599.3,315.0,0.664,0.4407115,0.68,0.4431044,0.608,0.4099536,2026-09-18T16:51:24.612791
913,4,IR4,IR,π/2:1,6266.6,3989.4,0.0,nan,nan,nan,nan,nan,nan,2026-09-18T16:51:29.941612
914,4,IR4,IR,π/2:1,6266.6,3989.4,45.0,0.664,0.4437558,0.688,0.441788,0.608,0.4169592,2026-09-18T16:51:35.304229
915,4,IR4,IR,π/2:1,6266.6,3989.4,90.0,0.656,0.4434057,0.688,0.4418871,0.608,0.416907,2026-09-18T16:51:40.466466
916,4,IR4,IR,π/2:1,6266.6,3989.4,135.0,nan,nan,nan,nan,nan,nan,2026-09-18T16:51:45.734979
917,4,IR4,IR,π/2:1,6266.6,3989.4,180.0,nan,nan,nan,nan,nan,nan,2026-09-18T16:51:51.037540
918,4,IR4,IR,π/2:1,6266.6,3989.4,225.0,0.664,0.4433609,0.688,0.4418795,0.608,0.4171055,2026-09-18T16:51:56.290182
919,4,IR4,IR,π/2:1,6266.6,3989.4,270.0,0.656,0.4446196,0.664,0.4502041,0.608,0.4303669,2026-09-18T16:52:01.350894
920,4,IR4,IR,π/2:1,6266.6,3989.4,315.0,0.592,0.4371849,0.16,0.3509872,0.32,0.3792899,2026-09-18T16:52:06.550805
921,4,NC3,NC,15:10,6123.7,4082.5,0.0,0.592,0.437238,0.168,0.3511005,0.32,0.3792843,2026-09-18T16:52:11.565881
922,4,NC3,NC,15:10,6123.7,4082.5,45.0,nan,nan,nan,nan,nan,nan,2026-09-18T16:52:16.590329
923,4,NC3,NC,15:10,6123.7,4082.5,90.0,0.592,0.4374404,0.208,0.354468,0.336,0.3809344,2026-09-18T16:52:21.813539
924,4,NC3,NC,15:10,6123.7,4082.5,135.0,0.64,0.4455344,0.624,0.4451322,0.592,0.4342788,2026-09-18T16:52:26.833782
925,4,NC3,NC,15:10,6123.7,4082.5,180.0,0.648,0.4426521,0.68,0.4418747,0.592,0.4128133,2026-09-18T16:52:32.035451
926,4,NC3,NC,15:10,6123.7,4082.5,225.0,nan,nan,nan,nan,nan,nan,2026-09-18T16:52:37.271876
927,4,NC3,NC,15:10,6123.7,4082.5,270.0,0.656,0.4428987,0.688,0.4419847,0.608,0.4160571,2026-09-18T16:52:42.639701
928,4,NC3,NC,15:10,6123.7,4082.5,315.0,0.592,0.4374286,0.16,0.3508419,0.32,0.3790655,2026-09-18T16:52:48.066801
929,4,NC1,NC,4:2,7071.1,3535.5,0.0,0.584,0.436563,0.168,0.3525511,0.32,0.3795541,2026-09-18T16:52:53.288635
930,4,NC1,NC,4:2,7071.1,3535.5,45.0,0.64,0.4462422,0.632,0.4302113,0.552,0.4167005,2026-09-18T16:52:58.462615
931,4,NC1,NC,4:2,7071.1,3535.5,90.0,nan,nan,nan,nan,nan,nan,2026-09-18T16:53:03.587662
932,4,NC1,NC,4:2,7071.1,3535.5,135.0,0.584,0.4365571,0.152,0.3511867,0.32,0.3788722,2026-09-18T16:53:08.988824
933,4,NC1,NC,4:2,7071.1,3535.5,180.0,0.64,0.446929,0.632,0.4516836,0.544,0.4347369,2026-09-18T16:53:14.398980
934,4,NC1,NC,4:2,7071.1,3535.5,225.0,nan,nan,nan,nan,nan,nan,2026-09-18T16:53:19.316117
935,4,NC1,NC,4:2,7071.1,3535.5,270.0,nan,nan,nan,nan,nan,nan,2026-09-18T16:53:24.390767
936,4,NC1,NC,4:2,7071.1,3535.5,315.0,0.584,0.4365692,0.152,0.3505908,0.32,0.3783235,2026-09-18T16:53:29.437720
937,4,CC2,CC,25:16,6250.0,4000.0,0.0,nan,nan,nan,nan,nan,nan,2026-09-18T16:53:34.603129
938,4,CC2,CC,25:16,6250.0,4000.0,45.0,nan,nan,nan,nan,nan,nan,2026-09-18T16:53:39.692933
939,4,CC2,CC,25:16,6250.0,4000.0,90.0,nan,nan,nan,nan,nan,nan,2026-09-18T16:53:44.959089
940,4,CC2,CC,25:16,6250.0,4000.0,135.0,nan,nan,nan,nan,nan,nan,2026-09-18T16:53:50.117297
941,4,CC2,CC,25:16,6250.0,4000.0,180.0,nan,nan,nan,nan,nan,nan,2026-09-18T16:53:55.462161
942,4,CC2,CC,25:16,6250.0,4000.0,225.0,nan,nan,nan,nan,nan,nan,2026-09-18T16:54:00.855259
943,4,CC2,CC,25:16,6250.0,4000.0,270.0,nan,nan,nan,nan,nan,nan,2026-09-18T16:54:06.339238
944,4,CC2,CC,25:16,6250.0,4000.0,315.0,nan,nan,nan,nan,nan,nan,2026-09-18T16:54:11.730353
945,4,CC5,CC,25:9,8333.3,3000.0,0.0,nan,nan,nan,nan,nan,nan,2026-09-18T16:54:16.670287
946,4,CC5,CC,25:9,8333.3,3000.0,45.0,0.648,0.4472795,0.68,0.4369166,0.608,0.4226673,2026-09-18T16:54:21.873725
947,4,CC5,CC,25:9,8333.3,3000.0,90.0,0.576,0.4097992,0.16,0.1371156,0.312,0.2689103,2026-09-18T16:54:27.118788
948,4,CC5,CC,25:9,8333.3,3000.0,135.0,nan,nan,nan,nan,nan,nan,2026-09-18T16:54:32.278987
949,4,CC5,CC,25:9,8333.3,3000.0,180.0,0.648,0.4481041,0.68,0.4372748,0.608,0.4246924,2026-09-18T16:54:37.442588
950,4,CC5,CC,25:9,8333.3,3000.0,225.0,nan,nan,nan,nan,nan,nan,2026-09-18T16:54:42.492020
951,4,CC5,CC,25:9,8333.3,3000.0,270.0,0.648,0.4433731,0.68,0.4460217,0.608,0.4229478,2026-09-18T16:54:47.711620
952,4,CC5,CC,25:9,8333.3,3000.0,315.0,0.576,0.4354819,0.152,0.3508095,0.312,0.3768466,2026-09-18T16:54:52.891795
953,4,PC4,PC,7:4,6614.4,3779.6,0.0,0.592,0.4381391,0.328,0.3721391,0.4,0.3958473,2026-09-18T16:54:58.194956
954,4,PC4,PC,7:4,6614.4,3779.6,45.0,nan,nan,nan,nan,nan,nan,2026-09-18T16:55:03.254767
955,4,PC4,PC,7:4,6614.4,3779.6,90.0,nan,nan,nan,nan,nan,nan,2026-09-18T16:55:08.396478
956,4,PC4,PC,7:4,6614.4,3779.6,135.0,0.656,0.4445238,0.688,0.4411544,0.6,0.4203947,2026-09-18T16:55:13.570705
957,4,PC4,PC,7:4,6614.4,3779.6,180.0,0.584,0.4370227,0.152,0.3510232,0.32,0.3789387,2026-09-18T16:55:18.968628
958,4,PC4,PC,7:4,6614.4,3779.6,225.0,nan,nan,nan,nan,nan,nan,2026-09-18T16:55:23.974568
959,4,PC4,PC,7:4,6614.4,3779.6,270.0,nan,nan,nan,nan,nan,nan,2026-09-18T16:55:29.080392
960,4,PC4,PC,7:4,6614.4,3779.6,315.0,0.656,0.4440392,0.68,0.4402091,0.608,0.4191658,2026-09-18T16:55:34.481590
961,5,PP7,PP,5:2,7905.7,3162.3,0.0,0.624,0.4446038,0.576,0.4278208,0.528,0.4281802,2026-09-18T16:55:39.795554
962,5,PP7,PP,5:2,7905.7,3162.3,45.0,nan,nan,nan,nan,nan,nan,2026-09-18T16:55:44.778940
963,5,PP7,PP,5:2,7905.7,3162.3,90.0,nan,nan,nan,nan,nan,nan,2026-09-18T16:55:50.081247
964,5,PP7,PP,5:2,7905.7,3162.3,135.0,nan,nan,nan,nan,nan,nan,2026-09-18T16:55:55.348436
965,5,PP7,PP,5:2,7905.7,3162.3,180.0,0.584,0.4360861,0.152,0.3512518,0.32,0.3776003,2026-09-18T16:56:00.724518
966,5,PP7,PP,5:2,7905.7,3162.3,225.0,nan,nan,nan,nan,nan,nan,2026-09-18T16:56:05.774487
967,5,PP7,PP,5:2,7905.7,3162.3,270.0,nan,nan,nan,nan,nan,nan,2026-09-18T16:56:10.988715
968,5,PP7,PP,5:2,7905.7,3162.3,315.0,0.592,0.4371627,0.328,0.37254,0.4,0.395271,2026-09-18T16:56:16.104473
969,5,PC1,PC,5:4,5590.2,4472.1,0.0,nan,nan,nan,nan,nan,nan,2026-09-18T16:56:21.243474
970,5,PC1,PC,5:4,5590.2,4472.1,45.0,1.002,0.6543979,nan,nan,nan,nan,2026-09-18T16:56:26.607679
971,5,PC1,PC,5:4,5590.2,4472.1,90.0,0.584,0.4376323,0.208,0.3545314,0.336,0.3813496,2026-09-18T16:56:31.779227
972,5,PC1,PC,5:4,5590.2,4472.1,135.0,0.656,0.4408846,0.68,0.4425953,0.6,0.4077652,2026-09-18T16:56:36.926934
973,5,PC1,PC,5:4,5590.2,4472.1,180.0,0.592,0.437585,0.168,0.3512118,0.32,0.3794893,2026-09-18T16:56:41.946544
974,5,PC1,PC,5:4,5590.2,4472.1,225.0,nan,nan,nan,nan,nan,nan,2026-09-18T16:56:46.939904
975,5,PC1,PC,5:4,5590.2,4472.1,270.0,0.624,0.4457683,0.56,0.4241708,0.528,0.4282053,2026-09-18T16:56:52.161055
976,5,PC1,PC,5:4,5590.2,4472.1,315.0,0.656,0.441563,0.68,0.4427889,0.608,0.4109837,2026-09-18T16:56:57.332582
977,5,IR3,IR,e/2:1,5829.1,4288.8,0.0,0.672,0.4418389,0.688,0.4430198,0.608,0.4128006,2026-09-18T16:57:02.694707
978,5,IR3,IR,e/2:1,5829.1,4288.8,45.0,0.648,0.440886,0.656,0.4314201,0.6,0.4039993,2026-09-18T16:57:08.038753
979,5,IR3,IR,e/2:1,5829.1,4288.8,90.0,0.592,0.4375183,0.152,0.3511743,0.32,0.3795467,2026-09-18T16:57:13.077088
980,5,IR3,IR,e/2:1,5829.1,4288.8,135.0,0.592,0.4376588,0.208,0.3544842,0.336,0.3814904,2026-09-18T16:57:18.256617
981,5,IR3,IR,e/2:1,5829.1,4288.8,180.0,0.656,0.4420432,0.68,0.4423149,0.608,0.4132009,2026-09-18T16:57:23.556764
982,5,IR3,IR,e/2:1,5829.1,4288.8,225.0,0.664,0.4421907,0.68,0.4430957,0.608,0.4134155,2026-09-18T16:57:28.950812
983,5,IR3,IR,e/2:1,5829.1,4288.8,270.0,0.664,0.4419992,0.68,0.4427764,0.608,0.4132881,2026-09-18T16:57:34.289701
984,5,IR3,IR,e/2:1,5829.1,4288.8,315.0,0.584,0.4376257,0.248,0.359659,0.352,0.3867308,2026-09-18T16:57:39.363727
985,5,NC3,NC,15:10,6123.7,4082.5,0.0,0.584,0.437493,0.16,0.3512312,0.32,0.3793462,2026-09-18T16:57:44.587023
986,5,NC3,NC,15:10,6123.7,4082.5,45.0,0.584,0.4376574,0.152,0.3513502,0.32,0.3794795,2026-09-18T16:57:49.773117
987,5,NC3,NC,15:10,6123.7,4082.5,90.0,0.656,0.4428275,0.672,0.4423782,0.584,0.4145311,2026-09-18T16:57:54.966971
988,5,NC3,NC,15:10,6123.7,4082.5,135.0,0.584,0.4374032,0.176,0.3522693,0.32,0.3793575,2026-09-18T16:58:00.188656
989,5,NC3,NC,15:10,6123.7,4082.5,180.0,nan,nan,nan,nan,nan,nan,2026-09-18T16:58:05.498312
990,5,NC3,NC,15:10,6123.7,4082.5,225.0,nan,nan,nan,nan,nan,nan,2026-09-18T16:58:10.749230
991,5,NC3,NC,15:10,6123.7,4082.5,270.0,0.592,0.4374966,0.2,0.3548044,0.336,0.3809423,2026-09-18T16:58:15.932575
992,5,NC3,NC,15:10,6123.7,4082.5,315.0,0.584,0.4025314,0.16,0.06509926,0.32,0.2316674,2026-09-18T16:58:21.130628
993,5,CC4,CC,15:8,6846.5,3651.5,0.0,0.656,0.4448594,0.68,0.4400117,0.608,0.4206571,2026-09-18T16:58:26.260914
994,5,CC4,CC,15:8,6846.5,3651.5,45.0,0.656,0.4454015,0.68,0.4401156,0.608,0.4213072,2026-09-18T16:58:31.424514
995,5,CC4,CC,15:8,6846.5,3651.5,90.0,0.656,0.4428866,0.656,0.4269515,0.592,0.4093582,2026-09-18T16:58:36.686638
996,5,CC4,CC,15:8,6846.5,3651.5,135.0,0.648,0.4438418,0.656,0.4275641,0.6,0.4129172,2026-09-18T16:58:42.026107
997,5,CC4,CC,15:8,6846.5,3651.5,180.0,nan,nan,nan,nan,nan,nan,2026-09-18T16:58:46.957079
998,5,CC4,CC,15:8,6846.5,3651.5,225.0,nan,nan,nan,nan,nan,nan,2026-09-18T16:58:52.145548
999,5,CC4,CC,15:8,6846.5,3651.5,270.0,nan,nan,nan,nan,nan,nan,2026-09-18T16:58:57.153063
1000,5,CC4,CC,15:8,6846.5,3651.5,315.0,0.592,0.4381369,0.328,0.3725498,0.4,0.3956929,2026-09-18T16:59:02.347904
1001,5,CC3,CC,9:4,7500.0,3333.3,0.0,0.584,0.4362237,0.248,0.3594801,0.352,0.3859808,2026-09-18T16:59:07.533553
1002,5,CC3,CC,9:4,7500.0,3333.3,45.0,0.664,0.4441004,0.688,0.4501,0.608,0.4190401,2026-09-18T16:59:12.662685
1003,5,CC3,CC,9:4,7500.0,3333.3,90.0,nan,nan,nan,nan,nan,nan,2026-09-18T16:59:17.997647
1004,5,CC3,CC,9:4,7500.0,3333.3,135.0,nan,nan,nan,nan,nan,nan,2026-09-18T16:59:23.047760
1005,5,CC3,CC,9:4,7500.0,3333.3,180.0,nan,nan,nan,nan,nan,nan,2026-09-18T16:59:28.236562
1006,5,CC3,CC,9:4,7500.0,3333.3,225.0,nan,nan,nan,nan,nan,nan,2026-09-18T16:59:33.303634
1007,5,CC3,CC,9:4,7500.0,3333.3,270.0,nan,nan,nan,nan,nan,nan,2026-09-18T16:59:38.419668
1008,5,CC3,CC,9:4,7500.0,3333.3,315.0,0.584,0.4363145,0.16,0.3512981,0.32,0.3780469,2026-09-18T16:59:43.835395
1009,5,PC5,PC,11:4,8291.6,3015.1,0.0,0.656,0.4462706,0.68,0.4327049,0.608,0.4225551,2026-09-18T16:59:49.203651
1010,5,PC5,PC,11:4,8291.6,3015.1,45.0,0.584,0.4007064,0.152,0.06456564,0.32,0.2294337,2026-09-18T16:59:54.532921
1011,5,PC5,PC,11:4,8291.6,3015.1,90.0,nan,nan,nan,nan,nan,nan,2026-09-18T16:59:59.555636
1012,5,PC5,PC,11:4,8291.6,3015.1,135.0,nan,nan,nan,nan,nan,nan,2026-09-18T17:00:04.801831
1013,5,PC5,PC,11:4,8291.6,3015.1,180.0,nan,nan,nan,nan,nan,nan,2026-09-18T17:00:10.280214
1014,5,PC5,PC,11:4,8291.6,3015.1,225.0,nan,nan,nan,nan,nan,nan,2026-09-18T17:00:15.290091
1015,5,PC5,PC,11:4,8291.6,3015.1,270.0,nan,nan,nan,nan,nan,nan,2026-09-18T17:00:20.582700
1016,5,PC5,PC,11:4,8291.6,3015.1,315.0,nan,nan,nan,nan,nan,nan,2026-09-18T17:00:25.730719
1017,5,PP1,PP,3:2,6123.7,4082.5,0.0,0.648,0.4424698,0.6720001,0.441218,0.584,0.4113748,2026-09-18T17:00:31.005721
1018,5,PP1,PP,3:2,6123.7,4082.5,45.0,nan,nan,nan,nan,nan,nan,2026-09-18T17:00:35.978596
1019,5,PP1,PP,3:2,6123.7,4082.5,90.0,nan,nan,nan,nan,nan,nan,2026-09-18T17:00:41.228603
1020,5,PP1,PP,3:2,6123.7,4082.5,135.0,0.584,0.4024362,0.16,0.06463026,0.32,0.2316299,2026-09-18T17:00:46.576716
1021,5,PP1,PP,3:2,6123.7,4082.5,180.0,0.656,0.4426984,0.68,0.4418622,0.592,0.4129907,2026-09-18T17:00:51.700402
1022,5,PP1,PP,3:2,6123.7,4082.5,225.0,0.648,0.442993,0.672,0.4424044,0.592,0.4147136,2026-09-18T17:00:56.611046
1023,5,PP1,PP,3:2,6123.7,4082.5,270.0,0.648,0.4428179,0.664,0.4405792,0.584,0.4114013,2026-09-18T17:01:01.756884
1024,5,PP1,PP,3:2,6123.7,4082.5,315.0,nan,nan,nan,nan,nan,nan,2026-09-18T17:01:06.805653
1025,5,PC2,PC,11:8,5863.0,4264.0,0.0,nan,nan,nan,nan,nan,nan,2026-09-18T17:01:11.824803
1026,5,PC2,PC,11:8,5863.0,4264.0,45.0,0.664,0.442388,0.688,0.4434187,0.608,0.413544,2026-09-18T17:01:17.017829
1027,5,PC2,PC,11:8,5863.0,4264.0,90.0,nan,nan,nan,nan,nan,nan,2026-09-18T17:01:22.197633
1028,5,PC2,PC,11:8,5863.0,4264.0,135.0,nan,nan,nan,nan,nan,nan,2026-09-18T17:01:27.445669
1029,5,PC2,PC,11:8,5863.0,4264.0,180.0,nan,nan,nan,nan,nan,nan,2026-09-18T17:01:32.711929
1030,5,PC2,PC,11:8,5863.0,4264.0,225.0,nan,nan,nan,nan,nan,nan,2026-09-18T17:01:38.025254
1031,5,PC2,PC,11:8,5863.0,4264.0,270.0,0.592,0.4374411,0.184,0.3523404,0.32,0.3794754,2026-09-18T17:01:42.982776
1032,5,PC2,PC,11:8,5863.0,4264.0,315.0,0.592,0.4376591,0.184,0.3526577,0.32,0.3792366,2026-09-18T17:01:48.225478
1033,5,CC1,CC,9:8,5303.3,4714.0,0.0,0.592,0.4380785,0.16,0.3511387,0.32,0.3796355,2026-09-18T17:01:53.442720
1034,5,CC1,CC,9:8,5303.3,4714.0,45.0,0.584,0.4379133,0.152,0.3507557,0.32,0.3794362,2026-09-18T17:01:58.632770
1035,5,CC1,CC,9:8,5303.3,4714.0,90.0,0.592,0.4379338,0.16,0.351074,0.32,0.3797085,2026-09-18T17:02:03.760952
1036,5,CC1,CC,9:8,5303.3,4714.0,135.0,0.664,0.4404419,0.68,0.4429428,0.608,0.4089966,2026-09-18T17:02:08.770338
1037,5,CC1,CC,9:8,5303.3,4714.0,180.0,0.592,0.4379496,0.16,0.3511271,0.32,0.3795998,2026-09-18T17:02:14.020002
1038,5,CC1,CC,9:8,5303.3,4714.0,225.0,0.592,0.4381445,0.152,0.3510397,0.32,0.379636,2026-09-18T17:02:19.129505
1039,5,CC1,CC,9:8,5303.3,4714.0,270.0,nan,nan,nan,nan,nan,nan,2026-09-18T17:02:24.284414
1040,5,CC1,CC,9:8,5303.3,4714.0,315.0,0.592,0.4380127,0.152,0.3504131,0.32,0.379489,2026-09-18T17:02:29.551794
1041,5,CC5,CC,25:9,8333.3,3000.0,0.0,nan,nan,nan,nan,nan,nan,2026-09-18T17:02:34.569052
1042,5,CC5,CC,25:9,8333.3,3000.0,45.0,nan,nan,nan,nan,nan,nan,2026-09-18T17:02:39.618163
1043,5,CC5,CC,25:9,8333.3,3000.0,90.0,0.584,0.4353223,0.168,0.3516563,0.32,0.3789514,2026-09-18T17:02:45.021537
1044,5,CC5,CC,25:9,8333.3,3000.0,135.0,nan,nan,nan,nan,nan,nan,2026-09-18T17:02:50.083817
1045,5,CC5,CC,25:9,8333.3,3000.0,180.0,0.576,0.4354549,0.152,0.3507914,0.32,0.3767263,2026-09-18T17:02:55.319718
1046,5,CC5,CC,25:9,8333.3,3000.0,225.0,0.576,0.4356584,0.152,0.3511947,0.32,0.3770562,2026-09-18T17:03:00.420796
1047,5,CC5,CC,25:9,8333.3,3000.0,270.0,nan,nan,nan,nan,nan,nan,2026-09-18T17:03:05.808935
1048,5,CC5,CC,25:9,8333.3,3000.0,315.0,0.584,0.4006014,0.16,0.06447691,0.32,0.2296184,2026-09-18T17:03:11.147814
1049,5,CC7,CC,36:25,6000.0,4166.7,0.0,nan,nan,nan,nan,nan,nan,2026-09-18T17:03:16.150239
1050,5,CC7,CC,36:25,6000.0,4166.7,45.0,0.648,0.4455845,0.632,0.4453692,0.584,0.4345846,2026-09-18T17:03:21.279976
1051,5,CC7,CC,36:25,6000.0,4166.7,90.0,nan,nan,nan,nan,nan,nan,2026-09-18T17:03:26.281794
1052,5,CC7,CC,36:25,6000.0,4166.7,135.0,0.592,0.4376395,0.152,0.3511294,0.32,0.3794259,2026-09-18T17:03:31.505829
1053,5,CC7,CC,36:25,6000.0,4166.7,180.0,0.592,0.4375975,0.168,0.3523716,0.32,0.3793178,2026-09-18T17:03:36.660040
1054,5,CC7,CC,36:25,6000.0,4166.7,225.0,0.656,0.4435129,0.68,0.4420514,0.608,0.4150349,2026-09-18T17:03:41.624830
1055,5,CC7,CC,36:25,6000.0,4166.7,270.0,nan,nan,nan,nan,nan,nan,2026-09-18T17:03:46.926807
1056,5,CC7,CC,36:25,6000.0,4166.7,315.0,0.648,0.4444595,0.632,0.4455119,0.592,0.43427,2026-09-18T17:03:51.982817
1057,5,IR1,IR,√2:1,5946.0,4204.5,0.0,0.648,0.4425782,0.688,0.4427635,0.608,0.4147086,2026-09-18T17:03:57.158803
1058,5,IR1,IR,√2:1,5946.0,4204.5,45.0,0.664,0.4425253,0.68,0.4425228,0.608,0.4145761,2026-09-18T17:04:02.601121
1059,5,IR1,IR,√2:1,5946.0,4204.5,90.0,nan,nan,nan,nan,nan,nan,2026-09-18T17:04:07.656214
1060,5,IR1,IR,√2:1,5946.0,4204.5,135.0,0.584,0.4376492,0.16,0.3511151,0.32,0.379402,2026-09-18T17:04:12.899874
1061,5,IR1,IR,√2:1,5946.0,4204.5,180.0,0.664,0.442612,0.68,0.4426834,0.608,0.4148371,2026-09-18T17:04:18.302394
1062,5,IR1,IR,√2:1,5946.0,4204.5,225.0,nan,nan,nan,nan,nan,nan,2026-09-18T17:04:23.214647
1063,5,IR1,IR,√2:1,5946.0,4204.5,270.0,nan,nan,nan,nan,nan,nan,2026-09-18T17:04:28.460531
1064,5,IR1,IR,√2:1,5946.0,4204.5,315.0,nan,nan,nan,nan,nan,nan,2026-09-18T17:04:33.581751
1065,5,PP4,PP,11:7,6267.8,3988.6,0.0,0.584,0.437279,0.176,0.3523619,0.32,0.3793231,2026-09-18T17:04:38.780133
1066,5,PP4,PP,11:7,6267.8,3988.6,45.0,0.592,0.4023761,0.168,0.06487694,0.32,0.2315212,2026-09-18T17:04:43.977167
1067,5,PP4,PP,11:7,6267.8,3988.6,90.0,0.648,0.4435937,0.664,0.4416953,0.608,0.4167974,2026-09-18T17:04:49.191051
1068,5,PP4,PP,11:7,6267.8,3988.6,135.0,0.584,0.4373842,0.16,0.3509013,0.32,0.3792845,2026-09-18T17:04:54.289874
1069,5,PP4,PP,11:7,6267.8,3988.6,180.0,0.592,0.4370921,0.16,0.3506235,0.32,0.3790188,2026-09-18T17:04:59.457861
1070,5,PP4,PP,11:7,6267.8,3988.6,225.0,nan,nan,nan,nan,nan,nan,2026-09-18T17:05:04.780972
1071,5,PP4,PP,11:7,6267.8,3988.6,270.0,nan,nan,nan,nan,nan,nan,2026-09-18T17:05:09.989469
1072,5,PP4,PP,11:7,6267.8,3988.6,315.0,0.584,0.4372864,0.16,0.350619,0.32,0.379025,2026-09-18T17:05:15.028528
1073,5,CC2,CC,25:16,6250.0,4000.0,0.0,nan,nan,nan,nan,nan,nan,2026-09-18T17:05:20.217393
1074,5,CC2,CC,25:16,6250.0,4000.0,45.0,nan,nan,nan,nan,nan,nan,2026-09-18T17:05:25.395926
1075,5,CC2,CC,25:16,6250.0,4000.0,90.0,nan,nan,nan,nan,nan,nan,2026-09-18T17:05:30.456609
1076,5,CC2,CC,25:16,6250.0,4000.0,135.0,nan,nan,nan,nan,nan,nan,2026-09-18T17:05:35.640691
1077,5,CC2,CC,25:16,6250.0,4000.0,180.0,nan,nan,nan,nan,nan,nan,2026-09-18T17:05:41.106404
1078,5,CC2,CC,25:16,6250.0,4000.0,225.0,nan,nan,nan,nan,nan,nan,2026-09-18T17:05:46.110276
1079,5,CC2,CC,25:16,6250.0,4000.0,270.0,nan,nan,nan,nan,nan,nan,2026-09-18T17:05:51.315337
1080,5,CC2,CC,25:16,6250.0,4000.0,315.0,nan,nan,nan,nan,nan,nan,2026-09-18T17:05:56.451061
1081,5,CC9,CC,27:16,6495.2,3849.0,0.0,0.584,0.4370466,0.152,0.3509015,0.32,0.379123,2026-09-18T17:06:01.828910
1082,5,CC9,CC,27:16,6495.2,3849.0,45.0,0.584,0.4370306,0.16,0.3510523,0.32,0.3792053,2026-09-18T17:06:07.229837
1083,5,CC9,CC,27:16,6495.2,3849.0,90.0,nan,nan,nan,nan,nan,nan,2026-09-18T17:06:12.605779
1084,5,CC9,CC,27:16,6495.2,3849.0,135.0,nan,nan,nan,nan,nan,nan,2026-09-18T17:06:18.056537
1085,5,CC9,CC,27:16,6495.2,3849.0,180.0,0.632,0.4450522,0.56,0.4250833,0.528,0.4277621,2026-09-18T17:06:23.372139
1086,5,CC9,CC,27:16,6495.2,3849.0,225.0,nan,nan,nan,nan,nan,nan,2026-09-18T17:06:28.409465
1087,5,CC9,CC,27:16,6495.2,3849.0,270.0,0.584,0.4372112,0.16,0.3511998,0.32,0.379296,2026-09-18T17:06:33.625855
1088,5,CC9,CC,27:16,6495.2,3849.0,315.0,nan,nan,nan,nan,nan,nan,2026-09-18T17:06:38.711077
1089,5,IR4,IR,π/2:1,6266.6,3989.4,0.0,0.584,0.4374262,0.168,0.3507,0.32,0.3791199,2026-09-18T17:06:43.697609
1090,5,IR4,IR,π/2:1,6266.6,3989.4,45.0,0.584,0.4373007,0.208,0.3546627,0.336,0.3811685,2026-09-18T17:06:48.855993
1091,5,IR4,IR,π/2:1,6266.6,3989.4,90.0,0.592,0.4384004,0.336,0.3725657,0.4,0.3957233,2026-09-18T17:06:53.849989
1092,5,IR4,IR,π/2:1,6266.6,3989.4,135.0,0.584,0.4020568,0.152,0.06179738,0.32,0.2286987,2026-09-18T17:06:59.040831
1093,5,IR4,IR,π/2:1,6266.6,3989.4,180.0,nan,nan,nan,nan,nan,nan,2026-09-18T17:07:04.277482
1094,5,IR4,IR,π/2:1,6266.6,3989.4,225.0,nan,nan,nan,nan,nan,nan,2026-09-18T17:07:09.206882
1095,5,IR4,IR,π/2:1,6266.6,3989.4,270.0,1.002,0.6533361,nan,nan,nan,nan,2026-09-18T17:07:14.652068
1096,5,IR4,IR,π/2:1,6266.6,3989.4,315.0,0.592,0.437224,0.152,0.3513021,0.32,0.3794245,2026-09-18T17:07:20.059153
1097,5,PC4,PC,7:4,6614.4,3779.6,0.0,0.64,0.5914137,nan,nan,nan,nan,2026-09-18T17:07:25.357113
1098,5,PC4,PC,7:4,6614.4,3779.6,45.0,0.648,0.4442471,0.68,0.4404891,0.608,0.4198689,2026-09-18T17:07:30.390935
1099,5,PC4,PC,7:4,6614.4,3779.6,90.0,nan,nan,nan,nan,nan,nan,2026-09-18T17:07:35.345973
1100,5,PC4,PC,7:4,6614.4,3779.6,135.0,nan,nan,nan,nan,nan,nan,2026-09-18T17:07:40.516899
1101,5,PC4,PC,7:4,6614.4,3779.6,180.0,0.656,0.4442932,0.68,0.4412416,0.608,0.4192158,2026-09-18T17:07:45.510160
1102,5,PC4,PC,7:4,6614.4,3779.6,225.0,0.592,0.4369437,0.152,0.350867,0.32,0.3790898,2026-09-18T17:07:50.647916
1103,5,PC4,PC,7:4,6614.4,3779.6,270.0,0.648,0.4423652,0.656,0.4279871,0.608,0.4081725,2026-09-18T17:07:56.047743
1104,5,PC4,PC,7:4,6614.4,3779.6,315.0,0.656,0.4446252,0.68,0.4404036,0.608,0.4186931,2026-09-18T17:08:01.434197
1105,5,CC8,CC,49:32,6187.2,4040.6,0.0,0.664,0.4435348,0.688,0.4421636,0.608,0.41648,2026-09-18T17:08:06.861013
1106,5,CC8,CC,49:32,6187.2,4040.6,45.0,0.584,0.4372266,0.168,0.351366,0.32,0.3793544,2026-09-18T17:08:12.262087
1107,5,CC8,CC,49:32,6187.2,4040.6,90.0,nan,nan,nan,nan,nan,nan,2026-09-18T17:08:17.709039
1108,5,CC8,CC,49:32,6187.2,4040.6,135.0,0.664,0.443072,0.68,0.4420986,0.608,0.4156939,2026-09-18T17:08:22.809052
1109,5,CC8,CC,49:32,6187.2,4040.6,180.0,0.584,0.4374741,0.16,0.3509836,0.32,0.3791215,2026-09-18T17:08:28.045997
1110,5,CC8,CC,49:32,6187.2,4040.6,225.0,0.664,0.4428306,0.68,0.4421533,0.608,0.4165176,2026-09-18T17:08:33.145108
1111,5,CC8,CC,49:32,6187.2,4040.6,270.0,0.584,0.4371931,0.152,0.350365,0.32,0.3788607,2026-09-18T17:08:38.137926
1112,5,CC8,CC,49:32,6187.2,4040.6,315.0,0.592,0.4373502,0.208,0.3547982,0.336,0.3812743,2026-09-18T17:08:43.330932
1113,5,PP6,PP,7:3,7637.6,3273.3,0.0,0.648,0.4456259,0.68,0.4371412,0.608,0.4233058,2026-09-18T17:08:48.444944
1114,5,PP6,PP,7:3,7637.6,3273.3,45.0,0.648,0.4438417,0.64,0.422806,0.576,0.411392,2026-09-18T17:08:53.843204
1115,5,PP6,PP,7:3,7637.6,3273.3,90.0,nan,nan,nan,nan,nan,nan,2026-09-18T17:08:58.791146
1116,5,PP6,PP,7:3,7637.6,3273.3,135.0,nan,nan,nan,nan,nan,nan,2026-09-18T17:09:03.918640
1117,5,PP6,PP,7:3,7637.6,3273.3,180.0,0.584,0.4362041,0.168,0.3513836,0.32,0.3780717,2026-09-18T17:09:09.066010
1118,5,PP6,PP,7:3,7637.6,3273.3,225.0,0.664,0.4459934,0.688,0.4368896,0.608,0.4228708,2026-09-18T17:09:14.374198
1119,5,PP6,PP,7:3,7637.6,3273.3,270.0,0.584,0.4363792,0.152,0.3512098,0.32,0.3779007,2026-09-18T17:09:19.747051
1120,5,PP6,PP,7:3,7637.6,3273.3,315.0,0.584,0.4361301,0.152,0.3508169,0.32,0.3775572,2026-09-18T17:09:25.144087
1121,5,NC1,NC,4:2,7071.1,3535.5,0.0,0.632,0.4489308,0.632,0.4565057,0.536,0.4439515,2026-09-18T17:09:30.541081
1122,5,NC1,NC,4:2,7071.1,3535.5,45.0,0.584,0.4367056,0.176,0.3525697,0.32,0.3794821,2026-09-18T17:09:35.903066
1123,5,NC1,NC,4:2,7071.1,3535.5,90.0,0.64,0.4375107,0.624,0.410773,0.496,0.3749244,2026-09-18T17:09:41.247056
1124,5,NC1,NC,4:2,7071.1,3535.5,135.0,nan,nan,nan,nan,nan,nan,2026-09-18T17:09:46.221765
1125,5,NC1,NC,4:2,7071.1,3535.5,180.0,0.64,0.4435986,0.632,0.444196,0.592,0.4298888,2026-09-18T17:09:51.501019
1126,5,NC1,NC,4:2,7071.1,3535.5,225.0,nan,nan,nan,nan,nan,nan,2026-09-18T17:09:56.423544
1127,5,NC1,NC,4:2,7071.1,3535.5,270.0,nan,nan,nan,nan,nan,nan,2026-09-18T17:10:01.571038
1128,5,NC1,NC,4:2,7071.1,3535.5,315.0,0.64,0.4481629,0.624,0.4543982,0.544,0.4386521,2026-09-18T17:10:06.803041
1129,5,PP2,PP,5:3,6455.0,3873.0,0.0,0.64,0.4457751,0.64,0.4453217,0.592,0.4336703,2026-09-18T17:10:11.832406
1130,5,PP2,PP,5:3,6455.0,3873.0,45.0,nan,nan,nan,nan,nan,nan,2026-09-18T17:10:17.066513
1131,5,PP2,PP,5:3,6455.0,3873.0,90.0,0.648,0.4456425,0.64,0.4456027,0.592,0.4339312,2026-09-18T17:10:22.081115
1132,5,PP2,PP,5:3,6455.0,3873.0,135.0,nan,nan,nan,nan,nan,nan,2026-09-18T17:10:27.261562
1133,5,PP2,PP,5:3,6455.0,3873.0,180.0,nan,nan,nan,nan,nan,nan,2026-09-18T17:10:32.481462
1134,5,PP2,PP,5:3,6455.0,3873.0,225.0,0.648,0.444193,0.68,0.4415174,0.592,0.418012,2026-09-18T17:10:37.869248
1135,5,PP2,PP,5:3,6455.0,3873.0,270.0,nan,nan,nan,nan,nan,nan,2026-09-18T17:10:42.844939
1136,5,PP2,PP,5:3,6455.0,3873.0,315.0,0.584,0.4371759,0.176,0.3524334,0.32,0.3793139,2026-09-18T17:10:47.994078
1137,5,PP8,PP,11:3,9574.3,2611.2,0.0,0.624,0.4411069,0.568,0.4277423,0.528,0.4252288,2026-09-18T17:10:53.167744
1138,5,PP8,PP,11:3,9574.3,2611.2,45.0,nan,nan,nan,nan,nan,nan,2026-09-18T17:10:58.341926
1139,5,PP8,PP,11:3,9574.3,2611.2,90.0,nan,nan,nan,nan,nan,nan,2026-09-18T17:11:03.591069
1140,5,PP8,PP,11:3,9574.3,2611.2,135.0,nan,nan,nan,nan,nan,nan,2026-09-18T17:11:08.626046
1141,5,PP8,PP,11:3,9574.3,2611.2,180.0,0.6,0.438596,0.448,0.3981651,0.456,0.4096527,2026-09-18T17:11:13.831219
1142,5,PP8,PP,11:3,9574.3,2611.2,225.0,nan,nan,nan,nan,nan,nan,2026-09-18T17:11:19.056546
1143,5,PP8,PP,11:3,9574.3,2611.2,270.0,nan,nan,nan,nan,nan,nan,2026-09-18T17:11:24.446040
1144,5,PP8,PP,11:3,9574.3,2611.2,315.0,nan,nan,nan,nan,nan,nan,2026-09-18T17:11:29.880579
1145,5,CC6,CC,49:25,7000.0,3571.4,0.0,0.656,0.4454234,0.688,0.4263074,0.608,0.4167918,2026-09-18T17:11:34.803516
1146,5,CC6,CC,49:25,7000.0,3571.4,45.0,0.656,0.446143,0.68,0.4401751,0.608,0.4209912,2026-09-18T17:11:40.037270
1147,5,CC6,CC,49:25,7000.0,3571.4,90.0,nan,nan,nan,nan,nan,nan,2026-09-18T17:11:45.151301
1148,5,CC6,CC,49:25,7000.0,3571.4,135.0,0.584,0.4369293,0.248,0.3598224,0.352,0.3864128,2026-09-18T17:11:50.367174
1149,5,CC6,CC,49:25,7000.0,3571.4,180.0,0.6,0.4410469,0.456,0.3977536,0.472,0.4111539,2026-09-18T17:11:55.561667
1150,5,CC6,CC,49:25,7000.0,3571.4,225.0,0.592,0.4378676,0.336,0.3725275,0.4,0.3956885,2026-09-18T17:12:00.711173
1151,5,CC6,CC,49:25,7000.0,3571.4,270.0,nan,nan,nan,nan,nan,nan,2026-09-18T17:12:05.686517
1152,5,CC6,CC,49:25,7000.0,3571.4,315.0,0.648,0.4452524,0.672,0.4404339,0.608,0.4201179,2026-09-18T17:12:10.985958
1153,5,PC6,PC,13:4,9013.9,2773.5,0.0,0.584,0.4349635,0.168,0.3514583,0.312,0.3762025,2026-09-18T17:12:16.092896
1154,5,PC6,PC,13:4,9013.9,2773.5,45.0,0.648,0.4461879,0.68,0.4301307,0.608,0.4226685,2026-09-18T17:12:21.341318
1155,5,PC6,PC,13:4,9013.9,2773.5,90.0,nan,nan,nan,nan,nan,nan,2026-09-18T17:12:26.400480
1156,5,PC6,PC,13:4,9013.9,2773.5,135.0,0.648,0.4466957,0.672,0.4331838,0.608,0.4244531,2026-09-18T17:12:31.646816
1157,5,PC6,PC,13:4,9013.9,2773.5,180.0,nan,nan,nan,nan,nan,nan,2026-09-18T17:12:37.076802
1158,5,PC6,PC,13:4,9013.9,2773.5,225.0,0.648,0.4460696,0.68,0.4299586,0.608,0.4227646,2026-09-18T17:12:42.442843
1159,5,PC6,PC,13:4,9013.9,2773.5,270.0,nan,nan,nan,nan,nan,nan,2026-09-18T17:12:47.843788
1160,5,PC6,PC,13:4,9013.9,2773.5,315.0,0.584,0.435006,0.152,0.3511005,0.312,0.3759486,2026-09-18T17:12:53.212723
1161,5,NC2,NC,9:6,6123.7,4082.5,0.0,nan,nan,nan,nan,nan,nan,2026-09-18T17:12:58.495537
1162,5,NC2,NC,9:6,6123.7,4082.5,45.0,0.64,0.4432619,0.656,0.4438155,0.568,0.4241543,2026-09-18T17:13:03.803799
1163,5,NC2,NC,9:6,6123.7,4082.5,90.0,nan,nan,nan,nan,nan,nan,2026-09-18T17:13:08.848739
1164,5,NC2,NC,9:6,6123.7,4082.5,135.0,nan,nan,nan,nan,nan,nan,2026-09-18T17:13:13.941787
1165,5,NC2,NC,9:6,6123.7,4082.5,180.0,0.592,0.4386121,0.336,0.3724177,0.4,0.3957356,2026-09-18T17:13:19.338800
1166,5,NC2,NC,9:6,6123.7,4082.5,225.0,nan,nan,nan,nan,nan,nan,2026-09-18T17:13:24.410940
1167,5,NC2,NC,9:6,6123.7,4082.5,270.0,0.584,0.4023478,0.16,0.06511036,0.32,0.2317224,2026-09-18T17:13:29.529742
1168,5,NC2,NC,9:6,6123.7,4082.5,315.0,0.656,0.4426335,0.656,0.4407717,0.56,0.4065756,2026-09-18T17:13:34.761823
1169,5,PP3,PP,7:5,5916.1,4225.8,0.0,0.664,0.4423754,0.688,0.4426045,0.608,0.4142588,2026-09-18T17:13:39.906177
1170,5,PP3,PP,7:5,5916.1,4225.8,45.0,nan,nan,nan,nan,nan,nan,2026-09-18T17:13:45.125940
1171,5,PP3,PP,7:5,5916.1,4225.8,90.0,0.656,0.4424182,0.68,0.4425905,0.608,0.4141142,2026-09-18T17:13:50.519390
1172,5,PP3,PP,7:5,5916.1,4225.8,135.0,0.648,0.4423935,0.68,0.4428256,0.608,0.4146442,2026-09-18T17:13:55.698154
1173,5,PP3,PP,7:5,5916.1,4225.8,180.0,nan,nan,nan,nan,nan,nan,2026-09-18T17:14:00.947353
1174,5,PP3,PP,7:5,5916.1,4225.8,225.0,nan,nan,nan,nan,nan,nan,2026-09-18T17:14:06.227794
1175,5,PP3,PP,7:5,5916.1,4225.8,270.0,nan,nan,nan,nan,nan,nan,2026-09-18T17:14:11.226284
1176,5,PP3,PP,7:5,5916.1,4225.8,315.0,0.584,0.4375859,0.248,0.3597749,0.352,0.3867011,2026-09-18T17:14:16.561447
1177,5,PP5,PP,13:11,5435.6,4599.3,0.0,nan,nan,nan,nan,nan,nan,2026-09-18T17:14:21.814814
1178,5,PP5,PP,13:11,5435.6,4599.3,45.0,nan,nan,nan,nan,nan,nan,2026-09-18T17:14:27.200889
1179,5,PP5,PP,13:11,5435.6,4599.3,90.0,0.592,0.4381588,0.16,0.3511148,0.32,0.3798442,2026-09-18T17:14:32.575960
1180,5,PP5,PP,13:11,5435.6,4599.3,135.0,nan,nan,nan,nan,nan,nan,2026-09-18T17:14:38.076868
1181,5,PP5,PP,13:11,5435.6,4599.3,180.0,0.664,0.4406037,0.68,0.44308,0.608,0.4094014,2026-09-18T17:14:43.494789
1182,5,PP5,PP,13:11,5435.6,4599.3,225.0,0.656,0.4404797,0.672,0.4432837,0.608,0.4098612,2026-09-18T17:14:48.831799
1183,5,PP5,PP,13:11,5435.6,4599.3,270.0,nan,nan,nan,nan,nan,nan,2026-09-18T17:14:54.232737
1184,5,PP5,PP,13:11,5435.6,4599.3,315.0,0.592,0.4377988,0.16,0.3504789,0.32,0.3794572,2026-09-18T17:14:59.625442
1185,5,IR2,IR,φ:1,6360.1,3930.8,0.0,nan,nan,nan,nan,nan,nan,2026-09-18T17:15:04.647243
1186,5,IR2,IR,φ:1,6360.1,3930.8,45.0,0.656,0.4436832,0.68,0.4416285,0.608,0.4175562,2026-09-18T17:15:09.833183
1187,5,IR2,IR,φ:1,6360.1,3930.8,90.0,0.584,0.437184,0.2,0.3548105,0.336,0.3812393,2026-09-18T17:15:15.281855
1188,5,IR2,IR,φ:1,6360.1,3930.8,135.0,0.664,0.4437242,0.68,0.4418082,0.608,0.4175656,2026-09-18T17:15:20.629818
1189,5,IR2,IR,φ:1,6360.1,3930.8,180.0,0.648,0.4437562,0.68,0.4417009,0.608,0.4176345,2026-09-18T17:15:25.993764
1190,5,IR2,IR,φ:1,6360.1,3930.8,225.0,0.664,0.4436041,0.688,0.4416611,0.608,0.4175711,2026-09-18T17:15:31.033227
1191,5,IR2,IR,φ:1,6360.1,3930.8,270.0,nan,nan,nan,nan,nan,nan,2026-09-18T17:15:36.252944
1192,5,IR2,IR,φ:1,6360.1,3930.8,315.0,0.656,0.443548,0.688,0.441391,0.608,0.417639,2026-09-18T17:15:41.673832
1193,5,PC3,PC,13:9,6009.3,4160.3,0.0,0.656,0.4428248,0.68,0.4424374,0.608,0.4153192,2026-09-18T17:15:46.693835
1194,5,PC3,PC,13:9,6009.3,4160.3,45.0,0.584,0.4372467,0.216,0.3545168,0.336,0.3814611,2026-09-18T17:15:51.961427
1195,5,PC3,PC,13:9,6009.3,4160.3,90.0,1.002,0.6527084,nan,nan,nan,nan,2026-09-18T17:15:57.200682
1196,5,PC3,PC,13:9,6009.3,4160.3,135.0,0.584,0.4375139,0.184,0.3523197,0.32,0.3792681,2026-09-18T17:16:02.231916
1197,5,PC3,PC,13:9,6009.3,4160.3,180.0,0.928,0.6662822,nan,nan,nan,nan,2026-09-18T17:16:07.431948
1198,5,PC3,PC,13:9,6009.3,4160.3,225.0,nan,nan,nan,nan,nan,nan,2026-09-18T17:16:12.631245
1199,5,PC3,PC,13:9,6009.3,4160.3,270.0,nan,nan,nan,nan,nan,nan,2026-09-18T17:16:17.792964
1200,5,PC3,PC,13:9,6009.3,4160.3,315.0,nan,nan,nan,nan,nan,nan,2026-09-18T17:16:22.890602
