trial,block,pair_id,stratum,ratio,f1,f2,phase_offset,timebase_s,vpp_ch1,vrms_ch1,vpp_ch2,vrms_ch2,vpp_ch3,vrms_ch3,rsp_db,crest_factor,spectral_flatness,envelope_regularity,xcorr_peak,phase_coherence,wf_points,sample_rate,timestamp
1,1,PP8,PP,11:3,9574.3,2611.2,0.0,0.0001,0.576,0.3839178,0.152,0.347852,0.304,0.3560991,-32.9574,1.3932,0.002717,0.2637,0.9093,0.8603,1200,1000000.0,2026-09-18T17:55:49.099976
2,1,PP8,PP,11:3,9574.3,2611.2,45.0,0.0001,0.56,0.5356585,nan,nan,nan,nan,-35.6239,1.0747,0.004435,0.0718,0.9403,0.9303,1200,1000000.0,2026-09-18T17:55:57.116482
3,1,PP8,PP,11:3,9574.3,2611.2,90.0,0.0001,0.576,0.3872837,0.152,0.348891,0.304,0.3584676,-28.6109,1.3836,0.008449,0.2615,0.9122,0.8623,1200,1000000.0,2026-09-18T17:56:05.299078
4,1,PP8,PP,11:3,9574.3,2611.2,135.0,0.0001,0.576,0.383773,0.152,0.3480277,0.312,0.3560065,-32.7355,1.416,0.00281,0.2605,0.9099,0.8631,1200,1000000.0,2026-09-18T17:56:13.735388
5,1,PP8,PP,11:3,9574.3,2611.2,180.0,0.0001,0.632,0.3886259,0.664,0.3979449,0.592,0.3754553,-33.0193,1.7055,0.001404,0.3174,0.8395,0.7532,1200,1000000.0,2026-09-18T17:56:21.809649
6,1,PP8,PP,11:3,9574.3,2611.2,225.0,0.0001,0.632,0.3842865,0.6720001,0.3895146,0.608,0.3687972,-31.2753,1.7589,0.002365,0.3484,0.8347,0.7567,1200,1000000.0,2026-09-18T17:56:29.925947
7,1,PP8,PP,11:3,9574.3,2611.2,270.0,0.0001,0.576,0.3945065,0.152,0.3498673,0.312,0.3628113,-30.0664,1.3891,0.006583,0.2548,0.9153,0.8669,1200,1000000.0,2026-09-18T17:56:38.364728
8,1,PP8,PP,11:3,9574.3,2611.2,315.0,0.0001,0.632,0.3840881,0.656,0.3862356,0.592,0.3653212,-30.2304,1.7503,0.003265,0.3286,0.8189,0.7341,1200,1000000.0,2026-09-18T17:56:46.838895
9,1,CC8,CC,49:32,6187.2,4040.6,0.0,0.0002,0.584,0.3885748,0.152,0.3486285,0.32,0.3588238,-33.3693,1.4029,0.001746,0.2618,0.9114,0.8572,1200,500000.0,2026-09-18T17:56:55.535305
10,1,CC8,CC,49:32,6187.2,4040.6,45.0,0.0002,0.608,0.3902868,0.448,0.3695899,0.48,0.3639669,-18.4536,1.6026,0.002301,0.2631,0.862,0.7967,1200,500000.0,2026-09-18T17:57:04.021216
11,1,CC8,CC,49:32,6187.2,4040.6,90.0,0.0002,0.584,0.3943278,0.152,0.3495202,0.32,0.3623012,-32.7709,1.3923,0.003241,0.2567,0.913,0.8593,1200,500000.0,2026-09-18T17:57:12.412947
12,1,CC8,CC,49:32,6187.2,4040.6,135.0,0.0002,0.584,0.3908925,0.16,0.3487681,0.32,0.3598438,-32.4884,1.3998,0.003409,0.2639,0.9113,0.856,1200,500000.0,2026-09-18T17:57:20.982300
13,1,CC8,CC,49:32,6187.2,4040.6,180.0,0.0002,0.584,0.3931899,0.248,0.3557655,0.352,0.361945,-25.1729,1.437,0.009699,0.2712,0.8909,0.8342,1200,500000.0,2026-09-18T17:57:29.093134
14,1,CC8,CC,49:32,6187.2,4040.6,225.0,0.0002,0.664,0.3948797,0.68,0.3990739,0.608,0.3779927,-32.4687,1.716,0.002026,0.3035,0.8283,0.7447,1200,500000.0,2026-09-18T17:57:36.901999
15,1,CC8,CC,49:32,6187.2,4040.6,270.0,0.0002,0.584,0.391504,0.16,0.3492468,0.32,0.3602922,-32.5152,1.3983,0.002999,0.2615,0.9108,0.856,1200,500000.0,2026-09-18T17:57:45.245861
16,1,CC8,CC,49:32,6187.2,4040.6,315.0,0.0002,0.592,0.3940487,0.328,0.3615592,0.4,0.3642812,-21.6762,1.4945,0.003249,0.2587,0.8812,0.8226,1200,500000.0,2026-09-18T17:57:53.261051
17,1,CC2,CC,25:16,6250.0,4000.0,0.0,0.0002,0.584,0.3926544,0.16,0.349144,0.32,0.361262,-33.406,1.3965,0.000713,0.2514,0.9123,0.8552,1200,500000.0,2026-09-18T17:58:01.500864
18,1,CC2,CC,25:16,6250.0,4000.0,45.0,0.0002,0.584,0.3920842,0.152,0.3495937,0.32,0.3608855,-33.2568,1.3965,0.000741,0.2662,0.9122,0.8559,1200,500000.0,2026-09-18T17:58:10.193145
19,1,CC2,CC,25:16,6250.0,4000.0,90.0,0.0002,0.632,0.3924454,0.56,0.3814216,0.528,0.3693118,-15.9648,1.6467,0.001468,0.2678,0.8468,0.7687,1200,500000.0,2026-09-18T17:58:17.737116
20,1,CC2,CC,25:16,6250.0,4000.0,135.0,0.0002,0.592,0.3909146,0.328,0.3610142,0.4,0.3622642,-21.7869,1.4995,0.001847,0.2593,0.8781,0.8205,1200,500000.0,2026-09-18T17:58:25.943774
21,1,CC2,CC,25:16,6250.0,4000.0,180.0,0.0002,0.584,0.3925388,0.152,0.3489819,0.32,0.3610106,-33.0408,1.3971,0.000937,0.267,0.9125,0.8577,1200,500000.0,2026-09-18T17:58:34.517686
22,1,CC2,CC,25:16,6250.0,4000.0,225.0,0.0002,0.648,0.3951721,0.688,0.402717,0.608,0.3810289,-31.8089,1.7028,0.002498,0.3009,0.842,0.749,1200,500000.0,2026-09-18T17:58:42.993711
23,1,CC2,CC,25:16,6250.0,4000.0,270.0,0.0002,0.648,0.3916626,0.68,0.393031,0.608,0.3739581,-30.3805,1.7299,0.003553,0.3003,0.8327,0.7353,1200,500000.0,2026-09-18T17:58:51.415075
24,1,CC2,CC,25:16,6250.0,4000.0,315.0,0.0002,0.648,0.3925366,0.68,0.3951326,0.608,0.3739794,-29.9434,1.734,0.004675,0.3074,0.8218,0.7198,1200,500000.0,2026-09-18T17:58:59.802269
25,1,CC1,CC,9:8,5303.3,4714.0,0.0,0.0005,0.584,0.3948798,0.152,0.3495969,0.32,0.3619001,-29.5155,1.3937,0.002878,0.196,0.9151,0.857,1200,199999.99999999997,2026-09-18T17:59:08.369136
26,1,CC1,CC,9:8,5303.3,4714.0,45.0,0.0005,0.592,0.3933649,0.152,0.3492492,0.32,0.3607979,-29.3538,1.3965,0.003358,0.2006,0.9139,0.8545,1200,199999.99999999997,2026-09-18T17:59:16.629830
27,1,CC1,CC,9:8,5303.3,4714.0,90.0,0.0005,0.584,0.3944238,0.16,0.3494748,0.32,0.3616641,-29.3993,1.394,0.003106,0.1914,0.9147,0.8573,1200,199999.99999999997,2026-09-18T17:59:25.224225
28,1,CC1,CC,9:8,5303.3,4714.0,135.0,0.0005,0.648,0.3949243,0.624,0.3943337,0.584,0.3742826,-14.2309,1.7112,0.005508,0.2593,0.8284,0.7353,1200,199999.99999999997,2026-09-18T17:59:33.832992
29,1,CC1,CC,9:8,5303.3,4714.0,180.0,0.0005,0.648,0.3952786,0.632,0.3947172,0.592,0.3747717,-14.2254,1.7087,0.00688,0.2503,0.8285,0.7361,1200,199999.99999999997,2026-09-18T17:59:41.723099
30,1,CC1,CC,9:8,5303.3,4714.0,225.0,0.0005,0.648,0.3953294,0.632,0.3941719,0.592,0.3747844,-14.2355,1.7096,0.005483,0.2541,0.8283,0.7331,1200,199999.99999999997,2026-09-18T17:59:49.882752
31,1,CC1,CC,9:8,5303.3,4714.0,270.0,0.0005,0.584,0.3944987,0.152,0.3493395,0.32,0.3618816,-29.3589,1.3934,0.003245,0.1956,0.9145,0.8555,1200,199999.99999999997,2026-09-18T17:59:58.166642
32,1,CC1,CC,9:8,5303.3,4714.0,315.0,0.0005,0.592,0.3941552,0.208,0.3520629,0.336,0.3620843,-27.4567,1.4146,0.005123,0.2562,0.9103,0.8579,1200,199999.99999999997,2026-09-18T18:00:06.614969
33,1,IR2,IR,φ:1,6360.1,3930.8,0.0,0.0001,0.584,0.3948965,0.152,0.3497461,0.32,0.3629382,-29.1094,1.3888,0.00857,0.2687,0.9115,0.8627,1200,1000000.0,2026-09-18T18:00:14.805614
34,1,IR2,IR,φ:1,6360.1,3930.8,45.0,0.0001,0.576,0.3909123,0.16,0.3487313,0.32,0.3601227,-28.76,1.3992,0.008506,0.2722,0.9098,0.8575,1200,1000000.0,2026-09-18T18:00:23.438103
35,1,IR2,IR,φ:1,6360.1,3930.8,90.0,0.0001,0.576,0.3878165,0.192,0.3506508,0.336,0.3582632,-27.7941,1.4287,0.009837,0.282,0.8997,0.8473,1200,1000000.0,2026-09-18T18:00:31.616520
36,1,IR2,IR,φ:1,6360.1,3930.8,135.0,0.0001,0.576,0.3833587,0.152,0.3479554,0.32,0.3557781,-31.9576,1.416,0.004871,0.2766,0.9075,0.8567,1200,1000000.0,2026-09-18T18:00:39.723603
37,1,IR2,IR,φ:1,6360.1,3930.8,180.0,0.0001,0.584,0.3586407,0.152,0.05832306,0.32,0.2053977,-26.4648,1.5983,0.005334,0.403,0.8486,0.6862,1200,1000000.0,2026-09-18T18:00:48.008003
38,1,IR2,IR,φ:1,6360.1,3930.8,225.0,0.0001,0.648,0.396749,0.664,0.3836391,0.6,0.3728448,-31.3428,1.7373,0.00281,0.3575,0.8381,0.7399,1200,1000000.0,2026-09-18T18:00:56.447722
39,1,IR2,IR,φ:1,6360.1,3930.8,270.0,0.0001,0.584,0.386242,0.16,0.3488298,0.32,0.3578828,-29.9431,1.4078,0.007019,0.2783,0.9079,0.8555,1200,1000000.0,2026-09-18T18:01:04.818618
40,1,IR2,IR,φ:1,6360.1,3930.8,315.0,0.0001,0.584,0.3820119,0.152,0.347475,0.32,0.3550123,-33.9163,1.419,0.002866,0.2737,0.9074,0.8587,1200,1000000.0,2026-09-18T18:01:12.855120
41,1,CC4,CC,15:8,6846.5,3651.5,0.0,0.0001,0.584,0.3877738,0.328,0.3569286,0.4,0.3597423,-22.8553,1.5135,0.003732,0.2689,0.8863,0.8325,1200,1000000.0,2026-09-18T18:01:20.987818
42,1,CC4,CC,15:8,6846.5,3651.5,45.0,0.0001,0.768,0.5481886,nan,nan,nan,nan,-14.0957,1.1869,0.008801,0.0604,0.936,0.9037,1200,1000000.0,2026-09-18T18:01:29.427541
43,1,CC4,CC,15:8,6846.5,3651.5,90.0,0.0001,0.64,0.3861046,0.656,0.3825886,0.592,0.3649337,-30.5812,1.7338,0.003482,0.3308,0.818,0.7636,1200,1000000.0,2026-09-18T18:01:37.513098
44,1,CC4,CC,15:8,6846.5,3651.5,135.0,0.0001,0.6,0.3891602,0.44,0.3668868,0.472,0.3637573,-18.7393,1.6052,0.003326,0.2744,0.8692,0.8117,1200,1000000.0,2026-09-18T18:01:46.370233
45,1,CC4,CC,15:8,6846.5,3651.5,180.0,0.0001,0.648,0.3909971,0.6720001,0.3827004,0.6,0.3686717,-33.0975,1.7584,0.002234,0.3814,0.8295,0.7053,1200,1000000.0,2026-09-18T18:01:54.733810
46,1,CC4,CC,15:8,6846.5,3651.5,225.0,0.0001,0.576,0.3969738,0.152,0.3498168,0.32,0.3641155,-34.2109,1.3827,0.002763,0.2663,0.9133,0.8617,1200,1000000.0,2026-09-18T18:02:03.624036
47,1,CC4,CC,15:8,6846.5,3651.5,270.0,0.0001,0.576,0.3921022,0.2,0.351819,0.336,0.3615221,-29.0408,1.4158,0.00783,0.2748,0.905,0.8556,1200,1000000.0,2026-09-18T18:02:12.240094
48,1,CC4,CC,15:8,6846.5,3651.5,315.0,0.0001,0.648,0.3912173,0.6720001,0.4104087,0.608,0.3826138,-30.2451,1.6943,0.003814,0.3497,0.8364,0.7551,1200,1000000.0,2026-09-18T18:02:20.321165
49,1,CC9,CC,27:16,6495.2,3849.0,0.0,0.0001,0.64,0.3864658,0.664,0.4002129,0.608,0.375089,-28.3959,1.7259,0.005317,0.3548,0.8325,0.7398,1200,1000000.0,2026-09-18T18:02:28.526399
50,1,CC9,CC,27:16,6495.2,3849.0,45.0,0.0001,0.592,0.3969004,0.328,0.3588285,0.4,0.3659704,-23.0419,1.488,0.002314,0.2715,0.8929,0.8389,1200,1000000.0,2026-09-18T18:02:37.133747
51,1,CC9,CC,27:16,6495.2,3849.0,90.0,0.0001,0.584,0.396832,0.152,0.3504273,0.32,0.3641935,-33.8124,1.3852,0.002776,0.2701,0.9151,0.8653,1200,1000000.0,2026-09-18T18:02:45.344250
52,1,CC9,CC,27:16,6495.2,3849.0,135.0,0.0001,0.64,0.3980228,0.648,0.4076457,0.592,0.3839086,-34.5325,1.6687,0.001711,0.3267,0.8354,0.7468,1200,1000000.0,2026-09-18T18:02:53.922562
53,1,CC9,CC,27:16,6495.2,3849.0,180.0,0.0001,0.584,0.397009,0.152,0.350448,0.32,0.3644232,-34.4886,1.3844,0.00253,0.2663,0.9156,0.8675,1200,1000000.0,2026-09-18T18:03:01.632730
54,1,CC9,CC,27:16,6495.2,3849.0,225.0,0.0001,0.584,0.3914379,0.2,0.3510595,0.336,0.3602272,-28.8522,1.4211,0.007809,0.2817,0.9004,0.8479,1200,1000000.0,2026-09-18T18:03:10.050335
55,1,CC9,CC,27:16,6495.2,3849.0,270.0,0.0001,0.648,0.3956209,0.68,0.3888143,0.608,0.3746139,-26.8144,1.7299,0.006794,0.3385,0.838,0.7646,1200,1000000.0,2026-09-18T18:03:17.940103
56,1,CC9,CC,27:16,6495.2,3849.0,315.0,0.0001,0.64,0.3883504,0.672,0.3910622,0.608,0.3700888,-33.0433,1.7499,0.002259,0.3457,0.8168,0.7202,1200,1000000.0,2026-09-18T18:03:26.175607
57,1,CC6,CC,49:25,7000.0,3571.4,0.0,0.0001,0.64,0.3969209,0.656,0.4110402,0.576,0.3860503,-30.8902,1.6358,0.003275,0.3226,0.8425,0.7562,1200,1000000.0,2026-09-18T18:03:34.506351
58,1,CC6,CC,49:25,7000.0,3571.4,45.0,0.0001,0.576,0.3912224,0.152,0.3490206,0.32,0.3605971,-28.6442,1.3976,0.009037,0.2698,0.912,0.8619,1200,1000000.0,2026-09-18T18:03:43.032928
59,1,CC6,CC,49:25,7000.0,3571.4,90.0,0.0001,0.584,0.3861768,0.152,0.3490417,0.32,0.3578046,-29.5563,1.4089,0.00752,0.272,0.9089,0.8572,1200,1000000.0,2026-09-18T18:03:51.442688
60,1,CC6,CC,49:25,7000.0,3571.4,135.0,0.0001,0.632,0.398078,0.632,0.4109997,0.576,0.3867292,-30.3423,1.6535,0.003585,0.3352,0.8432,0.7427,1200,1000000.0,2026-09-18T18:04:00.105860
61,1,CC6,CC,49:25,7000.0,3571.4,180.0,0.0001,0.584,0.3984481,0.2,0.3528368,0.336,0.3651193,-29.5069,1.4018,0.007154,0.2729,0.9063,0.855,1200,1000000.0,2026-09-18T18:04:08.731402
62,1,CC6,CC,49:25,7000.0,3571.4,225.0,0.0001,0.568,0.3753875,0.16,0.2819545,0.32,0.3204306,-31.8117,1.4489,0.004199,0.3033,0.9061,0.8524,1200,1000000.0,2026-09-18T18:04:16.728974
63,1,CC6,CC,49:25,7000.0,3571.4,270.0,0.0001,0.608,0.3953799,0.624,0.4083435,0.52,0.3836667,-26.5457,1.6874,0.008168,0.3835,0.8415,0.6995,1200,1000000.0,2026-09-18T18:04:24.743648
64,1,CC6,CC,49:25,7000.0,3571.4,315.0,0.0001,0.648,0.3982279,0.6720001,0.3875338,0.608,0.3752095,-33.9169,1.7267,0.001806,0.341,0.8366,0.7415,1200,1000000.0,2026-09-18T18:04:33.019905
65,1,CC5,CC,25:9,8333.3,3000.0,0.0,0.0001,0.576,0.3911789,0.152,0.3492785,0.32,0.3607512,-34.7326,1.3987,0.000988,0.2667,0.9125,0.8609,1200,1000000.0,2026-09-18T18:04:41.268659
66,1,CC5,CC,25:9,8333.3,3000.0,45.0,0.0001,0.648,0.3916469,0.664,0.3945317,0.608,0.3754334,-29.4688,1.7247,0.004217,0.3407,0.8415,0.7474,1200,1000000.0,2026-09-18T18:04:49.492006
67,1,CC5,CC,25:9,8333.3,3000.0,90.0,0.0001,0.576,0.3907508,0.152,0.3487418,0.32,0.3601479,-34.7196,1.3996,0.001303,0.2656,0.9121,0.8601,1200,1000000.0,2026-09-18T18:04:57.667226
68,1,CC5,CC,25:9,8333.3,3000.0,135.0,0.0001,0.64,0.3916177,0.632,0.3925054,0.584,0.3742671,-27.7374,1.7082,0.001968,0.3004,0.8383,0.7422,1200,1000000.0,2026-09-18T18:05:05.975046
69,1,CC5,CC,25:9,8333.3,3000.0,180.0,0.0001,0.568,0.5428449,nan,nan,nan,nan,-36.1347,1.0719,0.002036,0.0711,0.9411,0.9299,1200,1000000.0,2026-09-18T18:05:14.021858
70,1,CC5,CC,25:9,8333.3,3000.0,225.0,0.0001,0.576,0.39117,0.176,0.349926,0.32,0.3605936,-33.6105,1.3993,0.001762,0.2636,0.9096,0.8589,1200,1000000.0,2026-09-18T18:05:22.930982
71,1,CC5,CC,25:9,8333.3,3000.0,270.0,0.0001,0.624,0.390582,0.568,0.3814265,0.528,0.3692362,-15.7964,1.646,0.001164,0.2897,0.8491,0.7778,1200,1000000.0,2026-09-18T18:05:30.994007
72,1,CC5,CC,25:9,8333.3,3000.0,315.0,0.0001,0.616,0.3907694,0.56,0.3797579,0.528,0.3682154,-15.8016,1.6488,0.001195,0.2766,0.847,0.7753,1200,1000000.0,2026-09-18T18:05:39.401436
73,1,CC7,CC,36:25,6000.0,4166.7,0.0,0.0002,0.584,0.3544689,0.152,0.05594646,0.32,0.2015354,-24.9789,1.6267,0.006669,0.3707,0.8332,0.6882,1200,500000.0,2026-09-18T18:05:47.457298
74,1,CC7,CC,36:25,6000.0,4166.7,45.0,0.0002,0.648,0.3878617,0.6720001,0.3937416,0.608,0.3706364,-32.5787,1.7474,0.00169,0.3046,0.8144,0.7168,1200,500000.0,2026-09-18T18:05:55.868007
75,1,CC7,CC,36:25,6000.0,4166.7,90.0,0.0002,0.648,0.3915703,0.68,0.3971505,0.608,0.3765785,-29.6054,1.7209,0.004135,0.312,0.8399,0.75,1200,500000.0,2026-09-18T18:06:04.360892
76,1,CC7,CC,36:25,6000.0,4166.7,135.0,0.0002,0.592,0.3928103,0.152,0.3498443,0.32,0.3616726,-29.6566,1.3932,0.007872,0.2596,0.9132,0.859,1200,500000.0,2026-09-18T18:06:12.701396
77,1,CC7,CC,36:25,6000.0,4166.7,180.0,0.0002,0.648,0.3926336,0.672,0.3976781,0.608,0.3775902,-29.477,1.7168,0.004359,0.3234,0.842,0.7448,1200,500000.0,2026-09-18T18:06:20.667349
78,1,CC7,CC,36:25,6000.0,4166.7,225.0,0.0002,0.936,0.5612431,nan,nan,nan,nan,-10.7929,1.2531,0.0142,0.1508,0.9333,0.8977,1200,500000.0,2026-09-18T18:06:29.292196
79,1,CC7,CC,36:25,6000.0,4166.7,270.0,0.0002,0.584,0.3569409,0.16,0.05849072,0.32,0.2040824,-27.1608,1.6065,0.002941,0.3692,0.8515,0.7253,1200,500000.0,2026-09-18T18:06:37.483532
80,1,CC7,CC,36:25,6000.0,4166.7,315.0,0.0002,0.64,0.3964933,0.64,0.3919718,0.592,0.3759706,-14.5078,1.7008,0.001985,0.2809,0.8384,0.7498,1200,500000.0,2026-09-18T18:06:45.996327
81,1,PP5,PP,13:11,5435.6,4599.3,0.0,0.0005,0.592,0.3941261,0.152,0.3497173,0.32,0.3617054,-27.469,1.3935,0.007034,0.1885,0.9143,0.8567,1200,199999.99999999997,2026-09-18T18:06:54.452038
82,1,PP5,PP,13:11,5435.6,4599.3,45.0,0.0005,0.592,0.3917605,0.152,0.3496401,0.32,0.3604048,-27.6048,1.3981,0.005513,0.1984,0.9138,0.8557,1200,199999.99999999997,2026-09-18T18:07:02.614273
83,1,PP5,PP,13:11,5435.6,4599.3,90.0,0.0005,0.592,0.3953784,0.248,0.3569481,0.352,0.3647491,-23.7056,1.4259,0.013374,0.2635,0.902,0.8497,1200,199999.99999999997,2026-09-18T18:07:10.913437
84,1,PP5,PP,13:11,5435.6,4599.3,135.0,0.0005,0.592,0.3940445,0.16,0.3492298,0.32,0.361551,-27.2483,1.3939,0.007073,0.1936,0.9144,0.8558,1200,199999.99999999997,2026-09-18T18:07:19.126374
85,1,PP5,PP,13:11,5435.6,4599.3,180.0,0.0005,0.592,0.3935725,0.208,0.3521271,0.336,0.3615506,-25.9049,1.416,0.011045,0.2542,0.9112,0.8593,1200,199999.99999999997,2026-09-18T18:07:27.329299
86,1,PP5,PP,13:11,5435.6,4599.3,225.0,0.0005,0.584,0.3952516,0.16,0.3492874,0.32,0.3620881,-27.5015,1.3922,0.005846,0.192,0.9156,0.8583,1200,199999.99999999997,2026-09-18T18:07:35.970498
87,1,PP5,PP,13:11,5435.6,4599.3,270.0,0.0005,0.672,0.3924217,0.688,0.3998279,0.608,0.3767424,-28.8625,1.7205,0.001738,0.2431,0.8288,0.7246,1200,199999.99999999997,2026-09-18T18:07:44.588707
88,1,PP5,PP,13:11,5435.6,4599.3,315.0,0.0005,0.584,0.3929082,0.152,0.3494461,0.32,0.3610055,-27.2329,1.3958,0.00731,0.191,0.9144,0.8558,1200,199999.99999999997,2026-09-18T18:07:52.786708
89,1,IR1,IR,√2:1,5946.0,4204.5,0.0,0.0002,0.64,0.3932298,0.632,0.3922724,0.592,0.3743743,-14.4671,1.7084,0.00521,0.2808,0.8373,0.747,1200,500000.0,2026-09-18T18:08:00.977901
90,1,IR1,IR,√2:1,5946.0,4204.5,45.0,0.0002,0.64,0.390213,0.632,0.3906795,0.592,0.3716574,-14.3764,1.7228,0.006898,0.2683,0.8344,0.7515,1200,500000.0,2026-09-18T18:08:09.323683
91,1,IR1,IR,√2:1,5946.0,4204.5,90.0,0.0002,0.584,0.3911954,0.152,0.3496062,0.32,0.3604101,-30.8193,1.3988,0.005725,0.2583,0.912,0.8576,1200,500000.0,2026-09-18T18:08:17.741635
92,1,IR1,IR,√2:1,5946.0,4204.5,135.0,0.0002,0.6,0.395296,0.448,0.3704601,0.48,0.3672039,-18.4905,1.5883,0.004885,0.2623,0.8651,0.8007,1200,500000.0,2026-09-18T18:08:25.623478
93,1,IR1,IR,√2:1,5946.0,4204.5,180.0,0.0002,0.584,0.389419,0.152,0.3484841,0.32,0.358906,-32.3299,1.4054,0.003282,0.2622,0.9095,0.854,1200,500000.0,2026-09-18T18:08:33.768686
94,1,IR1,IR,√2:1,5946.0,4204.5,225.0,0.0002,0.648,0.3922956,0.672,0.3969135,0.608,0.3752316,-31.7892,1.7261,0.002593,0.308,0.8278,0.7345,1200,500000.0,2026-09-18T18:08:42.065692
95,1,IR1,IR,√2:1,5946.0,4204.5,270.0,0.0002,1.002,0.5837039,nan,nan,nan,nan,-20.7992,1.3709,0.003241,0.5353,0.9283,0.8738,1200,500000.0,2026-09-18T18:08:50.626538
96,1,IR1,IR,√2:1,5946.0,4204.5,315.0,0.0002,0.592,0.3946404,0.336,0.361351,0.4,0.3643408,-21.6902,1.4917,0.009348,0.2513,0.8796,0.8243,1200,500000.0,2026-09-18T18:08:59.288778
97,1,CC3,CC,9:4,7500.0,3333.3,0.0,0.0001,0.576,0.3900407,0.152,0.3490864,0.32,0.3601161,-34.678,1.3975,0.00127,0.269,0.912,0.861,1200,1000000.0,2026-09-18T18:09:07.445233
98,1,CC3,CC,9:4,7500.0,3333.3,45.0,0.0001,0.584,0.3916543,0.328,0.3577462,0.4,0.3623547,-22.9534,1.5026,0.001607,0.2714,0.8891,0.8374,1200,1000000.0,2026-09-18T18:09:16.087082
99,1,CC3,CC,9:4,7500.0,3333.3,90.0,0.0001,0.576,0.3914753,0.152,0.3490592,0.32,0.3607904,-34.6916,1.3979,0.001291,0.2701,0.912,0.8591,1200,1000000.0,2026-09-18T18:09:24.737371
100,1,CC3,CC,9:4,7500.0,3333.3,135.0,0.0001,0.576,0.3907182,0.152,0.3489205,0.32,0.3605072,-34.6542,1.397,0.001283,0.2728,0.911,0.8585,1200,1000000.0,2026-09-18T18:09:33.489318
101,1,CC3,CC,9:4,7500.0,3333.3,180.0,0.0001,0.632,0.3910688,0.608,0.3849632,0.52,0.370194,-31.0841,1.512,0.002896,0.3008,0.839,0.806,1200,1000000.0,2026-09-18T18:09:41.828552
102,1,CC3,CC,9:4,7500.0,3333.3,225.0,0.0001,0.648,0.3917968,0.672,0.3961828,0.6,0.3754589,-34.7408,1.7036,0.000977,0.342,0.8336,0.7464,1200,1000000.0,2026-09-18T18:09:50.241073
103,1,CC3,CC,9:4,7500.0,3333.3,270.0,0.0001,0.576,0.3905844,0.152,0.3487465,0.32,0.3598325,-34.6904,1.3991,0.00133,0.2673,0.9118,0.8606,1200,1000000.0,2026-09-18T18:09:58.350694
104,1,CC3,CC,9:4,7500.0,3333.3,315.0,0.0001,0.576,0.3905143,0.152,0.3494846,0.32,0.360363,-34.7412,1.3971,0.001225,0.2666,0.9121,0.861,1200,1000000.0,2026-09-18T18:10:06.099645
105,1,PC2,PC,11:8,5863.0,4264.0,0.0,0.0002,0.584,0.3924014,0.152,0.3491565,0.32,0.3609606,-33.502,1.3948,0.001875,0.259,0.9121,0.8561,1200,500000.0,2026-09-18T18:10:14.521765
106,1,PC2,PC,11:8,5863.0,4264.0,45.0,0.0002,0.664,0.3931009,0.68,0.3969356,0.608,0.376763,-31.7313,1.7215,0.002505,0.3245,0.8379,0.7409,1200,500000.0,2026-09-18T18:10:22.870369
107,1,PC2,PC,11:8,5863.0,4264.0,90.0,0.0002,0.664,0.3938935,0.672,0.4003025,0.608,0.378402,-32.8739,1.709,0.001775,0.3,0.8329,0.7421,1200,500000.0,2026-09-18T18:10:31.238901
108,1,PC2,PC,11:8,5863.0,4264.0,135.0,0.0002,0.592,0.3919486,0.152,0.3491241,0.32,0.3607193,-33.147,1.3975,0.002238,0.2599,0.9122,0.8561,1200,500000.0,2026-09-18T18:10:39.175563
109,1,PC2,PC,11:8,5863.0,4264.0,180.0,0.0002,0.584,0.3525901,0.16,0.05791749,0.32,0.2016857,-27.6485,1.6258,0.001769,0.3626,0.848,0.7073,1200,500000.0,2026-09-18T18:10:47.476476
110,1,PC2,PC,11:8,5863.0,4264.0,225.0,0.0002,0.584,0.3924453,0.2,0.3518391,0.336,0.3610345,-29.9632,1.4165,0.003753,0.2709,0.905,0.8511,1200,500000.0,2026-09-18T18:10:55.687191
111,1,PC2,PC,11:8,5863.0,4264.0,270.0,0.0002,0.648,0.3938352,0.68,0.3991104,0.608,0.3783084,-32.6037,1.7107,0.001901,0.3037,0.8372,0.749,1200,500000.0,2026-09-18T18:11:03.773476
112,1,PC2,PC,11:8,5863.0,4264.0,315.0,0.0002,0.584,0.3924167,0.152,0.3490029,0.32,0.3608465,-33.2694,1.3962,0.001975,0.2634,0.9119,0.857,1200,500000.0,2026-09-18T18:11:12.389393
113,1,PP3,PP,7:5,5916.1,4225.8,0.0,0.0002,0.584,0.3904361,0.16,0.3487721,0.32,0.3596394,-32.688,1.4027,0.002962,0.2683,0.9107,0.856,1200,500000.0,2026-09-18T18:11:20.981535
114,1,PP3,PP,7:5,5916.1,4225.8,45.0,0.0002,0.648,0.3956367,0.6720001,0.3981376,0.608,0.3783774,-30.849,1.7099,0.00348,0.3012,0.8356,0.7421,1200,500000.0,2026-09-18T18:11:29.384465
115,1,PP3,PP,7:5,5916.1,4225.8,90.0,0.0002,0.656,0.3915057,0.68,0.3988825,0.608,0.376103,-33.1287,1.7232,0.00124,0.3063,0.8269,0.7327,1200,500000.0,2026-09-18T18:11:37.459605
116,1,PP3,PP,7:5,5916.1,4225.8,135.0,0.0002,0.656,0.3965578,0.672,0.3999268,0.608,0.379655,-32.9214,1.7025,0.001462,0.3105,0.8375,0.7439,1200,500000.0,2026-09-18T18:11:46.041533
117,1,PP3,PP,7:5,5916.1,4225.8,180.0,0.0002,0.6,0.3907154,0.456,0.3702082,0.48,0.3645439,-18.3715,1.603,0.005336,0.2633,0.8626,0.7946,1200,500000.0,2026-09-18T18:11:54.553477
118,1,PP3,PP,7:5,5916.1,4225.8,225.0,0.0002,0.584,0.3907332,0.16,0.3494924,0.32,0.3600666,-32.1431,1.4008,0.003928,0.2653,0.9104,0.855,1200,500000.0,2026-09-18T18:12:02.381282
119,1,PP3,PP,7:5,5916.1,4225.8,270.0,0.0002,0.64,0.3911257,0.624,0.3909749,0.592,0.3725455,-14.3954,1.7186,0.007419,0.2793,0.835,0.7518,1200,500000.0,2026-09-18T18:12:10.221669
120,1,PP3,PP,7:5,5916.1,4225.8,315.0,0.0002,0.648,0.3924017,0.68,0.3983922,0.608,0.3766426,-30.2656,1.7196,0.00391,0.2999,0.8318,0.7399,1200,500000.0,2026-09-18T18:12:18.814019
121,1,PC3,PC,13:9,6009.3,4160.3,0.0,0.0002,0.648,0.396381,0.6720001,0.3975844,0.608,0.3781705,-30.9183,1.7148,0.003065,0.3065,0.8307,0.7298,1200,500000.0,2026-09-18T18:12:27.698753
122,1,PC3,PC,13:9,6009.3,4160.3,45.0,0.0002,0.648,0.3944664,0.6720001,0.3966857,0.608,0.3761525,-29.838,1.7223,0.004297,0.3145,0.8243,0.7295,1200,500000.0,2026-09-18T18:12:36.005615
123,1,PC3,PC,13:9,6009.3,4160.3,90.0,0.0002,0.584,0.3905709,0.168,0.349713,0.32,0.3597263,-29.3203,1.4012,0.007541,0.2726,0.9085,0.8551,1200,500000.0,2026-09-18T18:12:43.891091
124,1,PC3,PC,13:9,6009.3,4160.3,135.0,0.0002,0.648,0.3876951,0.6720001,0.3938467,0.608,0.3706711,-32.659,1.7471,0.001634,0.3064,0.8155,0.7187,1200,500000.0,2026-09-18T18:12:52.449281
125,1,PC3,PC,13:9,6009.3,4160.3,180.0,0.0002,0.64,0.3930179,0.624,0.3920316,0.592,0.3740784,-14.3879,1.7093,0.004759,0.2872,0.8363,0.7465,1200,500000.0,2026-09-18T18:13:00.374556
126,1,PC3,PC,13:9,6009.3,4160.3,225.0,0.0002,0.584,0.3956992,0.152,0.3499016,0.32,0.3630523,-30.7533,1.3879,0.006048,0.259,0.9137,0.8581,1200,500000.0,2026-09-18T18:13:08.596897
127,1,PC3,PC,13:9,6009.3,4160.3,270.0,0.0002,0.584,0.3924773,0.152,0.3495251,0.32,0.3612842,-29.3623,1.3948,0.008705,0.2626,0.9128,0.8584,1200,500000.0,2026-09-18T18:13:17.146962
128,1,PC3,PC,13:9,6009.3,4160.3,315.0,0.0002,0.584,0.3947017,0.152,0.3494006,0.32,0.3621873,-29.9902,1.3912,0.007551,0.2571,0.9139,0.859,1200,500000.0,2026-09-18T18:13:25.219386
129,1,NC2,NC,9:6,6123.7,4082.5,0.0,0.0002,0.648,0.3934956,0.6720001,0.395553,0.584,0.3758229,-32.6199,1.7242,0.00135,0.2751,0.8315,0.7249,1200,500000.0,2026-09-18T18:13:33.575595
130,1,NC2,NC,9:6,6123.7,4082.5,45.0,0.0002,0.64,0.3969796,0.632,0.3916962,0.584,0.3760519,-14.4173,1.7041,0.001124,0.2691,0.8397,0.754,1200,500000.0,2026-09-18T18:13:41.841380
131,1,NC2,NC,9:6,6123.7,4082.5,90.0,0.0002,0.64,0.3971565,0.656,0.4001946,0.584,0.3797491,-31.3339,1.7083,0.002952,0.3081,0.8313,0.7201,1200,500000.0,2026-09-18T18:13:49.954565
132,1,NC2,NC,9:6,6123.7,4082.5,135.0,0.0002,0.584,0.3880195,0.176,0.3493098,0.32,0.3584086,-31.7854,1.4054,0.003831,0.2733,0.9074,0.853,1200,500000.0,2026-09-18T18:13:58.256708
133,1,NC2,NC,9:6,6123.7,4082.5,180.0,0.0002,0.584,0.389776,0.152,0.3491655,0.32,0.3597641,-30.798,1.4003,0.005105,0.2647,0.911,0.8573,1200,500000.0,2026-09-18T18:14:06.408285
134,1,NC2,NC,9:6,6123.7,4082.5,225.0,0.0002,0.584,0.3953611,0.328,0.3616197,0.4,0.3647854,-21.5824,1.4918,0.008619,0.2529,0.8797,0.8246,1200,500000.0,2026-09-18T18:14:14.956793
135,1,NC2,NC,9:6,6123.7,4082.5,270.0,0.0002,0.616,0.3940139,0.448,0.3709176,0.48,0.366562,-18.3623,1.5941,0.004512,0.2633,0.8628,0.7967,1200,500000.0,2026-09-18T18:14:23.176411
136,1,NC2,NC,9:6,6123.7,4082.5,315.0,0.0002,0.592,0.3942072,0.328,0.36212,0.4,0.3645441,-21.4875,1.4928,0.010295,0.2554,0.8801,0.82,1200,500000.0,2026-09-18T18:14:31.518213
137,1,PC4,PC,7:4,6614.4,3779.6,0.0,0.0001,0.576,0.3887975,0.152,0.3491896,0.32,0.3594066,-34.8161,1.4003,0.001967,0.2709,0.9112,0.8594,1200,1000000.0,2026-09-18T18:14:39.467919
138,1,PC4,PC,7:4,6614.4,3779.6,45.0,0.0001,0.584,0.3892299,0.152,0.3492376,0.32,0.359742,-34.6763,1.3993,0.002355,0.2737,0.911,0.8598,1200,1000000.0,2026-09-18T18:14:47.793390
139,1,PC4,PC,7:4,6614.4,3779.6,90.0,0.0001,0.994,0.5597199,nan,nan,nan,nan,-22.2218,1.4465,0.001538,0.604,0.9207,0.8609,1200,1000000.0,2026-09-18T18:14:56.173778
140,1,PC4,PC,7:4,6614.4,3779.6,135.0,0.0001,0.576,0.3932746,0.152,0.3495323,0.32,0.361895,-34.5421,1.3937,0.002486,0.2706,0.9116,0.8599,1200,1000000.0,2026-09-18T18:15:04.025088
141,1,PC4,PC,7:4,6614.4,3779.6,180.0,0.0001,0.584,0.3886084,0.152,0.3488874,0.32,0.3593069,-34.6318,1.4008,0.002237,0.2673,0.9111,0.8606,1200,1000000.0,2026-09-18T18:15:12.330704
142,1,PC4,PC,7:4,6614.4,3779.6,225.0,0.0001,0.656,0.3894339,0.68,0.3816692,0.6,0.3661064,-33.3649,1.7695,0.002055,0.3487,0.8189,0.7281,1200,1000000.0,2026-09-18T18:15:20.426876
143,1,PC4,PC,7:4,6614.4,3779.6,270.0,0.0001,0.584,0.3929287,0.152,0.3487851,0.32,0.361365,-34.3766,1.3956,0.002627,0.276,0.9114,0.8599,1200,1000000.0,2026-09-18T18:15:28.703087
144,1,PC4,PC,7:4,6614.4,3779.6,315.0,0.0001,0.6,0.3931462,0.448,0.3675667,0.48,0.3659293,-18.8855,1.5964,0.00189,0.2788,0.8699,0.8104,1200,1000000.0,2026-09-18T18:15:36.719682
145,1,PP1,PP,3:2,6123.7,4082.5,0.0,0.0002,0.592,0.3947003,0.16,0.3492795,0.32,0.3622036,-30.7965,1.392,0.005867,0.2608,0.9136,0.8582,1200,500000.0,2026-09-18T18:15:44.844284
146,1,PP1,PP,3:2,6123.7,4082.5,45.0,0.0002,0.584,0.3957224,0.16,0.3500118,0.32,0.3631771,-32.0242,1.3886,0.003906,0.2638,0.9147,0.8625,1200,500000.0,2026-09-18T18:15:53.211377
147,1,PP1,PP,3:2,6123.7,4082.5,90.0,0.0002,0.64,0.3956854,0.656,0.3919206,0.568,0.3758056,-30.3595,1.6172,0.003687,0.3309,0.8346,0.7608,1200,500000.0,2026-09-18T18:16:01.763901
148,1,PP1,PP,3:2,6123.7,4082.5,135.0,0.0002,0.64,0.3940025,0.664,0.4009768,0.568,0.3790521,-30.028,1.711,0.004067,0.2845,0.834,0.7269,1200,500000.0,2026-09-18T18:16:09.679118
149,1,PP1,PP,3:2,6123.7,4082.5,180.0,0.0002,0.584,0.392788,0.248,0.3558048,0.352,0.3619657,-24.6708,1.4365,0.014859,0.2719,0.8906,0.8325,1200,500000.0,2026-09-18T18:16:18.042726
150,1,PP1,PP,3:2,6123.7,4082.5,225.0,0.0002,0.584,0.3874823,0.152,0.3487999,0.32,0.3580186,-32.8915,1.4068,0.002584,0.264,0.9103,0.8569,1200,500000.0,2026-09-18T18:16:26.440767
151,1,PP1,PP,3:2,6123.7,4082.5,270.0,0.0002,0.584,0.3931288,0.208,0.3520118,0.336,0.3614743,-28.2378,1.4164,0.010546,0.273,0.905,0.8526,1200,500000.0,2026-09-18T18:16:34.464926
152,1,PP1,PP,3:2,6123.7,4082.5,315.0,0.0002,0.648,0.3962542,0.664,0.3945051,0.592,0.3766888,-29.2507,1.6775,0.004936,0.3176,0.8335,0.7476,1200,500000.0,2026-09-18T18:16:42.500490
153,1,PP7,PP,5:2,7905.7,3162.3,0.0,0.0001,0.632,0.3860456,0.632,0.3909658,0.56,0.368891,-27.6922,1.7549,0.006078,0.3835,0.8186,0.686,1200,1000000.0,2026-09-18T18:16:50.740529
154,1,PP7,PP,5:2,7905.7,3162.3,45.0,0.0001,0.632,0.3875253,0.616,0.3927492,0.528,0.3716912,-31.2244,1.5276,0.002675,0.2992,0.8313,0.8093,1200,1000000.0,2026-09-18T18:16:58.885290
155,1,PP7,PP,5:2,7905.7,3162.3,90.0,0.0001,0.584,0.3585265,0.16,0.05811257,0.32,0.2049739,-27.9124,1.6007,0.002738,0.3912,0.8499,0.694,1200,1000000.0,2026-09-18T18:17:07.372374
156,1,PP7,PP,5:2,7905.7,3162.3,135.0,0.0001,0.576,0.3983838,0.152,0.3499143,0.32,0.3650443,-32.6501,1.3807,0.003708,0.262,0.9159,0.8666,1200,1000000.0,2026-09-18T18:17:15.614236
157,1,PP7,PP,5:2,7905.7,3162.3,180.0,0.0001,1.002,0.5995221,nan,nan,nan,nan,-22.9103,1.3331,0.001437,0.5841,0.931,0.8884,1200,1000000.0,2026-09-18T18:17:23.786323
158,1,PP7,PP,5:2,7905.7,3162.3,225.0,0.0001,0.576,0.3880787,0.152,0.3482051,0.32,0.3584431,-28.631,1.406,0.008591,0.2687,0.9103,0.8601,1200,1000000.0,2026-09-18T18:17:32.304127
159,1,PP7,PP,5:2,7905.7,3162.3,270.0,0.0001,0.994,0.577788,nan,nan,nan,nan,-24.1169,1.3346,0.001479,0.5676,0.9367,0.8838,1200,1000000.0,2026-09-18T18:17:40.971988
160,1,PP7,PP,5:2,7905.7,3162.3,315.0,0.0001,0.576,0.3972147,0.152,0.3496793,0.32,0.3641426,-31.0024,1.384,0.00538,0.2652,0.9156,0.8649,1200,1000000.0,2026-09-18T18:17:49.570436
161,1,PP6,PP,7:3,7637.6,3273.3,0.0,0.0001,0.576,0.3947874,0.152,0.3491719,0.32,0.3625863,-34.3602,1.3883,0.002322,0.2695,0.9134,0.8636,1200,1000000.0,2026-09-18T18:17:57.820453
162,1,PP6,PP,7:3,7637.6,3273.3,45.0,0.0001,0.576,0.3883256,0.192,0.3509829,0.328,0.3585929,-30.4648,1.4293,0.004021,0.2782,0.9002,0.8483,1200,1000000.0,2026-09-18T18:18:06.217960
163,1,PP6,PP,7:3,7637.6,3273.3,90.0,0.0001,0.576,0.3916721,0.152,0.3494314,0.32,0.3610347,-32.1542,1.3956,0.00409,0.2637,0.9136,0.8631,1200,1000000.0,2026-09-18T18:18:14.814144
164,1,PP6,PP,7:3,7637.6,3273.3,135.0,0.0001,0.64,0.3880013,0.648,0.3899303,0.608,0.3695897,-34.3365,1.7534,0.001474,0.3164,0.8212,0.7526,1200,1000000.0,2026-09-18T18:18:22.780507
165,1,PP6,PP,7:3,7637.6,3273.3,180.0,0.0001,0.576,0.3946318,0.152,0.3492572,0.32,0.3623293,-34.2135,1.3894,0.00269,0.267,0.9132,0.8621,1200,1000000.0,2026-09-18T18:18:31.081651
166,1,PP6,PP,7:3,7637.6,3273.3,225.0,0.0001,0.576,0.3893052,0.152,0.3486532,0.32,0.3595941,-32.3203,1.4024,0.004099,0.2652,0.9116,0.8619,1200,1000000.0,2026-09-18T18:18:39.652151
167,1,PP6,PP,7:3,7637.6,3273.3,270.0,0.0001,0.576,0.3943812,0.152,0.3501062,0.32,0.3627419,-33.8388,1.3879,0.003108,0.2666,0.9136,0.8628,1200,1000000.0,2026-09-18T18:18:48.332251
168,1,PP6,PP,7:3,7637.6,3273.3,315.0,0.0001,0.576,0.3883508,0.152,0.3483762,0.32,0.3588307,-33.5758,1.4059,0.003009,0.2683,0.9093,0.8594,1200,1000000.0,2026-09-18T18:18:56.363586
169,1,PC1,PC,5:4,5590.2,4472.1,0.0,0.0005,0.584,0.3924674,0.16,0.3491845,0.32,0.3604876,-0.2022,1.398,0.007623,0.1904,0.914,0.855,1200,199999.99999999997,2026-09-18T18:19:04.470261
170,1,PC1,PC,5:4,5590.2,4472.1,45.0,0.0005,0.592,0.3915428,0.152,0.3495116,0.32,0.3600656,-0.2031,1.4,0.003081,0.1893,0.9143,0.8563,1200,199999.99999999997,2026-09-18T18:19:12.674807
171,1,PC1,PC,5:4,5590.2,4472.1,90.0,0.0005,0.592,0.3943409,0.336,0.3676015,0.408,0.3651826,-0.2065,1.5113,0.033255,0.2607,0.8689,0.8103,1200,199999.99999999997,2026-09-18T18:19:20.784018
172,1,PC1,PC,5:4,5590.2,4472.1,135.0,0.0005,0.592,0.3917671,0.16,0.3493005,0.32,0.3602212,-0.2032,1.3993,0.004146,0.1888,0.9135,0.8554,1200,199999.99999999997,2026-09-18T18:19:29.346386
173,1,PC1,PC,5:4,5590.2,4472.1,180.0,0.0005,0.664,0.3943552,0.68,0.3993891,0.6,0.3777892,-0.3982,1.6955,0.002976,0.2455,0.8334,0.7352,1200,199999.99999999997,2026-09-18T18:19:37.319730
174,1,PC1,PC,5:4,5590.2,4472.1,225.0,0.0005,0.656,0.3927823,0.68,0.396417,0.608,0.3748663,-0.3899,1.7277,0.002825,0.2354,0.8305,0.7242,1200,199999.99999999997,2026-09-18T18:19:45.228628
175,1,PC1,PC,5:4,5590.2,4472.1,270.0,0.0005,0.616,0.3919327,0.448,0.3819093,0.48,0.3669092,-0.1971,1.592,0.018044,0.2381,0.8322,0.7534,1200,199999.99999999997,2026-09-18T18:19:53.596556
176,1,PC1,PC,5:4,5590.2,4472.1,315.0,0.0005,0.664,0.3961638,0.68,0.399102,0.6,0.3781325,-0.3843,1.715,0.00233,0.2497,0.8279,0.723,1200,199999.99999999997,2026-09-18T18:20:01.822136
177,1,PP4,PP,11:7,6267.8,3988.6,0.0,0.0002,0.592,0.3920145,0.152,0.3490755,0.32,0.3609543,-33.2525,1.3964,0.001678,0.2666,0.9126,0.858,1200,500000.0,2026-09-18T18:20:09.609749
178,1,PP4,PP,11:7,6267.8,3988.6,45.0,0.0002,0.648,0.3947428,0.6720001,0.402989,0.608,0.3811927,-31.8553,1.7017,0.002402,0.3058,0.8445,0.7577,1200,500000.0,2026-09-18T18:20:17.586382
179,1,PP4,PP,11:7,6267.8,3988.6,90.0,0.0002,0.584,0.3525141,0.16,0.05801626,0.32,0.2014832,-27.7706,1.6262,0.001511,0.3684,0.8471,0.7044,1200,500000.0,2026-09-18T18:20:25.645527
180,1,PP4,PP,11:7,6267.8,3988.6,135.0,0.0002,0.656,0.3913975,0.68,0.3879016,0.608,0.3701383,-32.5044,1.7522,0.001558,0.3243,0.8206,0.7324,1200,500000.0,2026-09-18T18:20:33.869337
181,1,PP4,PP,11:7,6267.8,3988.6,180.0,0.0002,0.64,0.3929216,0.656,0.3963833,0.568,0.3762732,-33.3033,1.6117,0.000852,0.3226,0.8323,0.756,1200,500000.0,2026-09-18T18:20:42.314086
182,1,PP4,PP,11:7,6267.8,3988.6,225.0,0.0002,0.648,0.3937853,0.672,0.3947321,0.608,0.3767299,-30.6854,1.7196,0.003288,0.3067,0.8416,0.7496,1200,500000.0,2026-09-18T18:20:50.485146
183,1,PP4,PP,11:7,6267.8,3988.6,270.0,0.0002,0.584,0.3516393,0.152,0.05548738,0.32,0.1996533,-27.6995,1.6399,0.001517,0.3811,0.8287,0.6936,1200,500000.0,2026-09-18T18:20:58.990906
184,1,PP4,PP,11:7,6267.8,3988.6,315.0,0.0002,0.648,0.3924985,0.656,0.3984217,0.608,0.3757473,-29.4887,1.7233,0.0051,0.2996,0.8214,0.7248,1200,500000.0,2026-09-18T18:21:07.167303
185,1,NC1,NC,4:2,7071.1,3535.5,0.0,0.0001,0.584,0.3831248,0.328,0.3560493,0.4,0.3570286,-22.6711,1.5241,0.003506,0.2726,0.8838,0.8346,1200,1000000.0,2026-09-18T18:21:15.276930
186,1,NC1,NC,4:2,7071.1,3535.5,45.0,0.0001,0.584,0.3831397,0.152,0.3474036,0.32,0.3553337,-33.4705,1.4187,0.00318,0.2763,0.9067,0.8589,1200,1000000.0,2026-09-18T18:21:23.149441
187,1,NC1,NC,4:2,7071.1,3535.5,90.0,0.0001,0.584,0.3884797,0.152,0.3489798,0.32,0.359012,-28.3587,1.4037,0.009221,0.2724,0.9093,0.8574,1200,1000000.0,2026-09-18T18:21:31.145043
188,1,NC1,NC,4:2,7071.1,3535.5,135.0,0.0001,0.64,0.3840861,0.632,0.3891536,0.536,0.3687869,-28.3281,1.6712,0.004281,0.3597,0.8355,0.741,1200,1000000.0,2026-09-18T18:21:39.443254
189,1,NC1,NC,4:2,7071.1,3535.5,180.0,0.0001,0.64,0.393479,0.616,0.4079698,0.536,0.3821205,-29.8327,1.5271,0.004172,0.2807,0.8351,0.7835,1200,1000000.0,2026-09-18T18:21:47.790083
190,1,NC1,NC,4:2,7071.1,3535.5,225.0,0.0001,0.576,0.3887061,0.208,0.350671,0.336,0.3586957,-27.1446,1.4273,0.012856,0.2784,0.9015,0.8524,1200,1000000.0,2026-09-18T18:21:56.170139
191,1,NC1,NC,4:2,7071.1,3535.5,270.0,0.0001,0.64,0.3993516,0.632,0.3908001,0.576,0.3771183,-14.6807,1.6759,0.003894,0.3046,0.8388,0.7566,1200,1000000.0,2026-09-18T18:22:04.307100
192,1,NC1,NC,4:2,7071.1,3535.5,315.0,0.0001,0.632,0.3950829,0.616,0.3978651,0.536,0.3784267,-25.053,1.6268,0.009749,0.3404,0.8443,0.7408,1200,1000000.0,2026-09-18T18:22:12.385182
193,1,PP2,PP,5:3,6455.0,3873.0,0.0,0.0001,0.584,0.3965108,0.336,0.3583021,0.4,0.3653213,-22.6032,1.4898,0.005105,0.2672,0.8921,0.8393,1200,1000000.0,2026-09-18T18:22:20.976829
194,1,PP2,PP,5:3,6455.0,3873.0,45.0,0.0001,0.592,0.385563,0.152,0.3483551,0.32,0.3570762,-32.159,1.4104,0.004547,0.2759,0.9085,0.8552,1200,1000000.0,2026-09-18T18:22:29.386515
195,1,PP2,PP,5:3,6455.0,3873.0,90.0,0.0001,0.648,0.3859784,0.64,0.4064174,0.576,0.3783215,-31.7636,1.6702,0.002938,0.3358,0.8366,0.755,1200,1000000.0,2026-09-18T18:22:37.712390
196,1,PP2,PP,5:3,6455.0,3873.0,135.0,0.0001,0.648,0.3860859,0.68,0.4025562,0.6,0.3757324,-33.5399,1.7246,0.002027,0.3369,0.8357,0.7498,1200,1000000.0,2026-09-18T18:22:46.276111
197,1,PP2,PP,5:3,6455.0,3873.0,180.0,0.0001,0.656,0.3997552,0.664,0.405514,0.608,0.3848656,-27.5663,1.6849,0.006223,0.359,0.8439,0.7538,1200,1000000.0,2026-09-18T18:22:54.352146
198,1,PP2,PP,5:3,6455.0,3873.0,225.0,0.0001,0.912,0.5542185,nan,nan,nan,nan,-10.7794,1.2532,0.00673,0.292,0.9332,0.897,1200,1000000.0,2026-09-18T18:23:02.890453
199,1,PP2,PP,5:3,6455.0,3873.0,270.0,0.0001,0.648,0.3911194,nan,0.3947864,0.608,0.3733728,-28.0323,1.7343,0.005629,0.3519,0.8245,0.7324,1200,1000000.0,2026-09-18T18:23:11.249376
200,1,PP2,PP,5:3,6455.0,3873.0,315.0,0.0001,0.576,0.3866903,0.152,0.348208,0.32,0.3576791,-31.6776,1.4081,0.005011,0.2761,0.9093,0.86,1200,1000000.0,2026-09-18T18:23:20.085275
201,1,IR3,IR,e/2:1,5829.1,4288.8,0.0,0.0002,0.584,0.3928947,0.208,0.3518424,0.336,0.3616282,-30.0327,1.4174,0.002205,0.2694,0.9051,0.8511,1200,500000.0,2026-09-18T18:23:28.492144
202,1,IR3,IR,e/2:1,5829.1,4288.8,45.0,0.0002,0.584,0.3910643,0.176,0.3500087,0.32,0.3601978,-32.8536,1.3972,0.001074,0.2726,0.9087,0.8532,1200,500000.0,2026-09-18T18:23:37.025134
203,1,IR3,IR,e/2:1,5829.1,4288.8,90.0,0.0002,0.648,0.3937965,0.6720001,0.3959013,0.608,0.3765923,-30.407,1.7225,0.003893,0.3247,0.839,0.7441,1200,500000.0,2026-09-18T18:23:45.427148
204,1,IR3,IR,e/2:1,5829.1,4288.8,135.0,0.0002,0.656,0.395219,0.68,0.4010874,0.608,0.3803908,-31.7183,1.7048,0.002411,0.3055,0.8434,0.7459,1200,500000.0,2026-09-18T18:23:53.598227
205,1,IR3,IR,e/2:1,5829.1,4288.8,180.0,0.0002,0.664,0.3921145,0.6720001,0.4013864,0.608,0.3772026,-33.3019,1.714,0.00156,0.2947,0.823,0.7169,1200,500000.0,2026-09-18T18:24:01.610305
206,1,IR3,IR,e/2:1,5829.1,4288.8,225.0,0.0002,0.584,0.3930886,0.152,0.3496444,0.32,0.3615638,-33.5765,1.3952,0.001192,0.2613,0.9123,0.8585,1200,500000.0,2026-09-18T18:24:09.303331
207,1,IR3,IR,e/2:1,5829.1,4288.8,270.0,0.0002,0.648,0.3936193,0.632,0.3922688,0.592,0.3742756,-14.5121,1.7116,0.002259,0.2733,0.8358,0.7444,1200,500000.0,2026-09-18T18:24:17.682783
208,1,IR3,IR,e/2:1,5829.1,4288.8,315.0,0.0002,0.648,0.3948845,0.68,0.3998814,0.608,0.3799747,-30.8713,1.7057,0.002941,0.3047,0.8466,0.7578,1200,500000.0,2026-09-18T18:24:25.816943
209,1,NC3,NC,15:10,6123.7,4082.5,0.0,0.0002,0.664,0.396195,0.68,0.3977098,0.608,0.3779357,-32.6715,1.7156,0.002029,0.3132,0.8315,0.7312,1200,500000.0,2026-09-18T18:24:33.958124
210,1,NC3,NC,15:10,6123.7,4082.5,45.0,0.0002,1.002,0.5528291,nan,nan,nan,nan,-20.8983,1.3697,0.004139,0.3619,0.9407,0.8848,1200,500000.0,2026-09-18T18:24:42.169438
211,1,NC3,NC,15:10,6123.7,4082.5,90.0,0.0002,0.584,0.3910092,0.152,0.3488935,0.32,0.3597821,-30.598,1.4003,0.005891,0.2637,0.9115,0.8575,1200,500000.0,2026-09-18T18:24:50.546422
212,1,NC3,NC,15:10,6123.7,4082.5,135.0,0.0002,1.002,0.5741144,nan,nan,nan,nan,-20.8073,1.3448,0.004307,0.3983,0.9431,0.8878,1200,500000.0,2026-09-18T18:24:58.754447
213,1,NC3,NC,15:10,6123.7,4082.5,180.0,0.0002,0.584,0.3936212,0.152,0.3494372,0.32,0.3617149,-30.2605,1.3935,0.00662,0.2637,0.9123,0.8572,1200,500000.0,2026-09-18T18:25:06.827332
214,1,NC3,NC,15:10,6123.7,4082.5,225.0,0.0002,0.584,0.3952379,0.168,0.3506986,0.32,0.3629328,-30.9442,1.3894,0.004346,0.2683,0.9109,0.856,1200,500000.0,2026-09-18T18:25:14.853471
215,1,NC3,NC,15:10,6123.7,4082.5,270.0,0.0002,0.584,0.3879166,0.152,0.3484028,0.32,0.358227,-32.4648,1.4061,0.003334,0.2633,0.911,0.8582,1200,500000.0,2026-09-18T18:25:22.987552
216,1,NC3,NC,15:10,6123.7,4082.5,315.0,0.0002,0.5840001,0.3950826,0.248,0.3563034,0.352,0.3634338,-24.983,1.4315,0.012174,0.2689,0.8929,0.8345,1200,500000.0,2026-09-18T18:25:31.169983
217,1,PC5,PC,11:4,8291.6,3015.1,0.0,0.0001,0.584,0.3923124,0.152,0.3490799,0.32,0.3613607,-34.5236,1.3963,0.001982,0.2652,0.9135,0.8627,1200,1000000.0,2026-09-18T18:25:39.690598
218,1,PC5,PC,11:4,8291.6,3015.1,45.0,0.0001,0.576,0.3918121,0.152,0.3490905,0.32,0.3609169,-34.4079,1.3976,0.002022,0.2664,0.9127,0.8629,1200,1000000.0,2026-09-18T18:25:47.699917
219,1,PC5,PC,11:4,8291.6,3015.1,90.0,0.0001,0.576,0.392381,0.152,0.349651,0.32,0.3614808,-34.5945,1.3958,0.001694,0.2629,0.9135,0.8611,1200,1000000.0,2026-09-18T18:25:56.047681
220,1,PC5,PC,11:4,8291.6,3015.1,135.0,0.0001,0.576,0.3920691,0.248,0.3535469,0.352,0.3615483,-26.8008,1.4397,0.001112,0.2677,0.8999,0.847,1200,1000000.0,2026-09-18T18:26:04.697336
221,1,PC5,PC,11:4,8291.6,3015.1,180.0,0.0001,0.576,0.388946,0.152,0.3484336,0.32,0.3592404,-34.5129,1.4013,0.001966,0.2645,0.9117,0.8603,1200,1000000.0,2026-09-18T18:26:13.203471
222,1,PC5,PC,11:4,8291.6,3015.1,225.0,0.0001,0.64,0.3917359,0.6720001,0.4113659,0.608,0.3836647,-32.4898,1.6879,0.002703,0.3248,0.8393,0.7571,1200,1000000.0,2026-09-18T18:26:21.237320
223,1,PC5,PC,11:4,8291.6,3015.1,270.0,0.0001,0.64,0.3904458,0.672,0.4014035,0.608,0.3770506,-30.1116,1.7169,0.004039,0.3185,0.8281,0.7543,1200,1000000.0,2026-09-18T18:26:29.553307
224,1,PC5,PC,11:4,8291.6,3015.1,315.0,0.0001,0.648,0.3879183,0.672,0.3763784,0.608,0.3635188,-33.7686,1.7802,0.001564,0.3435,0.8258,0.7351,1200,1000000.0,2026-09-18T18:26:37.798296
225,1,PC6,PC,13:4,9013.9,2773.5,0.0,0.0001,0.576,0.3856346,0.328,0.3570878,0.4,0.3589376,-22.7526,1.5143,0.003644,0.2701,0.8867,0.8351,1200,1000000.0,2026-09-18T18:26:46.146182
226,1,PC6,PC,13:4,9013.9,2773.5,45.0,0.0001,0.64,0.3982241,0.6720001,0.4173102,0.6,0.3901895,-34.0346,1.6618,0.001112,0.3382,0.8491,0.746,1200,1000000.0,2026-09-18T18:26:54.585937
227,1,PC6,PC,13:4,9013.9,2773.5,90.0,0.0001,0.576,0.3933232,0.16,0.3498311,0.312,0.3621943,-33.0602,1.3927,0.003465,0.2598,0.914,0.8652,1200,1000000.0,2026-09-18T18:27:03.136642
228,1,PC6,PC,13:4,9013.9,2773.5,135.0,0.0001,0.576,0.3887978,0.16,0.3487557,0.312,0.3591558,-31.9786,1.4025,0.004215,0.261,0.9106,0.8587,1200,1000000.0,2026-09-18T18:27:10.937062
229,1,PC6,PC,13:4,9013.9,2773.5,180.0,0.0001,0.64,0.3848852,0.664,0.3792376,0.608,0.3634803,-32.9268,1.7826,0.001585,0.3603,0.8259,0.744,1200,1000000.0,2026-09-18T18:27:19.279543
230,1,PC6,PC,13:4,9013.9,2773.5,225.0,0.0001,0.648,0.393787,0.664,0.397744,0.6,0.3768196,-33.7841,1.7204,0.002042,0.3244,0.8312,0.7434,1200,1000000.0,2026-09-18T18:27:28.028527
231,1,PC6,PC,13:4,9013.9,2773.5,270.0,0.0001,0.576,0.3910764,0.192,0.3506052,0.32,0.3603353,-29.8187,1.3988,0.006607,0.2704,0.9046,0.8536,1200,1000000.0,2026-09-18T18:27:36.677673
232,1,PC6,PC,13:4,9013.9,2773.5,315.0,0.0001,0.632,0.3871893,0.672,0.3957095,0.608,0.3736674,-28.8655,1.7321,0.004948,0.3279,0.8377,0.7528,1200,1000000.0,2026-09-18T18:27:44.984690
233,1,IR4,IR,π/2:1,6266.6,3989.4,0.0,0.0002,1.002,0.5843875,nan,nan,nan,nan,-20.3399,1.3831,0.007513,0.6081,0.9227,0.8684,1200,500000.0,2026-09-18T18:27:53.503948
234,1,IR4,IR,π/2:1,6266.6,3989.4,45.0,0.0002,0.584,0.3917305,0.152,0.3487679,0.32,0.360489,-33.5126,1.3962,0.001207,0.2584,0.9127,0.8564,1200,500000.0,2026-09-18T18:28:01.331736
235,1,IR4,IR,π/2:1,6266.6,3989.4,90.0,0.0002,0.584,0.3917372,0.208,0.3517721,0.336,0.3608467,-29.9243,1.4169,0.002916,0.2699,0.9044,0.8489,1200,500000.0,2026-09-18T18:28:09.812778
236,1,IR4,IR,π/2:1,6266.6,3989.4,135.0,0.0002,0.656,0.3942151,0.68,0.3994828,0.608,0.3790819,-30.5718,1.709,0.003579,0.3062,0.8434,0.7434,1200,500000.0,2026-09-18T18:28:17.609968
237,1,IR4,IR,π/2:1,6266.6,3989.4,180.0,0.0002,0.584,0.3922225,0.152,0.3490148,0.32,0.3606743,-33.3362,1.3981,0.001529,0.258,0.913,0.8577,1200,500000.0,2026-09-18T18:28:25.746126
238,1,IR4,IR,π/2:1,6266.6,3989.4,225.0,0.0002,0.64,0.3927119,0.624,0.3900255,0.592,0.3729428,-14.4084,1.7162,0.001068,0.2667,0.8349,0.7454,1200,500000.0,2026-09-18T18:28:33.885298
239,1,IR4,IR,π/2:1,6266.6,3989.4,270.0,0.0002,0.632,0.3925753,0.552,0.3811977,0.528,0.3696579,-15.9088,1.6462,0.002069,0.2719,0.8484,0.7709,1200,500000.0,2026-09-18T18:28:41.837824
240,1,IR4,IR,π/2:1,6266.6,3989.4,315.0,0.0002,0.592,0.3923998,0.248,0.355868,0.352,0.3615704,-25.2661,1.4397,0.006235,0.2707,0.8911,0.8324,1200,500000.0,2026-09-18T18:28:50.532145
241,2,CC8,CC,49:32,6187.2,4040.6,0.0,0.0002,0.64,0.3934275,0.68,0.4021175,0.6,0.3795094,-30.6121,1.708,0.003868,0.3084,0.8367,0.7308,1200,500000.0,2026-09-18T18:28:58.632732
242,2,CC8,CC,49:32,6187.2,4040.6,45.0,0.0002,0.648,0.396595,0.672,0.4029875,0.608,0.3814885,-32.3599,1.701,0.001818,0.3118,0.8397,0.7512,1200,500000.0,2026-09-18T18:29:07.203850
243,2,CC8,CC,49:32,6187.2,4040.6,90.0,0.0002,0.656,0.3905825,0.672,0.4009613,0.608,0.3772703,-31.8767,1.7169,0.002402,0.2938,0.8323,0.7337,1200,500000.0,2026-09-18T18:29:15.331671
244,2,CC8,CC,49:32,6187.2,4040.6,135.0,0.0002,0.584,0.3945294,0.152,0.3495469,0.32,0.3624479,-33.289,1.392,0.002001,0.2561,0.9142,0.859,1200,500000.0,2026-09-18T18:29:23.620297
245,2,CC8,CC,49:32,6187.2,4040.6,180.0,0.0002,0.592,0.3886732,0.336,0.3607215,0.4,0.360761,-21.6541,1.5059,0.003054,0.2609,0.8764,0.8179,1200,500000.0,2026-09-18T18:29:31.725381
246,2,CC8,CC,49:32,6187.2,4040.6,225.0,0.0002,0.648,0.3946697,0.656,0.3969515,0.6,0.3765762,-32.1323,1.7009,0.002337,0.3166,0.8262,0.7512,1200,500000.0,2026-09-18T18:29:40.052963
247,2,CC8,CC,49:32,6187.2,4040.6,270.0,0.0002,0.648,0.3944619,0.68,0.4021871,0.608,0.3796704,-33.1716,1.7084,0.001376,0.3024,0.833,0.7415,1200,500000.0,2026-09-18T18:29:48.122213
248,2,CC8,CC,49:32,6187.2,4040.6,315.0,0.0002,1.002,0.5938574,nan,nan,nan,nan,-20.675,1.3776,0.006698,0.6077,0.9225,0.8693,1200,500000.0,2026-09-18T18:29:56.282532
249,2,PC5,PC,11:4,8291.6,3015.1,0.0,0.0001,0.576,0.3495905,0.152,0.05460763,0.32,0.1983435,-28.8486,1.6525,0.002293,0.4,0.8266,0.6832,1200,1000000.0,2026-09-18T18:30:04.213247
250,2,PC5,PC,11:4,8291.6,3015.1,45.0,0.0001,0.648,0.3909722,0.672,0.3900276,0.608,0.3727657,-28.8685,1.7374,0.004538,0.3556,0.8386,0.7437,1200,1000000.0,2026-09-18T18:30:12.726249
251,2,PC5,PC,11:4,8291.6,3015.1,90.0,0.0001,0.64,0.3946588,0.64,0.3935579,0.592,0.3784904,-32.2557,1.6931,0.002661,0.3099,0.8647,0.7875,1200,1000000.0,2026-09-18T18:30:20.438768
252,2,PC5,PC,11:4,8291.6,3015.1,135.0,0.0001,0.576,0.3904446,0.152,0.348712,0.32,0.3599892,-34.3274,1.3995,0.001982,0.2655,0.9115,0.8616,1200,1000000.0,2026-09-18T18:30:28.736737
253,2,PC5,PC,11:4,8291.6,3015.1,180.0,0.0001,0.576,0.3886521,0.152,0.3487856,0.32,0.3591613,-34.4076,1.4015,0.001896,0.2657,0.9116,0.8603,1200,1000000.0,2026-09-18T18:30:36.827295
254,2,PC5,PC,11:4,8291.6,3015.1,225.0,0.0001,0.64,0.3961188,0.6720001,0.4144868,0.608,0.3876685,-33.9762,1.6734,0.001634,0.3086,0.848,0.7718,1200,1000000.0,2026-09-18T18:30:45.392489
255,2,PC5,PC,11:4,8291.6,3015.1,270.0,0.0001,0.64,0.3942026,0.656,0.4117641,0.592,0.38461,-33.4964,1.6862,0.00198,0.335,0.8385,0.7426,1200,1000000.0,2026-09-18T18:30:53.674631
256,2,PC5,PC,11:4,8291.6,3015.1,315.0,0.0001,0.576,0.3922528,0.16,0.3492645,0.32,0.3613015,-34.4875,1.3966,0.001817,0.2625,0.9133,0.8625,1200,1000000.0,2026-09-18T18:31:01.976517
257,2,PP3,PP,7:5,5916.1,4225.8,0.0,0.0002,0.584,0.3948762,0.152,0.3495418,0.32,0.3623537,-33.1332,1.3893,0.002335,0.2603,0.9128,0.8558,1200,500000.0,2026-09-18T18:31:10.424049
258,2,PP3,PP,7:5,5916.1,4225.8,45.0,0.0002,0.592,0.3947225,0.16,0.3493159,0.32,0.3622224,-33.0613,1.3899,0.002389,0.2613,0.9129,0.8597,1200,500000.0,2026-09-18T18:31:18.709010
259,2,PP3,PP,7:5,5916.1,4225.8,90.0,0.0002,0.584,0.3525867,0.152,0.05809277,0.32,0.2013494,-25.9246,1.6289,0.004569,0.3857,0.8477,0.71,1200,500000.0,2026-09-18T18:31:26.896770
260,2,PP3,PP,7:5,5916.1,4225.8,135.0,0.0002,0.656,0.3914389,0.6720001,0.3980082,0.608,0.3759389,-33.1727,1.724,0.00129,0.3094,0.8286,0.733,1200,500000.0,2026-09-18T18:31:35.227768
261,2,PP3,PP,7:5,5916.1,4225.8,180.0,0.0002,0.584,0.3905234,0.168,0.349212,0.32,0.3595512,-33.3367,1.4032,0.002111,0.2688,0.9093,0.8541,1200,500000.0,2026-09-18T18:31:43.203025
262,2,PP3,PP,7:5,5916.1,4225.8,225.0,0.0002,0.584,0.3508187,0.152,0.0577954,0.32,0.200486,-27.1165,1.6384,0.002903,0.3888,0.8479,0.7088,1200,500000.0,2026-09-18T18:31:51.661733
263,2,PP3,PP,7:5,5916.1,4225.8,270.0,0.0002,0.584,0.3904496,0.176,0.3498832,0.32,0.3597102,-31.9177,1.4024,0.002961,0.2769,0.9077,0.8521,1200,500000.0,2026-09-18T18:31:59.927156
264,2,PP3,PP,7:5,5916.1,4225.8,315.0,0.0002,0.592,0.3905245,0.152,0.3487439,0.32,0.359509,-33.2341,1.4034,0.002117,0.2643,0.9095,0.8541,1200,500000.0,2026-09-18T18:32:08.569652
265,2,CC9,CC,27:16,6495.2,3849.0,0.0,0.0001,0.648,0.3935091,0.68,0.3860597,0.608,0.3703796,-34.5716,1.75,0.001566,0.3585,0.8181,0.718,1200,1000000.0,2026-09-18T18:32:16.601384
266,2,CC9,CC,27:16,6495.2,3849.0,45.0,0.0001,0.648,0.396698,0.664,0.3943961,0.6,0.3777992,-26.7115,1.6946,0.006902,0.3455,0.8394,0.7584,1200,1000000.0,2026-09-18T18:32:24.473612
267,2,CC9,CC,27:16,6495.2,3849.0,90.0,0.0001,0.648,0.3876538,0.656,0.4079567,0.608,0.37924,-34.1758,1.7082,0.001898,0.3184,0.833,0.7701,1200,1000000.0,2026-09-18T18:32:32.752664
268,2,CC9,CC,27:16,6495.2,3849.0,135.0,0.0001,0.584,0.393949,0.168,0.3499177,0.32,0.3618742,-30.8206,1.3931,0.006546,0.2756,0.9088,0.8596,1200,1000000.0,2026-09-18T18:32:41.282963
269,2,CC9,CC,27:16,6495.2,3849.0,180.0,0.0001,0.584,0.3561046,0.152,0.05788375,0.32,0.2037321,-27.1429,1.612,0.004515,0.3953,0.8457,0.6691,1200,1000000.0,2026-09-18T18:32:49.645188
270,2,CC9,CC,27:16,6495.2,3849.0,225.0,0.0001,0.584,0.3846324,0.152,0.3484402,0.32,0.3567255,-34.3747,1.4113,0.002355,0.2679,0.9096,0.859,1200,1000000.0,2026-09-18T18:32:58.062490
271,2,CC9,CC,27:16,6495.2,3849.0,270.0,0.0001,0.576,0.3899148,0.248,0.3533108,0.352,0.3599401,-26.0018,1.4443,0.004644,0.2715,0.8952,0.8433,1200,1000000.0,2026-09-18T18:33:06.377633
272,2,CC9,CC,27:16,6495.2,3849.0,315.0,0.0001,0.584,0.3871606,0.168,0.3489397,0.32,0.3577421,-31.9758,1.4077,0.005083,0.277,0.906,0.8541,1200,1000000.0,2026-09-18T18:33:15.121059
273,2,PP4,PP,11:7,6267.8,3988.6,0.0,0.0002,0.592,0.3919004,0.152,0.3494655,0.32,0.3611874,-33.3697,1.3933,0.001379,0.26,0.9125,0.8563,1200,500000.0,2026-09-18T18:33:23.113915
274,2,PP4,PP,11:7,6267.8,3988.6,45.0,0.0002,0.584,0.3921761,0.168,0.3495121,0.32,0.3608372,-33.3488,1.3955,0.001524,0.2591,0.9122,0.8564,1200,500000.0,2026-09-18T18:33:31.432728
275,2,PP4,PP,11:7,6267.8,3988.6,90.0,0.0002,0.584,0.3922485,0.208,0.3518717,0.336,0.3612288,-29.8313,1.4186,0.003442,0.2688,0.9043,0.8521,1200,500000.0,2026-09-18T18:33:39.325191
276,2,PP4,PP,11:7,6267.8,3988.6,135.0,0.0002,0.584,0.3923054,0.248,0.3562507,0.352,0.3620784,-25.2526,1.4378,0.006056,0.2705,0.8914,0.8327,1200,500000.0,2026-09-18T18:33:47.969149
277,2,PP4,PP,11:7,6267.8,3988.6,180.0,0.0002,0.648,0.3920458,0.648,0.3776795,0.592,0.368746,-31.5704,1.7372,0.002735,0.2899,0.8547,0.7711,1200,500000.0,2026-09-18T18:33:56.094355
278,2,PP4,PP,11:7,6267.8,3988.6,225.0,0.0002,0.592,0.3922889,0.168,0.3494757,0.32,0.3610925,-33.2309,1.3962,0.001443,0.2601,0.912,0.857,1200,500000.0,2026-09-18T18:34:04.167720
279,2,PP4,PP,11:7,6267.8,3988.6,270.0,0.0002,0.6,0.3920481,0.464,0.3708492,0.48,0.3658562,-18.3697,1.5981,0.003462,0.2658,0.8633,0.7976,1200,500000.0,2026-09-18T18:34:12.362063
280,2,PP4,PP,11:7,6267.8,3988.6,315.0,0.0002,0.656,0.3932502,0.68,0.3968939,0.608,0.3767505,-30.0655,1.7178,0.004048,0.3125,0.8371,0.7391,1200,500000.0,2026-09-18T18:34:20.418703
281,2,PC4,PC,7:4,6614.4,3779.6,0.0,0.0001,0.576,0.3884215,0.152,0.3490067,0.32,0.3589731,-34.6929,1.402,0.002265,0.2706,0.9107,0.8596,1200,1000000.0,2026-09-18T18:34:28.739135
282,2,PC4,PC,7:4,6614.4,3779.6,45.0,0.0001,0.64,0.3912324,0.656,0.3809566,0.608,0.3661883,-32.6863,1.7712,0.002675,0.3527,0.813,0.7177,1200,1000000.0,2026-09-18T18:34:37.126249
283,2,PC4,PC,7:4,6614.4,3779.6,90.0,0.0001,0.584,0.3935379,0.168,0.3502596,0.32,0.3618623,-33.888,1.3944,0.002557,0.2723,0.9093,0.857,1200,1000000.0,2026-09-18T18:34:45.433611
284,2,PC4,PC,7:4,6614.4,3779.6,135.0,0.0001,0.584,0.3914415,0.248,0.3530334,0.352,0.3608414,-26.7565,1.4409,0.002362,0.2743,0.8974,0.8462,1200,1000000.0,2026-09-18T18:34:53.523833
285,2,PC4,PC,7:4,6614.4,3779.6,180.0,0.0001,0.592,0.3911,0.456,0.367557,0.48,0.3646867,-18.7779,1.6019,0.002036,0.2677,0.8683,0.8089,1200,1000000.0,2026-09-18T18:35:01.788979
286,2,PC4,PC,7:4,6614.4,3779.6,225.0,0.0001,0.576,0.388665,0.152,0.3488369,0.32,0.3590947,-34.6855,1.4016,0.002111,0.2707,0.9107,0.8601,1200,1000000.0,2026-09-18T18:35:10.026673
287,2,PC4,PC,7:4,6614.4,3779.6,270.0,0.0001,0.64,0.3916802,0.672,0.4058619,0.608,0.3789969,-31.9958,1.7089,0.00324,0.3161,0.822,0.7533,1200,1000000.0,2026-09-18T18:35:18.598590
288,2,PC4,PC,7:4,6614.4,3779.6,315.0,0.0001,0.632,0.3916845,0.632,0.3672759,0.5840001,0.3628186,-34.2052,1.7438,0.001675,0.3253,0.8418,0.771,1200,1000000.0,2026-09-18T18:35:27.180621
289,2,CC5,CC,25:9,8333.3,3000.0,0.0,0.0001,0.64,0.3944436,0.6720001,0.4147259,0.6,0.3862827,-34.3457,1.6786,0.001488,0.3283,0.8418,0.7462,1200,1000000.0,2026-09-18T18:35:35.368781
290,2,CC5,CC,25:9,8333.3,3000.0,45.0,0.0001,0.576,0.3912569,0.152,0.3493317,0.32,0.3607442,-34.7039,1.3986,0.001074,0.2722,0.9125,0.8608,1200,1000000.0,2026-09-18T18:35:43.636658
291,2,CC5,CC,25:9,8333.3,3000.0,90.0,0.0001,0.648,0.3890122,0.672,0.3765901,0.608,0.3646921,-33.6614,1.7752,0.001654,0.3276,0.8317,0.7604,1200,1000000.0,2026-09-18T18:35:51.970950
292,2,CC5,CC,25:9,8333.3,3000.0,135.0,0.0001,0.64,0.3911715,0.6720001,0.396258,0.608,0.3740195,-29.2983,1.7326,0.004547,0.323,0.82,0.7421,1200,1000000.0,2026-09-18T18:35:59.990444
293,2,CC5,CC,25:9,8333.3,3000.0,180.0,0.0001,0.632,0.393887,0.648,0.4125467,0.584,0.3847495,-32.9178,1.6644,0.002342,0.3284,0.8377,0.7398,1200,1000000.0,2026-09-18T18:36:08.246006
294,2,CC5,CC,25:9,8333.3,3000.0,225.0,0.0001,0.64,0.3945131,0.6720001,0.4102474,0.608,0.3850334,-31.0824,1.6849,0.003041,0.3287,0.8483,0.7584,1200,1000000.0,2026-09-18T18:36:16.832953
295,2,CC5,CC,25:9,8333.3,3000.0,270.0,0.0001,0.64,0.3937328,0.656,0.4089306,0.584,0.3830425,-30.8215,1.6728,0.003213,0.3347,0.8409,0.7295,1200,1000000.0,2026-09-18T18:36:24.866806
296,2,CC5,CC,25:9,8333.3,3000.0,315.0,0.0001,0.576,0.3898797,0.152,0.3488163,0.32,0.3598201,-34.6173,1.3991,0.001347,0.2638,0.9123,0.8604,1200,1000000.0,2026-09-18T18:36:33.448567
297,2,IR4,IR,π/2:1,6266.6,3989.4,0.0,0.0002,0.584,0.3923073,0.152,0.3495589,0.32,0.3611436,-33.3372,1.3965,0.001446,0.2604,0.9122,0.8573,1200,500000.0,2026-09-18T18:36:41.827113
298,2,IR4,IR,π/2:1,6266.6,3989.4,45.0,0.0002,0.584,0.392004,0.152,0.3492066,0.32,0.360746,-33.3517,1.3951,0.001561,0.262,0.9124,0.8574,1200,500000.0,2026-09-18T18:36:50.400608
299,2,IR4,IR,π/2:1,6266.6,3989.4,90.0,0.0002,0.592,0.3920444,0.16,0.3490972,0.32,0.3607917,-33.3086,1.3966,0.001563,0.2598,0.9122,0.8555,1200,500000.0,2026-09-18T18:36:58.586948
300,2,IR4,IR,π/2:1,6266.6,3989.4,135.0,0.0002,0.64,0.3919401,0.6720001,0.3920817,0.608,0.372986,-30.8564,1.739,0.003118,0.2971,0.827,0.7214,1200,500000.0,2026-09-18T18:37:07.181741
301,2,IR4,IR,π/2:1,6266.6,3989.4,180.0,0.0002,0.656,0.3945526,0.672,0.399558,0.608,0.3793371,-30.3006,1.7097,0.003644,0.3172,0.842,0.757,1200,500000.0,2026-09-18T18:37:15.483025
302,2,IR4,IR,π/2:1,6266.6,3989.4,225.0,0.0002,0.632,0.3914969,0.648,0.3746907,0.592,0.3667254,-32.5651,1.7459,0.0017,0.2774,0.8483,0.7638,1200,500000.0,2026-09-18T18:37:23.808395
303,2,IR4,IR,π/2:1,6266.6,3989.4,270.0,0.0002,0.656,0.3928701,0.688,0.3925743,0.608,0.3750154,-31.4934,1.727,0.002465,0.316,0.8404,0.7474,1200,500000.0,2026-09-18T18:37:32.104964
304,2,IR4,IR,π/2:1,6266.6,3989.4,315.0,0.0002,0.648,0.3933745,0.656,0.3843707,0.6,0.3735406,-30.5454,1.7151,0.003845,0.2764,0.8607,0.786,1200,500000.0,2026-09-18T18:37:40.309856
305,2,NC2,NC,9:6,6123.7,4082.5,0.0,0.0002,0.664,0.3933198,0.68,0.4029824,0.608,0.379393,-32.7389,1.7086,0.001643,0.3017,0.8312,0.7509,1200,500000.0,2026-09-18T18:37:48.395412
306,2,NC2,NC,9:6,6123.7,4082.5,45.0,0.0002,0.648,0.3968634,0.64,0.3915515,0.5840001,0.3758236,-14.4106,1.6839,0.001791,0.2739,0.8394,0.7508,1200,500000.0,2026-09-18T18:37:56.628600
307,2,NC2,NC,9:6,6123.7,4082.5,90.0,0.0002,0.592,0.3921873,0.216,0.3516722,0.336,0.3607835,-28.1296,1.419,0.010069,0.2705,0.9034,0.8488,1200,500000.0,2026-09-18T18:38:04.644998
308,2,NC2,NC,9:6,6123.7,4082.5,135.0,0.0002,0.632,0.3959486,0.64,0.38512,0.536,0.3743619,-28.5331,1.5614,0.005627,0.2889,0.8526,0.7894,1200,500000.0,2026-09-18T18:38:12.894691
309,2,NC2,NC,9:6,6123.7,4082.5,180.0,0.0002,0.648,0.3969065,0.6720001,0.3936237,0.592,0.3771497,-33.2651,1.6972,0.001178,0.301,0.8369,0.7401,1200,500000.0,2026-09-18T18:38:20.970028
310,2,NC2,NC,9:6,6123.7,4082.5,225.0,0.0002,0.584,0.4046203,0.152,0.4282794,0.32,0.4056104,-31.7234,1.3612,0.006083,0.2348,0.9117,0.8618,1200,500000.0,2026-09-18T18:38:29.327467
311,2,NC2,NC,9:6,6123.7,4082.5,270.0,0.0002,0.648,0.3968518,0.656,0.3988874,0.5840001,0.3793567,-33.0079,1.6676,0.001427,0.3037,0.8327,0.7431,1200,500000.0,2026-09-18T18:38:37.588977
312,2,NC2,NC,9:6,6123.7,4082.5,315.0,0.0002,0.584,0.3891224,0.152,0.3487685,0.32,0.3589102,-31.4762,1.4035,0.004657,0.2657,0.9108,0.8551,1200,500000.0,2026-09-18T18:38:45.859428
313,2,PC2,PC,11:8,5863.0,4264.0,0.0,0.0002,0.584,0.3520005,0.152,0.05570155,0.32,0.1998647,-27.5804,1.6426,0.002268,0.3698,0.8298,0.7028,1200,500000.0,2026-09-18T18:38:54.010058
314,2,PC2,PC,11:8,5863.0,4264.0,45.0,0.0002,0.664,0.3936533,0.68,0.4001742,0.608,0.378875,-32.3388,1.7115,0.001796,0.2831,0.8374,0.7431,1200,500000.0,2026-09-18T18:39:02.295303
315,2,PC2,PC,11:8,5863.0,4264.0,90.0,0.0002,0.664,0.3940316,0.68,0.398064,0.608,0.3782773,-32.4993,1.7127,0.001859,0.2921,0.8418,0.7464,1200,500000.0,2026-09-18T18:39:10.498242
316,2,PC2,PC,11:8,5863.0,4264.0,135.0,0.0002,0.664,0.393876,0.68,0.3982259,0.608,0.3776849,-32.115,1.7133,0.002275,0.3038,0.8365,0.7434,1200,500000.0,2026-09-18T18:39:18.359422
317,2,PC2,PC,11:8,5863.0,4264.0,180.0,0.0002,0.64,0.3931454,0.656,0.3791153,0.592,0.3707456,-30.384,1.7257,0.001952,0.2851,0.8573,0.7734,1200,500000.0,2026-09-18T18:39:27.106337
318,2,PC2,PC,11:8,5863.0,4264.0,225.0,0.0002,0.584,0.3925166,0.16,0.3495954,0.32,0.3613641,-33.409,1.3934,0.001828,0.2626,0.912,0.856,1200,500000.0,2026-09-18T18:39:35.371098
319,2,PC2,PC,11:8,5863.0,4264.0,270.0,0.0002,0.584,0.3519759,0.152,0.05558085,0.32,0.1999441,-27.6868,1.6428,0.001844,0.3664,0.8352,0.6969,1200,500000.0,2026-09-18T18:39:43.376922
320,2,PC2,PC,11:8,5863.0,4264.0,315.0,0.0002,0.656,0.3933778,0.672,0.3938984,0.608,0.3753029,-32.9952,1.7273,0.001383,0.3206,0.8374,0.7417,1200,500000.0,2026-09-18T18:39:51.538120
321,2,PC6,PC,13:4,9013.9,2773.5,0.0,0.0001,0.576,0.3464541,0.152,0.05669327,0.32,0.1980942,-27.4537,1.6532,0.003442,0.3817,0.8395,0.6777,1200,1000000.0,2026-09-18T18:40:00.169687
322,2,PC6,PC,13:4,9013.9,2773.5,45.0,0.0001,0.64,0.3910274,0.664,0.4101796,0.6,0.3826127,-28.8458,1.6916,0.00476,0.3456,0.8416,0.7409,1200,1000000.0,2026-09-18T18:40:08.526998
323,2,PC6,PC,13:4,9013.9,2773.5,90.0,0.0001,0.632,0.394935,0.624,0.392157,0.568,0.3757341,-32.6292,1.6847,0.001106,0.2948,0.8431,0.7537,1200,1000000.0,2026-09-18T18:40:16.770766
324,2,PC6,PC,13:4,9013.9,2773.5,135.0,0.0001,0.64,0.3953964,0.664,0.3963754,0.6,0.3782644,-33.8432,1.714,0.001264,0.2924,0.8417,0.7479,1200,1000000.0,2026-09-18T18:40:24.730465
325,2,PC6,PC,13:4,9013.9,2773.5,180.0,0.0001,0.64,0.3944679,0.672,0.3965049,0.608,0.3767224,-33.0771,1.7227,0.00187,0.3034,0.8293,0.745,1200,1000000.0,2026-09-18T18:40:33.337461
326,2,PC6,PC,13:4,9013.9,2773.5,225.0,0.0001,0.576,0.3857202,0.168,0.3489319,0.312,0.3575779,-33.3117,1.408,0.003116,0.2647,0.9101,0.8603,1200,1000000.0,2026-09-18T18:40:41.395863
327,2,PC6,PC,13:4,9013.9,2773.5,270.0,0.0001,0.64,0.3967997,0.6720001,0.4092985,0.608,0.3859686,-29.4537,1.6797,0.00446,0.3308,0.8486,0.7777,1200,1000000.0,2026-09-18T18:40:49.434606
328,2,PC6,PC,13:4,9013.9,2773.5,315.0,0.0001,0.576,0.3853657,0.208,0.3507752,0.328,0.3571399,-30.4158,1.432,0.004261,0.2701,0.9021,0.851,1200,1000000.0,2026-09-18T18:40:57.599143
329,2,CC3,CC,9:4,7500.0,3333.3,0.0,0.0001,0.648,0.3918451,0.68,0.3971866,0.6,0.3759173,-34.5666,1.7245,0.000989,0.3344,0.8333,0.7456,1200,1000000.0,2026-09-18T18:41:05.891202
330,2,CC3,CC,9:4,7500.0,3333.3,45.0,0.0001,0.576,0.390593,0.152,0.3490002,0.32,0.3599215,-34.8044,1.3992,0.001078,0.2651,0.9118,0.86,1200,1000000.0,2026-09-18T18:41:14.118126
331,2,CC3,CC,9:4,7500.0,3333.3,90.0,0.0001,0.584,0.3901771,0.192,0.3513752,0.328,0.3602089,-30.6888,1.4194,0.002792,0.2753,0.9024,0.8513,1200,1000000.0,2026-09-18T18:41:22.344962
332,2,CC3,CC,9:4,7500.0,3333.3,135.0,0.0001,0.64,0.3924188,0.664,0.3971639,0.6,0.3761807,-34.6619,1.7249,0.000994,0.34,0.8329,0.7409,1200,1000000.0,2026-09-18T18:41:30.612269
333,2,CC3,CC,9:4,7500.0,3333.3,180.0,0.0001,0.576,0.390164,0.152,0.3494676,0.32,0.3600189,-34.6758,1.3978,0.001417,0.2713,0.912,0.8628,1200,1000000.0,2026-09-18T18:41:39.375795
334,2,CC3,CC,9:4,7500.0,3333.3,225.0,0.0001,0.92,0.560798,nan,nan,nan,nan,-10.7459,1.2549,0.003627,0.2983,0.9336,0.9002,1200,1000000.0,2026-09-18T18:41:47.397407
335,2,CC3,CC,9:4,7500.0,3333.3,270.0,0.0001,0.576,0.3906638,0.152,0.348965,0.32,0.3602197,-34.702,1.3983,0.001241,0.2661,0.9121,0.8599,1200,1000000.0,2026-09-18T18:41:55.343122
336,2,CC3,CC,9:4,7500.0,3333.3,315.0,0.0001,0.584,0.390403,0.152,0.3488269,0.32,0.3600222,-34.7911,1.3978,0.001252,0.2675,0.9117,0.8606,1200,1000000.0,2026-09-18T18:42:03.656244
337,2,CC7,CC,36:25,6000.0,4166.7,0.0,0.0002,0.584,0.3485104,0.152,0.05522735,0.32,0.1977568,-25.726,1.6599,0.004586,0.373,0.8287,0.6882,1200,500000.0,2026-09-18T18:42:11.961829
338,2,CC7,CC,36:25,6000.0,4166.7,45.0,0.0002,0.584,0.3491301,0.152,0.05773379,0.32,0.1995373,-25.5342,1.6449,0.005085,0.3758,0.8472,0.7129,1200,500000.0,2026-09-18T18:42:20.212704
339,2,CC7,CC,36:25,6000.0,4166.7,90.0,0.0002,0.592,0.3889181,0.16,0.3489758,0.32,0.3587224,-31.1566,1.4056,0.005226,0.2667,0.91,0.8551,1200,500000.0,2026-09-18T18:42:28.573771
340,2,CC7,CC,36:25,6000.0,4166.7,135.0,0.0002,0.584,0.3896277,0.248,0.3554369,0.352,0.3599507,-24.5582,1.445,0.013566,0.2719,0.8891,0.8335,1200,500000.0,2026-09-18T18:42:36.531679
341,2,CC7,CC,36:25,6000.0,4166.7,180.0,0.0002,0.648,0.3972405,0.68,0.3968697,0.608,0.3771294,-32.9074,1.7198,0.001653,0.2869,0.8202,0.7312,1200,500000.0,2026-09-18T18:42:44.733419
342,2,CC7,CC,36:25,6000.0,4166.7,225.0,0.0002,0.624,0.394812,0.56,0.3821075,0.528,0.3711725,-15.8329,1.6382,0.002627,0.2677,0.8485,0.7846,1200,500000.0,2026-09-18T18:42:52.771561
343,2,CC7,CC,36:25,6000.0,4166.7,270.0,0.0002,0.584,0.3936071,0.152,0.3495724,0.32,0.3619365,-29.6902,1.3922,0.007978,0.2595,0.9132,0.8597,1200,500000.0,2026-09-18T18:43:00.933916
344,2,CC7,CC,36:25,6000.0,4166.7,315.0,0.0002,0.664,0.3974297,0.68,0.3974978,0.608,0.3785307,-32.7263,1.7121,0.001555,0.3113,0.8309,0.7319,1200,500000.0,2026-09-18T18:43:09.358472
345,2,IR3,IR,e/2:1,5829.1,4288.8,0.0,0.0002,0.592,0.3914775,0.176,0.3500698,0.32,0.3603962,-32.8066,1.3968,0.001169,0.2768,0.9088,0.8537,1200,500000.0,2026-09-18T18:43:17.577294
346,2,IR3,IR,e/2:1,5829.1,4288.8,45.0,0.0002,0.584,0.3931665,0.248,0.3560289,0.352,0.3621194,-25.2631,1.437,0.003921,0.2705,0.8916,0.8351,1200,500000.0,2026-09-18T18:43:25.809978
347,2,IR3,IR,e/2:1,5829.1,4288.8,90.0,0.0002,0.592,0.3927256,0.16,0.3490806,0.32,0.3610511,-33.6138,1.397,0.001242,0.2644,0.9125,0.8572,1200,500000.0,2026-09-18T18:43:34.008783
348,2,IR3,IR,e/2:1,5829.1,4288.8,135.0,0.0002,0.584,0.3532328,0.16,0.05820825,0.32,0.2018099,-28.0391,1.6277,0.001243,0.3594,0.8468,0.712,1200,500000.0,2026-09-18T18:43:42.634913
349,2,IR3,IR,e/2:1,5829.1,4288.8,180.0,0.0002,1.002,0.5915666,nan,nan,nan,nan,-20.8758,1.3504,0.004813,0.5574,0.9287,0.8778,1200,500000.0,2026-09-18T18:43:50.729847
350,2,IR3,IR,e/2:1,5829.1,4288.8,225.0,0.0002,0.584,0.391461,0.192,0.3514751,0.336,0.3608132,-30.0118,1.4174,0.002653,0.2717,0.9049,0.8509,1200,500000.0,2026-09-18T18:43:59.464492
351,2,IR3,IR,e/2:1,5829.1,4288.8,270.0,0.0002,0.664,0.3929919,0.68,0.3938265,0.6,0.3737077,-30.6923,1.7358,0.003526,0.3023,0.8219,0.7185,1200,500000.0,2026-09-18T18:44:07.705286
352,2,IR3,IR,e/2:1,5829.1,4288.8,315.0,0.0002,0.584,0.3928777,0.152,0.3496414,0.32,0.3613145,-33.5624,1.396,0.001068,0.2596,0.9117,0.8551,1200,500000.0,2026-09-18T18:44:15.892918
353,2,PP7,PP,5:2,7905.7,3162.3,0.0,0.0001,0.576,0.3986183,0.152,0.3506555,0.32,0.3652213,-33.2755,1.3801,0.002659,0.2621,0.9158,0.8649,1200,1000000.0,2026-09-18T18:44:23.945474
354,2,PP7,PP,5:2,7905.7,3162.3,45.0,0.0001,0.576,0.3841011,0.152,0.3477888,0.32,0.3560291,-32.4566,1.4159,0.003502,0.2727,0.9084,0.8601,1200,1000000.0,2026-09-18T18:44:32.443352
355,2,PP7,PP,5:2,7905.7,3162.3,90.0,0.0001,0.64,0.3950896,0.664,0.3988029,0.6,0.3777171,-25.5739,1.6938,0.009177,0.3306,0.8286,0.7521,1200,1000000.0,2026-09-18T18:44:40.861451
356,2,PP7,PP,5:2,7905.7,3162.3,135.0,0.0001,0.576,0.3833737,0.152,0.347544,0.32,0.3557027,-33.1138,1.4172,0.002839,0.2748,0.9075,0.8584,1200,1000000.0,2026-09-18T18:44:48.955337
357,2,PP7,PP,5:2,7905.7,3162.3,180.0,0.0001,0.648,0.3983282,0.672,0.3980702,0.6,0.3793942,-28.0265,1.6866,0.005659,0.3421,0.8326,0.7535,1200,1000000.0,2026-09-18T18:44:57.208216
358,2,PP7,PP,5:2,7905.7,3162.3,225.0,0.0001,0.616,0.3984099,0.56,0.3813284,0.528,0.3735745,-15.929,1.6277,0.00248,0.2866,0.8537,0.7837,1200,1000000.0,2026-09-18T18:45:05.162218
359,2,PP7,PP,5:2,7905.7,3162.3,270.0,0.0001,0.576,0.3923159,0.152,0.3488106,0.32,0.3610127,-28.1405,1.3958,0.009425,0.2626,0.913,0.8632,1200,1000000.0,2026-09-18T18:45:13.196783
360,2,PP7,PP,5:2,7905.7,3162.3,315.0,0.0001,0.624,0.3987525,0.624,0.3892305,0.552,0.376144,-19.011,1.5957,0.001838,0.2231,0.8411,0.7938,1200,1000000.0,2026-09-18T18:45:21.499646
361,2,IR2,IR,φ:1,6360.1,3930.8,0.0,0.0001,0.576,0.3953811,0.152,0.3502253,0.32,0.3631415,-29.179,1.3881,0.008268,0.2742,0.9118,0.8611,1200,1000000.0,2026-09-18T18:45:30.241757
362,2,IR2,IR,φ:1,6360.1,3930.8,45.0,0.0001,0.632,0.3930428,0.56,0.380746,0.528,0.369713,-15.843,1.6435,0.00492,0.2965,0.8448,0.7748,1200,1000000.0,2026-09-18T18:45:38.515814
363,2,IR2,IR,φ:1,6360.1,3930.8,90.0,0.0001,0.6,0.3891279,0.456,0.3672731,0.48,0.3636409,-18.3922,1.6054,0.00317,0.2868,0.869,0.8086,1200,1000000.0,2026-09-18T18:45:46.575953
364,2,IR2,IR,φ:1,6360.1,3930.8,135.0,0.0001,0.64,0.4011874,0.6720001,0.3989229,0.584,0.3832437,-28.3758,1.6912,0.004769,0.3235,0.8534,0.7482,1200,1000000.0,2026-09-18T18:45:55.129055
365,2,IR2,IR,φ:1,6360.1,3930.8,180.0,0.0001,0.656,0.3985414,0.672,0.3999164,0.608,0.3805492,-26.6199,1.7032,0.007695,0.339,0.8302,0.7487,1200,1000000.0,2026-09-18T18:46:03.540182
366,2,IR2,IR,φ:1,6360.1,3930.8,225.0,0.0001,0.584,0.3844096,0.2,0.3501467,0.336,0.3562537,-28.7662,1.4366,0.008248,0.2809,0.8987,0.8475,1200,1000000.0,2026-09-18T18:46:12.257597
367,2,IR2,IR,φ:1,6360.1,3930.8,270.0,0.0001,0.648,0.3802635,0.688,0.3809687,0.6,0.3610286,-32.7822,1.7703,0.002019,0.3358,0.8163,0.7419,1200,1000000.0,2026-09-18T18:46:20.645029
368,2,IR2,IR,φ:1,6360.1,3930.8,315.0,0.0001,0.64,0.401598,0.656,0.4053436,0.608,0.3850896,-32.3574,1.6844,0.002584,0.3255,0.8354,0.7477,1200,1000000.0,2026-09-18T18:46:28.831459
369,2,CC2,CC,25:16,6250.0,4000.0,0.0,0.0002,0.584,0.3525412,0.152,0.0581098,0.32,0.2018385,-27.747,1.6259,0.000969,0.3744,0.8452,0.7111,1200,500000.0,2026-09-18T18:46:37.356648
370,2,CC2,CC,25:16,6250.0,4000.0,45.0,0.0002,0.64,0.3919873,0.6720001,0.3911049,0.608,0.3720158,-30.7979,1.741,0.003218,0.3143,0.8211,0.73,1200,500000.0,2026-09-18T18:46:45.340007
371,2,CC2,CC,25:16,6250.0,4000.0,90.0,0.0002,0.648,0.3947413,0.688,0.3984935,0.608,0.3790758,-30.0142,1.7101,0.003837,0.311,0.8435,0.7518,1200,500000.0,2026-09-18T18:46:53.260424
372,2,CC2,CC,25:16,6250.0,4000.0,135.0,0.0002,0.64,0.3931486,0.624,0.3894215,0.592,0.3726544,-14.4247,1.7172,0.001785,0.2696,0.836,0.7495,1200,500000.0,2026-09-18T18:47:01.336132
373,2,CC2,CC,25:16,6250.0,4000.0,180.0,0.0002,0.64,0.3920215,0.632,0.3893219,0.584,0.3719082,-14.4285,1.7173,0.001727,0.2736,0.8331,0.7457,1200,500000.0,2026-09-18T18:47:09.737839
374,2,CC2,CC,25:16,6250.0,4000.0,225.0,0.0002,0.64,0.3924548,0.68,0.3899076,0.608,0.3720722,-32.3216,1.743,0.001994,0.3192,0.8266,0.7285,1200,500000.0,2026-09-18T18:47:18.175750
375,2,CC2,CC,25:16,6250.0,4000.0,270.0,0.0002,0.648,0.3917058,0.688,0.3896703,0.608,0.3727812,-32.4553,1.7355,0.001685,0.3114,0.8377,0.7422,1200,500000.0,2026-09-18T18:47:26.827853
376,2,CC2,CC,25:16,6250.0,4000.0,315.0,0.0002,0.648,0.3943018,0.6720001,0.4029008,0.608,0.3805152,-31.8846,1.7026,0.00234,0.2998,0.8398,0.7409,1200,500000.0,2026-09-18T18:47:35.502124
377,2,PP2,PP,5:3,6455.0,3873.0,0.0,0.0001,0.648,0.3907875,0.68,0.3863251,0.608,0.3692104,-34.5519,1.7546,0.001587,0.3661,0.8196,0.7178,1200,1000000.0,2026-09-18T18:47:43.894200
378,2,PP2,PP,5:3,6455.0,3873.0,45.0,0.0001,0.584,0.3885806,0.208,0.351035,0.336,0.3587823,-28.5984,1.4264,0.008182,0.2819,0.8999,0.8472,1200,1000000.0,2026-09-18T18:47:52.311122
379,2,PP2,PP,5:3,6455.0,3873.0,90.0,0.0001,0.584,0.3836326,0.152,0.3476913,0.32,0.3559364,-34.1081,1.4147,0.0025,0.2754,0.9093,0.8578,1200,1000000.0,2026-09-18T18:48:00.789696
380,2,PP2,PP,5:3,6455.0,3873.0,135.0,0.0001,0.656,0.394015,0.68,0.4015305,0.608,0.3791319,-26.3767,1.7091,0.00778,0.3254,0.8353,0.7397,1200,1000000.0,2026-09-18T18:48:08.883096
381,2,PP2,PP,5:3,6455.0,3873.0,180.0,0.0001,0.584,0.3939129,0.152,0.3497579,0.32,0.3622735,-30.4015,1.3915,0.006449,0.2678,0.9109,0.8586,1200,1000000.0,2026-09-18T18:48:17.361358
382,2,PP2,PP,5:3,6455.0,3873.0,225.0,0.0001,0.576,0.3957449,0.152,0.3497147,0.32,0.3630439,-30.8196,1.3888,0.005939,0.2725,0.9126,0.8616,1200,1000000.0,2026-09-18T18:48:25.108061
383,2,PP2,PP,5:3,6455.0,3873.0,270.0,0.0001,0.632,0.3856035,0.632,0.388702,0.576,0.3697418,-14.4787,1.7295,0.00204,0.3053,0.8391,0.7467,1200,1000000.0,2026-09-18T18:48:33.467431
384,2,PP2,PP,5:3,6455.0,3873.0,315.0,0.0001,0.656,0.390697,0.68,0.3858256,0.608,0.3689131,-34.663,1.756,0.001524,0.3611,0.8202,0.7199,1200,1000000.0,2026-09-18T18:48:41.716096
385,2,PP1,PP,3:2,6123.7,4082.5,0.0,0.0002,0.584,0.3961437,0.152,0.3504659,0.32,0.3636172,-32.5621,1.387,0.003173,0.2581,0.9151,0.861,1200,500000.0,2026-09-18T18:48:50.032515
386,2,PP1,PP,3:2,6123.7,4082.5,45.0,0.0002,0.584,0.3906019,0.152,0.3490158,0.32,0.3598172,-30.6048,1.4002,0.005968,0.2639,0.9108,0.855,1200,500000.0,2026-09-18T18:48:58.176860
387,2,PP1,PP,3:2,6123.7,4082.5,90.0,0.0002,0.592,0.3930934,0.344,0.3614254,0.408,0.363329,-21.2775,1.5191,0.01098,0.2606,0.8764,0.819,1200,500000.0,2026-09-18T18:49:06.487296
388,2,PP1,PP,3:2,6123.7,4082.5,135.0,0.0002,0.584,0.3932833,0.336,0.3618025,0.4,0.3634394,-21.3471,1.4967,0.010568,0.2568,0.8794,0.8201,1200,500000.0,2026-09-18T18:49:14.708011
389,2,PP1,PP,3:2,6123.7,4082.5,180.0,0.0002,0.648,0.3894255,0.664,0.3970333,0.608,0.3755813,-32.4974,1.7267,0.0015,0.3248,0.8408,0.7402,1200,500000.0,2026-09-18T18:49:23.434355
390,2,PP1,PP,3:2,6123.7,4082.5,225.0,0.0002,0.624,0.3897564,0.56,0.3810094,0.528,0.3677489,-15.8338,1.651,0.00349,0.2742,0.844,0.7704,1200,500000.0,2026-09-18T18:49:31.678435
391,2,PP1,PP,3:2,6123.7,4082.5,270.0,0.0002,0.64,0.3941294,0.656,0.3908341,0.568,0.3739,-29.5392,1.6246,0.004392,0.3223,0.8311,0.7589,1200,500000.0,2026-09-18T18:49:39.712530
392,2,PP1,PP,3:2,6123.7,4082.5,315.0,0.0002,0.632,0.3964042,0.64,0.3854569,0.544,0.3745842,-30.2315,1.6036,0.002979,0.2789,0.8532,0.7756,1200,500000.0,2026-09-18T18:49:48.262892
393,2,PC1,PC,5:4,5590.2,4472.1,0.0,0.0005,0.632,0.3921899,0.616,0.3952332,0.552,0.3727449,-0.1935,1.6543,0.002548,0.2685,0.8228,0.7059,1200,199999.99999999997,2026-09-18T18:49:56.942544
394,2,PC1,PC,5:4,5590.2,4472.1,45.0,0.0005,0.592,0.3936298,0.248,0.3565316,0.352,0.362038,-0.2037,1.4361,0.015731,0.2659,0.9022,0.8527,1200,199999.99999999997,2026-09-18T18:50:05.284385
395,2,PC1,PC,5:4,5590.2,4472.1,90.0,0.0005,0.592,0.3930896,0.248,0.3565019,0.352,0.3616571,-0.2043,1.4377,0.016304,0.2684,0.9014,0.8482,1200,199999.99999999997,2026-09-18T18:50:13.663478
396,2,PC1,PC,5:4,5590.2,4472.1,135.0,0.0005,0.592,0.3952129,0.256,0.3567271,0.352,0.3630334,-0.2031,1.4324,0.014347,0.2668,0.9025,0.8525,1200,199999.99999999997,2026-09-18T18:50:22.212894
397,2,PC1,PC,5:4,5590.2,4472.1,180.0,0.0005,0.584,0.3913742,0.16,0.349055,0.32,0.3597024,-0.2044,1.4014,0.002926,0.1986,0.9134,0.8553,1200,199999.99999999997,2026-09-18T18:50:30.350230
398,2,PC1,PC,5:4,5590.2,4472.1,225.0,0.0005,0.656,0.3956205,0.68,0.3977425,0.608,0.3778288,-0.4071,1.7147,0.001778,0.2446,0.8344,0.7322,1200,199999.99999999997,2026-09-18T18:50:38.969363
399,2,PC1,PC,5:4,5590.2,4472.1,270.0,0.0005,0.592,0.3913833,0.176,0.3499892,0.32,0.3599915,-0.2039,1.4003,0.00309,0.2069,0.913,0.8559,1200,199999.99999999997,2026-09-18T18:50:47.167570
400,2,PC1,PC,5:4,5590.2,4472.1,315.0,0.0005,0.656,0.3960773,0.68,0.3988659,0.6,0.3772139,-0.3657,1.7196,0.002918,0.251,0.8228,0.7157,1200,199999.99999999997,2026-09-18T18:50:56.013513
401,2,NC1,NC,4:2,7071.1,3535.5,0.0,0.0001,0.584,0.3872472,0.152,0.3482875,0.32,0.3581359,-28.8154,1.4073,0.008777,0.2702,0.91,0.8595,1200,1000000.0,2026-09-18T18:51:04.617467
402,2,NC1,NC,4:2,7071.1,3535.5,45.0,0.0001,0.584,0.3439847,0.16,0.0564056,0.32,0.1966652,-26.4743,1.6685,0.004654,0.4285,0.8379,0.666,1200,1000000.0,2026-09-18T18:51:12.837436
403,2,NC1,NC,4:2,7071.1,3535.5,90.0,0.0001,0.648,0.3857779,0.6720001,0.3950683,0.608,0.3738851,-32.8432,1.7353,0.00166,0.3576,0.8518,0.7612,1200,1000000.0,2026-09-18T18:51:21.025845
404,2,NC1,NC,4:2,7071.1,3535.5,135.0,0.0001,0.616,0.3849882,0.608,0.3958958,0.48,0.3722498,-27.5744,1.7405,0.006378,0.3969,0.8339,0.6897,1200,1000000.0,2026-09-18T18:51:29.333275
405,2,NC1,NC,4:2,7071.1,3535.5,180.0,0.0001,0.616,0.3829626,0.584,0.3722296,0.488,0.3619704,-31.7579,1.4821,0.002146,0.3051,0.8562,0.8517,1200,1000000.0,2026-09-18T18:51:37.756890
406,2,NC1,NC,4:2,7071.1,3535.5,225.0,0.0001,0.584,0.3853256,0.16,0.3482454,0.32,0.3569552,-30.4149,1.4121,0.006863,0.2789,0.9084,0.8587,1200,1000000.0,2026-09-18T18:51:45.863109
407,2,NC1,NC,4:2,7071.1,3535.5,270.0,0.0001,0.576,0.3846986,0.152,0.3484579,0.32,0.3568685,-30.5513,1.4124,0.005983,0.2747,0.9081,0.8575,1200,1000000.0,2026-09-18T18:51:54.476105
408,2,NC1,NC,4:2,7071.1,3535.5,315.0,0.0001,0.576,0.3852612,0.152,0.3482398,0.32,0.357142,-29.6306,1.4112,0.007691,0.2722,0.9081,0.8567,1200,1000000.0,2026-09-18T18:52:02.855102
409,2,PP6,PP,7:3,7637.6,3273.3,0.0,0.0001,0.576,0.3947816,0.2,0.3521458,0.336,0.3628218,-30.4394,1.4096,0.004326,0.2748,0.9037,0.8508,1200,1000000.0,2026-09-18T18:52:10.980350
410,2,PP6,PP,7:3,7637.6,3273.3,45.0,0.0001,0.576,0.3930627,0.152,0.3495738,0.32,0.3620377,-32.9654,1.391,0.003457,0.2681,0.9133,0.8625,1200,1000000.0,2026-09-18T18:52:19.037614
411,2,PP6,PP,7:3,7637.6,3273.3,90.0,0.0001,0.576,0.388916,0.152,0.3490849,0.32,0.3596429,-32.6505,1.4024,0.003712,0.2694,0.9107,0.8606,1200,1000000.0,2026-09-18T18:52:27.354067
412,2,PP6,PP,7:3,7637.6,3273.3,135.0,0.0001,0.656,0.3886526,0.68,0.3909341,0.608,0.3709885,-32.7315,1.7462,0.002397,0.3173,0.8245,0.7493,1200,1000000.0,2026-09-18T18:52:35.691090
413,2,PP6,PP,7:3,7637.6,3273.3,180.0,0.0001,0.648,0.392629,0.672,0.4001534,0.608,0.3783685,-33.3833,1.7139,0.001992,0.3195,0.8401,0.767,1200,1000000.0,2026-09-18T18:52:43.890771
414,2,PP6,PP,7:3,7637.6,3273.3,225.0,0.0001,0.592,0.3897946,0.248,0.3531145,0.352,0.3606362,-26.1668,1.4422,0.006068,0.2684,0.8976,0.8464,1200,1000000.0,2026-09-18T18:52:52.507316
415,2,PP6,PP,7:3,7637.6,3273.3,270.0,0.0001,0.648,0.3955862,0.672,0.391495,0.592,0.3760441,-34.432,1.6971,0.001338,0.3606,0.8417,0.7309,1200,1000000.0,2026-09-18T18:53:01.134276
416,2,PP6,PP,7:3,7637.6,3273.3,315.0,0.0001,0.592,0.389389,0.328,0.3575561,0.4,0.3614316,-22.5603,1.5058,0.006214,0.272,0.8874,0.836,1200,1000000.0,2026-09-18T18:53:09.367931
417,2,PP8,PP,11:3,9574.3,2611.2,0.0,0.0001,0.64,0.3954743,0.672,0.4018804,0.6,0.3804765,-31.0348,1.7046,0.00304,0.3182,0.8361,0.7544,1200,1000000.0,2026-09-18T18:53:18.016243
418,2,PP8,PP,11:3,9574.3,2611.2,45.0,0.0001,0.576,0.3960594,0.152,0.3499129,0.312,0.3637323,-32.1044,1.3857,0.003658,0.2579,0.9165,0.8668,1200,1000000.0,2026-09-18T18:53:26.706264
419,2,PP8,PP,11:3,9574.3,2611.2,90.0,0.0001,0.624,0.3923481,0.624,0.3769129,0.5840001,0.3693557,-27.4126,1.7115,0.006777,0.3101,0.8574,0.7918,1200,1000000.0,2026-09-18T18:53:34.783380
420,2,PP8,PP,11:3,9574.3,2611.2,135.0,0.0001,0.576,0.3845867,0.344,0.3568867,0.4,0.3586098,-22.2242,1.5169,0.004781,0.2676,0.8849,0.8344,1200,1000000.0,2026-09-18T18:53:42.542557
421,2,PP8,PP,11:3,9574.3,2611.2,180.0,0.0001,0.576,0.3838594,0.152,0.3478697,0.312,0.3560483,-31.9455,1.4158,0.003525,0.2661,0.9091,0.8606,1200,1000000.0,2026-09-18T18:53:50.911081
422,2,PP8,PP,11:3,9574.3,2611.2,225.0,0.0001,0.576,0.3839955,0.152,0.3480301,0.312,0.3560303,-32.1809,1.4159,0.003605,0.2648,0.9097,0.8622,1200,1000000.0,2026-09-18T18:53:59.095509
423,2,PP8,PP,11:3,9574.3,2611.2,270.0,0.0001,0.64,0.3890419,0.672,0.412631,0.608,0.3830786,-28.6445,1.6922,0.005175,0.319,0.844,0.768,1200,1000000.0,2026-09-18T18:54:07.357317
424,2,PP8,PP,11:3,9574.3,2611.2,315.0,0.0001,0.576,0.3841083,0.152,0.3482715,0.312,0.3565269,-31.9183,1.4139,0.003852,0.266,0.91,0.8625,1200,1000000.0,2026-09-18T18:54:15.769331
425,2,NC3,NC,15:10,6123.7,4082.5,0.0,0.0002,0.584,0.3934492,0.152,0.3489954,0.32,0.3614827,-30.2667,1.3944,0.006478,0.2597,0.9116,0.8555,1200,500000.0,2026-09-18T18:54:23.953324
426,2,NC3,NC,15:10,6123.7,4082.5,45.0,0.0002,0.632,0.3962038,0.664,0.3977141,0.592,0.3782067,-28.3208,1.6927,0.002984,0.2847,0.8323,0.7356,1200,500000.0,2026-09-18T18:54:32.305641
427,2,NC3,NC,15:10,6123.7,4082.5,90.0,0.0002,0.584,0.3911861,0.152,0.3491938,0.32,0.3604923,-30.3482,1.3978,0.006272,0.2639,0.9107,0.8539,1200,500000.0,2026-09-18T18:54:40.839848
428,2,NC3,NC,15:10,6123.7,4082.5,135.0,0.0002,0.584,0.3873125,0.152,0.3485325,0.32,0.3581551,-32.81,1.4063,0.002422,0.2661,0.9109,0.8571,1200,500000.0,2026-09-18T18:54:49.317727
429,2,NC3,NC,15:10,6123.7,4082.5,180.0,0.0002,0.584,0.348723,0.152,0.05767166,0.32,0.199338,-26.3299,1.644,0.003781,0.3654,0.8443,0.7068,1200,500000.0,2026-09-18T18:54:57.461231
430,2,NC3,NC,15:10,6123.7,4082.5,225.0,0.0002,0.648,0.3972182,0.664,0.400557,0.568,0.3801195,-32.4831,1.7068,0.001788,0.3009,0.8319,0.7297,1200,500000.0,2026-09-18T18:55:06.096469
431,2,NC3,NC,15:10,6123.7,4082.5,270.0,0.0002,0.648,0.3881815,0.656,0.394363,0.592,0.3722055,-32.2426,1.6965,0.001929,0.3156,0.8272,0.7403,1200,500000.0,2026-09-18T18:55:14.355525
432,2,NC3,NC,15:10,6123.7,4082.5,315.0,0.0002,0.656,0.3928039,0.648,0.394087,0.568,0.3749418,-32.4665,1.7276,0.001749,0.2995,0.8298,0.7139,1200,500000.0,2026-09-18T18:55:22.850074
433,2,CC4,CC,15:8,6846.5,3651.5,0.0,0.0001,0.928,0.5673096,nan,nan,nan,nan,-10.7987,1.2535,0.005167,0.2883,0.9346,0.9009,1200,1000000.0,2026-09-18T18:55:30.969111
434,2,CC4,CC,15:8,6846.5,3651.5,45.0,0.0001,0.592,0.3872032,0.336,0.3569256,0.4,0.3594769,-22.7219,1.5148,0.002837,0.2753,0.8821,0.8282,1200,1000000.0,2026-09-18T18:55:39.409569
435,2,CC4,CC,15:8,6846.5,3651.5,90.0,0.0001,0.584,0.3946315,0.344,0.3581713,0.4,0.3640526,-22.6677,1.4932,0.005215,0.2535,0.8893,0.8362,1200,1000000.0,2026-09-18T18:55:47.804824
436,2,CC4,CC,15:8,6846.5,3651.5,135.0,0.0001,0.648,0.3892843,0.656,0.3947266,0.592,0.3744684,-31.929,1.7319,0.002843,0.3784,0.8401,0.7246,1200,1000000.0,2026-09-18T18:55:56.341257
437,2,CC4,CC,15:8,6846.5,3651.5,180.0,0.0001,0.624,0.3957388,0.56,0.3815037,0.528,0.3720853,-16.1083,1.6331,0.002346,0.2867,0.8509,0.7796,1200,1000000.0,2026-09-18T18:56:04.590582
438,2,CC4,CC,15:8,6846.5,3651.5,225.0,0.0001,0.6,0.3955311,0.448,0.3679549,0.48,0.3671163,-18.7756,1.5888,0.002324,0.2745,0.8695,0.8097,1200,1000000.0,2026-09-18T18:56:12.631483
439,2,CC4,CC,15:8,6846.5,3651.5,270.0,0.0001,0.584,0.3535469,0.16,0.0578782,0.32,0.2021527,-25.9899,1.6216,0.005148,0.4142,0.8403,0.6773,1200,1000000.0,2026-09-18T18:56:21.029093
440,2,CC4,CC,15:8,6846.5,3651.5,315.0,0.0001,0.994,0.5764988,nan,nan,nan,nan,-20.1359,1.389,0.005168,0.5634,0.9237,0.8734,1200,1000000.0,2026-09-18T18:56:28.802208
441,2,PC3,PC,13:9,6009.3,4160.3,0.0,0.0002,0.64,0.3922579,0.64,0.3918616,0.592,0.3736512,-14.35,1.7113,0.005464,0.2749,0.8356,0.7452,1200,500000.0,2026-09-18T18:56:37.131401
442,2,PC3,PC,13:9,6009.3,4160.3,45.0,0.0002,0.664,0.3946839,0.6720001,0.3961585,0.608,0.3766505,-29.8171,1.7185,0.004341,0.3077,0.8298,0.7289,1200,500000.0,2026-09-18T18:56:45.407659
443,2,PC3,PC,13:9,6009.3,4160.3,90.0,0.0002,0.632,0.391507,0.56,0.3817309,0.528,0.3691056,-15.7839,1.6483,0.007559,0.2628,0.8455,0.7663,1200,500000.0,2026-09-18T18:56:53.674832
444,2,PC3,PC,13:9,6009.3,4160.3,135.0,0.0002,0.584,0.3973373,0.168,0.3508649,0.32,0.3638804,-32.2966,1.3847,0.00274,0.2719,0.9117,0.8578,1200,500000.0,2026-09-18T18:57:01.857698
445,2,PC3,PC,13:9,6009.3,4160.3,180.0,0.0002,0.584,0.3956179,0.152,0.3499548,0.32,0.3630088,-30.6768,1.388,0.006042,0.2569,0.914,0.8595,1200,500000.0,2026-09-18T18:57:10.147623
446,2,PC3,PC,13:9,6009.3,4160.3,225.0,0.0002,0.584,0.3973612,0.152,0.3503016,0.32,0.3640366,-32.9133,1.3841,0.002446,0.2566,0.9142,0.8591,1200,500000.0,2026-09-18T18:57:18.292605
447,2,PC3,PC,13:9,6009.3,4160.3,270.0,0.0002,0.656,0.3898816,0.68,0.3971495,0.608,0.3753701,-31.8301,1.7279,0.00205,0.3226,0.8385,0.7452,1200,500000.0,2026-09-18T18:57:26.535660
448,2,PC3,PC,13:9,6009.3,4160.3,315.0,0.0002,0.584,0.3926686,0.168,0.3500736,0.32,0.3612127,-29.1016,1.395,0.007913,0.2709,0.9105,0.8571,1200,500000.0,2026-09-18T18:57:35.186652
449,2,IR1,IR,√2:1,5946.0,4204.5,0.0,0.0002,0.664,0.3904842,0.664,0.3974906,0.608,0.3752533,-32.5196,1.7277,0.001892,0.3059,0.8283,0.7348,1200,500000.0,2026-09-18T18:57:43.141490
450,2,IR1,IR,√2:1,5946.0,4204.5,45.0,0.0002,0.664,0.3907525,0.6720001,0.3956255,0.608,0.3752531,-32.3118,1.7295,0.001736,0.323,0.8369,0.7424,1200,500000.0,2026-09-18T18:57:51.657920
451,2,IR1,IR,√2:1,5946.0,4204.5,90.0,0.0002,0.648,0.3910507,0.672,0.3956456,0.608,0.3750389,-31.1391,1.7299,0.002701,0.3106,0.8354,0.7439,1200,500000.0,2026-09-18T18:57:59.864603
452,2,IR1,IR,√2:1,5946.0,4204.5,135.0,0.0002,0.584,0.3935631,0.248,0.3564577,0.352,0.3627733,-24.8336,1.4327,0.011227,0.2688,0.8925,0.8354,1200,500000.0,2026-09-18T18:58:08.146649
453,2,IR1,IR,√2:1,5946.0,4204.5,180.0,0.0002,0.584,0.3893621,0.16,0.3484646,0.32,0.3589951,-32.6251,1.4052,0.002638,0.2649,0.9092,0.854,1200,500000.0,2026-09-18T18:58:16.285486
454,2,IR1,IR,√2:1,5946.0,4204.5,225.0,0.0002,0.592,0.3957534,0.208,0.3522894,0.336,0.3632034,-29.7346,1.4084,0.005345,0.2674,0.9064,0.8534,1200,500000.0,2026-09-18T18:58:24.802434
455,2,IR1,IR,√2:1,5946.0,4204.5,270.0,0.0002,0.584,0.3898267,0.208,0.3513401,0.336,0.3594749,-29.2722,1.4255,0.006313,0.2752,0.9011,0.8461,1200,500000.0,2026-09-18T18:58:32.749670
456,2,IR1,IR,√2:1,5946.0,4204.5,315.0,0.0002,0.648,0.3902162,0.664,0.3976053,0.608,0.3746989,-31.9106,1.7292,0.002143,0.2969,0.8245,0.7261,1200,500000.0,2026-09-18T18:58:40.756016
457,2,PP5,PP,13:11,5435.6,4599.3,0.0,0.0005,0.664,0.3967949,0.688,0.3979223,0.608,0.3778453,-25.7369,1.7155,0.003441,0.2511,0.83,0.7273,1200,199999.99999999997,2026-09-18T18:58:48.951398
458,2,PP5,PP,13:11,5435.6,4599.3,45.0,0.0005,0.648,0.3962315,0.68,0.3991868,0.608,0.3789469,-23.5894,1.7092,0.007853,0.2482,0.837,0.7347,1200,199999.99999999997,2026-09-18T18:58:57.612543
459,2,PP5,PP,13:11,5435.6,4599.3,90.0,0.0005,0.672,0.3925026,0.688,0.3956547,0.608,0.3743049,-25.5657,1.731,0.00244,0.2446,0.8259,0.723,1200,199999.99999999997,2026-09-18T18:59:05.740395
460,2,PP5,PP,13:11,5435.6,4599.3,135.0,0.0005,0.592,0.3929857,0.16,0.3496973,0.32,0.3608656,-27.2456,1.3964,0.007167,0.1888,0.9139,0.8555,1200,199999.99999999997,2026-09-18T18:59:14.210772
461,2,PP5,PP,13:11,5435.6,4599.3,180.0,0.0005,0.664,0.3964821,0.68,0.3983287,0.608,0.3779202,-26.4154,1.7154,0.003375,0.2408,0.8289,0.724,1200,199999.99999999997,2026-09-18T18:59:22.708036
462,2,PP5,PP,13:11,5435.6,4599.3,225.0,0.0005,0.592,0.3918464,0.152,0.3489287,0.32,0.3597996,-27.8573,1.4006,0.003777,0.1969,0.9142,0.8555,1200,199999.99999999997,2026-09-18T18:59:31.048061
463,2,PP5,PP,13:11,5435.6,4599.3,270.0,0.0005,0.592,0.3957403,0.152,0.3498117,0.32,0.3626294,-28.0303,1.3904,0.002512,0.1928,0.9161,0.8577,1200,199999.99999999997,2026-09-18T18:59:39.361786
464,2,PP5,PP,13:11,5435.6,4599.3,315.0,0.0005,0.584,0.3911679,0.248,0.3564182,0.352,0.3607451,-23.4953,1.4412,0.013535,0.2699,0.9,0.848,1200,199999.99999999997,2026-09-18T18:59:48.014121
465,2,CC6,CC,49:25,7000.0,3571.4,0.0,0.0001,0.64,0.4012226,0.648,0.4097286,0.576,0.387727,-33.4026,1.6287,0.001691,0.3125,0.8461,0.7583,1200,1000000.0,2026-09-18T18:59:56.184224
466,2,CC6,CC,49:25,7000.0,3571.4,45.0,0.0001,0.632,0.3969073,0.6160001,0.3942485,0.552,0.3773327,-25.5935,1.5893,0.009322,0.2923,0.8377,0.8169,1200,1000000.0,2026-09-18T19:00:04.546119
467,2,CC6,CC,49:25,7000.0,3571.4,90.0,0.0001,0.648,0.3985308,0.624,0.3834867,0.528,0.3718083,-34.4015,1.7435,0.001392,0.3913,0.8217,0.6729,1200,1000000.0,2026-09-18T19:00:12.801512
468,2,CC6,CC,49:25,7000.0,3571.4,135.0,0.0001,0.632,0.3876182,0.648,0.3849654,0.56,0.367835,-27.8643,1.6323,0.005569,0.3386,0.8275,0.784,1200,1000000.0,2026-09-18T19:00:21.160435
469,2,CC6,CC,49:25,7000.0,3571.4,180.0,0.0001,0.584,0.3928923,0.2,0.3521745,0.336,0.3620637,-27.4156,1.4138,0.011595,0.275,0.9045,0.8541,1200,1000000.0,2026-09-18T19:00:29.449177
470,2,CC6,CC,49:25,7000.0,3571.4,225.0,0.0001,0.576,0.3864264,0.168,0.349465,0.32,0.3577078,-29.3747,1.4093,0.007765,0.2754,0.9059,0.8558,1200,1000000.0,2026-09-18T19:00:37.964929
471,2,CC6,CC,49:25,7000.0,3571.4,270.0,0.0001,0.576,0.4307279,0.152,0.6179504,0.32,0.5111333,-32.867,1.2832,0.007209,0.1926,0.9199,0.8859,1200,1000000.0,2026-09-18T19:00:46.222059
472,2,CC6,CC,49:25,7000.0,3571.4,315.0,0.0001,0.64,0.3907725,0.64,0.395577,0.576,0.3752244,-34.3302,1.6847,0.001535,0.334,0.8348,0.7417,1200,1000000.0,2026-09-18T19:00:54.860117
473,2,CC1,CC,9:8,5303.3,4714.0,0.0,0.0005,0.664,0.3949613,0.68,0.3976274,0.608,0.3781981,-25.5917,1.714,0.005099,0.2374,0.8414,0.7375,1200,199999.99999999997,2026-09-18T19:01:02.826074
474,2,CC1,CC,9:8,5303.3,4714.0,45.0,0.0005,0.648,0.3945035,nan,0.3957573,0.608,0.3739465,-29.6151,1.7349,0.00138,0.2421,0.8115,0.7054,1200,199999.99999999997,2026-09-18T19:01:11.104373
475,2,CC1,CC,9:8,5303.3,4714.0,90.0,0.0005,0.584,0.3915149,0.152,0.3490719,0.32,0.3599828,-29.5835,1.3987,0.001802,0.197,0.914,0.8555,1200,199999.99999999997,2026-09-18T19:01:19.689478
476,2,CC1,CC,9:8,5303.3,4714.0,135.0,0.0005,0.584,0.391715,0.152,0.3488667,0.32,0.3600118,-29.4759,1.3989,0.00283,0.205,0.9137,0.8554,1200,199999.99999999997,2026-09-18T19:01:28.295348
477,2,CC1,CC,9:8,5303.3,4714.0,180.0,0.0005,0.664,0.394857,0.68,0.3968402,0.608,0.3752843,-28.6698,1.728,0.002045,0.2467,0.82,0.7128,1200,199999.99999999997,2026-09-18T19:01:36.127462
478,2,CC1,CC,9:8,5303.3,4714.0,225.0,0.0005,0.592,0.3913383,0.152,0.3489223,0.32,0.3598223,-29.6181,1.3993,0.001892,0.2031,0.914,0.8547,1200,199999.99999999997,2026-09-18T19:01:44.980114
479,2,CC1,CC,9:8,5303.3,4714.0,270.0,0.0005,0.592,0.3935022,0.168,0.3499491,0.32,0.361052,-29.3526,1.3958,0.003379,0.2011,0.9137,0.8555,1200,199999.99999999997,2026-09-18T19:01:53.247393
480,2,CC1,CC,9:8,5303.3,4714.0,315.0,0.0005,0.648,0.3931581,0.68,0.3981569,0.608,0.3749373,-28.93,1.7267,0.001435,0.2436,0.8163,0.7094,1200,199999.99999999997,2026-09-18T19:02:01.784697
481,3,CC6,CC,49:25,7000.0,3571.4,0.0,0.0001,0.584,0.3965825,0.152,0.3505905,0.32,0.3645111,-30.2991,1.3823,0.006633,0.2642,0.9145,0.8641,1200,1000000.0,2026-09-18T19:02:10.549317
482,3,CC6,CC,49:25,7000.0,3571.4,45.0,0.0001,0.6,0.3990396,0.464,0.3698189,0.48,0.3697942,-18.8071,1.5794,0.002041,0.2721,0.8717,0.8114,1200,1000000.0,2026-09-18T19:02:18.799540
483,3,CC6,CC,49:25,7000.0,3571.4,90.0,0.0001,0.584,0.3897538,0.152,0.3489987,0.32,0.3598674,-28.6514,1.4005,0.008691,0.27,0.9117,0.8608,1200,1000000.0,2026-09-18T19:02:27.271436
484,3,CC6,CC,49:25,7000.0,3571.4,135.0,0.0001,0.576,0.3883809,0.152,0.3494368,0.32,0.3592457,-28.785,1.403,0.009413,0.274,0.9104,0.8599,1200,1000000.0,2026-09-18T19:02:35.401199
485,3,CC6,CC,49:25,7000.0,3571.4,180.0,0.0001,0.592,0.3931914,0.464,0.3678786,0.48,0.3659959,-18.3734,1.5944,0.006643,0.2686,0.8695,0.8119,1200,1000000.0,2026-09-18T19:02:43.872264
486,3,CC6,CC,49:25,7000.0,3571.4,225.0,0.0001,0.64,0.3962209,0.632,0.3852916,0.56,0.3715624,-31.1934,1.745,0.003174,0.3821,0.8215,0.6853,1200,1000000.0,2026-09-18T19:02:52.028013
487,3,CC6,CC,49:25,7000.0,3571.4,270.0,0.0001,0.648,0.3873345,0.632,0.39267,0.552,0.3720051,-34.4377,1.7428,0.001614,0.3847,0.8316,0.6968,1200,1000000.0,2026-09-18T19:03:00.403773
488,3,CC6,CC,49:25,7000.0,3571.4,315.0,0.0001,0.584,0.3907697,0.152,0.3491407,0.32,0.360667,-28.6152,1.3973,0.010056,0.2719,0.9126,0.8638,1200,1000000.0,2026-09-18T19:03:08.062333
489,3,IR2,IR,φ:1,6360.1,3930.8,0.0,0.0001,0.648,0.3842978,0.68,0.3988729,0.608,0.3731006,-33.4225,1.7367,0.001876,0.3618,0.8324,0.7481,1200,1000000.0,2026-09-18T19:03:16.624295
490,3,IR2,IR,φ:1,6360.1,3930.8,45.0,0.0001,0.576,0.3999745,0.168,0.3509711,0.32,0.3657897,-33.3921,1.3787,0.003993,0.268,0.9155,0.8662,1200,1000000.0,2026-09-18T19:03:24.841093
491,3,IR2,IR,φ:1,6360.1,3930.8,90.0,0.0001,0.64,0.4008779,0.632,0.3888937,0.592,0.377246,-14.7094,1.6982,0.002002,0.2957,0.845,0.7676,1200,1000000.0,2026-09-18T19:03:33.132610
492,3,IR2,IR,φ:1,6360.1,3930.8,135.0,0.0001,0.64,0.4004864,0.64,0.3890849,0.584,0.3772541,-14.6797,1.698,0.003422,0.3047,0.8444,0.7587,1200,1000000.0,2026-09-18T19:03:41.065651
493,3,IR2,IR,φ:1,6360.1,3930.8,180.0,0.0001,0.584,0.3843886,0.152,0.3482613,0.32,0.3565418,-30.9548,1.4131,0.005715,0.2779,0.9075,0.8561,1200,1000000.0,2026-09-18T19:03:49.432435
494,3,IR2,IR,φ:1,6360.1,3930.8,225.0,0.0001,0.5840001,0.3945874,0.152,0.3499289,0.32,0.3626676,-28.9585,1.3898,0.008597,0.2732,0.9114,0.8592,1200,1000000.0,2026-09-18T19:03:58.271971
495,3,IR2,IR,φ:1,6360.1,3930.8,270.0,0.0001,0.584,0.3993421,0.152,0.3502735,0.32,0.3655466,-32.0419,1.3794,0.00479,0.2675,0.9158,0.8646,1200,1000000.0,2026-09-18T19:04:06.692863
496,3,IR2,IR,φ:1,6360.1,3930.8,315.0,0.0001,0.584,0.348225,0.152,0.05708552,0.32,0.1994749,-23.6774,1.6434,0.008066,0.4286,0.8408,0.6823,1200,1000000.0,2026-09-18T19:04:15.319527
497,3,IR1,IR,√2:1,5946.0,4204.5,0.0,0.0002,0.592,0.3954005,0.168,0.3499426,0.32,0.3626303,-32.3652,1.3887,0.003437,0.259,0.9124,0.8574,1200,500000.0,2026-09-18T19:04:23.010998
498,3,IR1,IR,√2:1,5946.0,4204.5,45.0,0.0002,0.584,0.3894815,0.152,0.3489769,0.32,0.3592696,-32.0922,1.4039,0.003883,0.2663,0.9103,0.8552,1200,500000.0,2026-09-18T19:04:31.121567
499,3,IR1,IR,√2:1,5946.0,4204.5,90.0,0.0002,0.576,0.3914627,0.152,0.3489638,0.32,0.3606003,-30.5748,1.3977,0.005582,0.2631,0.9127,0.8591,1200,500000.0,2026-09-18T19:04:39.208743
500,3,IR1,IR,√2:1,5946.0,4204.5,135.0,0.0002,0.648,0.3939629,0.6720001,0.3956422,0.608,0.3757927,-31.2147,1.7258,0.002639,0.3219,0.8265,0.7306,1200,500000.0,2026-09-18T19:04:48.380989
501,3,IR1,IR,√2:1,5946.0,4204.5,180.0,0.0002,0.648,0.3921761,0.6720001,0.3978678,0.608,0.3766232,-29.6682,1.7194,0.0041,0.2926,0.8345,0.7437,1200,500000.0,2026-09-18T19:04:56.926025
502,3,IR1,IR,√2:1,5946.0,4204.5,225.0,0.0002,0.656,0.3905109,0.6720001,0.3955885,0.608,0.3746456,-31.4602,1.7315,0.002498,0.3081,0.8334,0.7399,1200,500000.0,2026-09-18T19:05:05.325716
503,3,IR1,IR,√2:1,5946.0,4204.5,270.0,0.0002,0.592,0.390119,0.16,0.3490457,0.32,0.3592932,-31.4571,1.4036,0.004491,0.2641,0.9098,0.854,1200,500000.0,2026-09-18T19:05:13.711443
504,3,IR1,IR,√2:1,5946.0,4204.5,315.0,0.0002,0.592,0.3940528,0.168,0.3505377,0.32,0.3622259,-30.8563,1.3906,0.004864,0.2687,0.9111,0.8557,1200,500000.0,2026-09-18T19:05:22.609619
505,3,PC3,PC,13:9,6009.3,4160.3,0.0,0.0002,0.584,0.3877633,0.152,0.3485169,0.32,0.3580712,-32.7363,1.4083,0.002615,0.265,0.9085,0.8541,1200,500000.0,2026-09-18T19:05:31.150150
506,3,PC3,PC,13:9,6009.3,4160.3,45.0,0.0002,0.584,0.3951938,0.176,0.3507233,0.32,0.3626646,-30.4187,1.3893,0.005793,0.272,0.9108,0.8546,1200,500000.0,2026-09-18T19:05:39.584504
507,3,PC3,PC,13:9,6009.3,4160.3,90.0,0.0002,0.648,0.3898897,0.664,0.3976981,0.608,0.3762201,-32.6436,1.7246,0.001321,0.3207,0.8422,0.7503,1200,500000.0,2026-09-18T19:05:47.890538
508,3,PC3,PC,13:9,6009.3,4160.3,135.0,0.0002,0.656,0.3892782,0.68,0.3971561,0.608,0.3752043,-32.7042,1.7289,0.001372,0.3086,0.8375,0.7484,1200,500000.0,2026-09-18T19:05:56.075665
509,3,PC3,PC,13:9,6009.3,4160.3,180.0,0.0002,0.664,0.3977677,0.6720001,0.3968579,0.608,0.3796325,-31.9259,1.7044,0.002184,0.302,0.8419,0.7438,1200,500000.0,2026-09-18T19:06:04.005179
510,3,PC3,PC,13:9,6009.3,4160.3,225.0,0.0002,0.624,0.3934429,0.544,0.3819388,0.512,0.3701546,-15.7425,1.6212,0.00296,0.2711,0.8499,0.7598,1200,500000.0,2026-09-18T19:06:12.284625
511,3,PC3,PC,13:9,6009.3,4160.3,270.0,0.0002,0.656,0.3892277,0.68,0.3943249,0.608,0.3721302,-30.8116,1.7397,0.003369,0.2996,0.8219,0.7256,1200,500000.0,2026-09-18T19:06:20.542237
512,3,PC3,PC,13:9,6009.3,4160.3,315.0,0.0002,0.584,0.3967184,0.16,0.3500076,0.32,0.3637016,-32.214,1.3854,0.003448,0.2566,0.9147,0.8603,1200,500000.0,2026-09-18T19:06:29.193001
513,3,IR4,IR,π/2:1,6266.6,3989.4,0.0,0.0002,1.002,0.5732496,nan,nan,nan,nan,-20.3844,1.3899,0.007049,0.5308,0.9252,0.8684,1200,500000.0,2026-09-18T19:06:37.911458
514,3,IR4,IR,π/2:1,6266.6,3989.4,45.0,0.0002,0.64,0.3921966,0.664,0.3890524,0.608,0.3722951,-32.4193,1.7382,0.001604,0.3087,0.8334,0.743,1200,500000.0,2026-09-18T19:06:46.550332
515,3,IR4,IR,π/2:1,6266.6,3989.4,90.0,0.0002,0.648,0.3933436,0.68,0.4033533,0.608,0.3791895,-33.0482,1.7081,0.001468,0.297,0.8288,0.7303,1200,500000.0,2026-09-18T19:06:54.640363
516,3,IR4,IR,π/2:1,6266.6,3989.4,135.0,0.0002,0.648,0.3923624,0.68,0.3975351,0.608,0.3750044,-29.2792,1.7283,0.0053,0.3011,0.8211,0.7298,1200,500000.0,2026-09-18T19:07:03.095717
517,3,IR4,IR,π/2:1,6266.6,3989.4,180.0,0.0002,0.648,0.3929644,0.632,0.3917001,0.592,0.3737095,-14.4091,1.7134,0.001164,0.2725,0.8354,0.7446,1200,500000.0,2026-09-18T19:07:11.062465
518,3,IR4,IR,π/2:1,6266.6,3989.4,225.0,0.0002,0.648,0.3926128,0.632,0.3919171,0.592,0.3738038,-14.3943,1.7111,0.001373,0.2784,0.8362,0.7462,1200,500000.0,2026-09-18T19:07:19.272484
519,3,IR4,IR,π/2:1,6266.6,3989.4,270.0,0.0002,0.632,0.3931122,0.632,0.3918945,0.592,0.3737685,-14.3513,1.7147,0.001309,0.2714,0.8349,0.7448,1200,500000.0,2026-09-18T19:07:27.667428
520,3,IR4,IR,π/2:1,6266.6,3989.4,315.0,0.0002,0.6,0.3919727,0.464,0.3706226,0.48,0.3654769,-18.356,1.5957,0.002926,0.2675,0.8621,0.7972,1200,500000.0,2026-09-18T19:07:36.344901
521,3,PP7,PP,5:2,7905.7,3162.3,0.0,0.0001,0.648,0.3986916,0.664,0.3892896,0.6,0.3765863,-31.3803,1.6983,0.002792,0.353,0.8405,0.7519,1200,1000000.0,2026-09-18T19:07:44.919493
522,3,PP7,PP,5:2,7905.7,3162.3,45.0,0.0001,0.648,0.3948058,0.672,0.3850366,0.6,0.3720151,-27.4497,1.7183,0.006106,0.3374,0.8357,0.7436,1200,1000000.0,2026-09-18T19:07:52.943096
523,3,PP7,PP,5:2,7905.7,3162.3,90.0,0.0001,0.928,0.567637,nan,nan,nan,nan,-10.7006,1.2589,0.007234,0.3028,0.9359,0.9028,1200,1000000.0,2026-09-18T19:08:01.426908
524,3,PP7,PP,5:2,7905.7,3162.3,135.0,0.0001,0.592,0.3901388,0.336,0.3573132,0.4,0.3612697,-21.8533,1.5056,0.006394,0.269,0.8886,0.8355,1200,1000000.0,2026-09-18T19:08:09.773628
525,3,PP7,PP,5:2,7905.7,3162.3,180.0,0.0001,0.576,0.3833826,0.168,0.3485808,0.32,0.3558949,-32.2656,1.4164,0.003199,0.2712,0.9053,0.8584,1200,1000000.0,2026-09-18T19:08:18.249120
526,3,PP7,PP,5:2,7905.7,3162.3,225.0,0.0001,0.576,0.3836736,0.248,0.3521063,0.352,0.3565434,-26.3191,1.4587,0.003615,0.2726,0.8933,0.8445,1200,1000000.0,2026-09-18T19:08:26.008560
527,3,PP7,PP,5:2,7905.7,3162.3,270.0,0.0001,0.648,0.3907817,0.656,0.394786,0.592,0.3736762,-25.9262,1.6902,0.008372,0.3374,0.8257,0.7452,1200,1000000.0,2026-09-18T19:08:34.637887
528,3,PP7,PP,5:2,7905.7,3162.3,315.0,0.0001,0.64,0.3992341,0.6720001,0.3952598,0.592,0.3788782,-29.8689,1.7098,0.003866,0.3302,0.8357,0.743,1200,1000000.0,2026-09-18T19:08:42.791495
529,3,PC4,PC,7:4,6614.4,3779.6,0.0,0.0001,0.656,0.3957744,0.68,nan,0.6,0.3810779,-27.7872,1.7015,0.005017,0.3385,0.8504,0.765,1200,1000000.0,2026-09-18T19:08:51.068932
530,3,PC4,PC,7:4,6614.4,3779.6,45.0,0.0001,0.64,0.3921622,0.624,0.3892221,0.592,0.3726785,-14.4281,1.7189,0.001554,0.3196,0.8355,0.7462,1200,1000000.0,2026-09-18T19:08:59.235746
531,3,PC4,PC,7:4,6614.4,3779.6,90.0,0.0001,0.584,0.3884741,0.152,0.3488812,0.32,0.3590721,-34.6701,1.4015,0.002292,0.2722,0.9109,0.8602,1200,1000000.0,2026-09-18T19:09:07.604410
532,3,PC4,PC,7:4,6614.4,3779.6,135.0,0.0001,0.584,0.3935339,0.152,0.3498578,0.32,0.3622681,-34.6922,1.3927,0.002085,0.2658,0.9124,0.8599,1200,1000000.0,2026-09-18T19:09:15.749103
533,3,PC4,PC,7:4,6614.4,3779.6,180.0,0.0001,0.584,0.3935292,0.152,0.349263,0.32,0.3620954,-34.8376,1.3935,0.001936,0.2703,0.9132,0.8617,1200,1000000.0,2026-09-18T19:09:23.761175
534,3,PC4,PC,7:4,6614.4,3779.6,225.0,0.0001,0.656,0.389107,0.6720001,0.3798546,0.6,0.3665561,-33.9121,1.7665,0.001735,0.3502,0.8315,0.7472,1200,1000000.0,2026-09-18T19:09:32.176321
535,3,PC4,PC,7:4,6614.4,3779.6,270.0,0.0001,0.576,0.390871,0.152,0.3490282,0.32,0.360188,-34.3268,1.3987,0.002671,0.2733,0.9108,0.858,1200,1000000.0,2026-09-18T19:09:40.146768
536,3,PC4,PC,7:4,6614.4,3779.6,315.0,0.0001,0.648,0.3895339,0.6720001,0.4003077,0.608,0.3756301,-29.4077,1.7229,0.004345,0.3283,0.827,0.7384,1200,1000000.0,2026-09-18T19:09:48.530131
537,3,PP4,PP,11:7,6267.8,3988.6,0.0,0.0002,0.584,0.3522038,0.152,0.05803886,0.32,0.201567,-27.6481,1.6278,0.001642,0.3657,0.8502,0.7307,1200,500000.0,2026-09-18T19:09:56.829817
538,3,PP4,PP,11:7,6267.8,3988.6,45.0,0.0002,0.584,0.3921301,0.168,0.3498084,0.32,0.3609216,-33.2082,1.3959,0.001732,0.2646,0.912,0.8561,1200,500000.0,2026-09-18T19:10:05.091036
539,3,PP4,PP,11:7,6267.8,3988.6,90.0,0.0002,0.624,0.3925214,0.56,0.3812466,0.528,0.3696169,-15.8575,1.6461,0.001983,0.2705,0.847,0.7681,1200,500000.0,2026-09-18T19:10:13.802459
540,3,PP4,PP,11:7,6267.8,3988.6,135.0,0.0002,0.584,0.3920563,0.168,0.3493943,0.32,0.360727,-33.2229,1.3968,0.001398,0.2625,0.9117,0.8568,1200,500000.0,2026-09-18T19:10:22.121789
541,3,PP4,PP,11:7,6267.8,3988.6,180.0,0.0002,1.002,0.5982081,nan,nan,nan,nan,-20.7094,1.3432,0.003873,0.6069,0.9267,0.8772,1200,500000.0,2026-09-18T19:10:30.276800
542,3,PP4,PP,11:7,6267.8,3988.6,225.0,0.0002,0.648,0.3930983,0.664,0.3962195,0.592,0.3760608,-33.1372,1.7029,0.000982,0.3119,0.8305,0.7355,1200,500000.0,2026-09-18T19:10:38.789369
543,3,PP4,PP,11:7,6267.8,3988.6,270.0,0.0002,0.608,0.3921534,0.456,0.370822,0.48,0.3655634,-18.3253,1.5974,0.00364,0.2592,0.8614,0.7965,1200,500000.0,2026-09-18T19:10:46.998451
544,3,PP4,PP,11:7,6267.8,3988.6,315.0,0.0002,0.648,0.3946738,0.68,0.4038858,0.608,0.3818175,-32.6557,1.6991,0.001629,0.3147,0.8437,0.7439,1200,500000.0,2026-09-18T19:10:55.092155
545,3,NC3,NC,15:10,6123.7,4082.5,0.0,0.0002,0.608,0.3932279,0.456,0.3708319,0.48,0.3660499,-18.1659,1.5946,0.005753,0.2652,0.8625,0.7966,1200,500000.0,2026-09-18T19:11:03.288567
546,3,NC3,NC,15:10,6123.7,4082.5,45.0,0.0002,1.002,0.5718114,nan,nan,nan,nan,-20.9999,1.3766,0.003887,0.4669,0.9377,0.8804,1200,500000.0,2026-09-18T19:11:11.737174
547,3,NC3,NC,15:10,6123.7,4082.5,90.0,0.0002,0.584,0.3947819,0.168,0.3507328,0.32,0.3626517,-30.5108,1.3903,0.005403,0.2703,0.9104,0.8563,1200,500000.0,2026-09-18T19:11:20.276759
548,3,NC3,NC,15:10,6123.7,4082.5,135.0,0.0002,0.584,0.3961382,0.152,0.3501731,0.32,0.3637256,-32.7969,1.3867,0.002805,0.2553,0.9149,0.8607,1200,500000.0,2026-09-18T19:11:28.199716
549,3,NC3,NC,15:10,6123.7,4082.5,180.0,0.0002,0.64,0.3967049,0.672,0.4013862,0.584,0.3800334,-31.7592,1.6862,0.00251,0.2906,0.8321,0.7338,1200,500000.0,2026-09-18T19:11:36.424289
550,3,NC3,NC,15:10,6123.7,4082.5,225.0,0.0002,0.592,0.390349,0.152,0.3489009,0.32,0.3596778,-30.8125,1.4007,0.005889,0.266,0.9105,0.8555,1200,500000.0,2026-09-18T19:11:44.938635
551,3,NC3,NC,15:10,6123.7,4082.5,270.0,0.0002,0.592,0.3942204,0.152,0.3493735,0.32,0.3620963,-30.4935,1.3922,0.006352,0.2626,0.9122,0.8567,1200,500000.0,2026-09-18T19:11:53.315235
552,3,NC3,NC,15:10,6123.7,4082.5,315.0,0.0002,0.632,0.389682,0.64,0.3840848,0.552,0.3707914,-31.7834,1.6617,0.001357,0.2888,0.8553,0.7735,1200,500000.0,2026-09-18T19:12:01.662288
553,3,CC4,CC,15:8,6846.5,3651.5,0.0,0.0001,0.576,0.3878073,0.152,0.3488213,0.32,0.3582615,-32.5062,1.4079,0.004178,0.2722,0.9079,0.8564,1200,1000000.0,2026-09-18T19:12:10.208389
554,3,CC4,CC,15:8,6846.5,3651.5,45.0,0.0001,0.648,0.3956991,0.664,0.3895944,0.608,0.3753101,-32.7853,1.7259,0.002534,0.3519,0.841,0.7484,1200,1000000.0,2026-09-18T19:12:18.241295
555,3,CC4,CC,15:8,6846.5,3651.5,90.0,0.0001,0.584,0.3573164,0.152,0.05821837,0.32,0.204093,-29.0299,1.6045,0.002224,0.4109,0.8439,0.6735,1200,1000000.0,2026-09-18T19:12:26.082015
556,3,CC4,CC,15:8,6846.5,3651.5,135.0,0.0001,0.584,0.3877268,0.168,0.3495136,0.32,0.3585277,-31.74,1.4068,0.005007,0.2743,0.9055,0.8542,1200,1000000.0,2026-09-18T19:12:34.197807
557,3,CC4,CC,15:8,6846.5,3651.5,180.0,0.0001,0.576,0.3881728,0.168,0.3487578,0.32,0.3585939,-32.2513,1.4066,0.004436,0.2752,0.9084,0.8586,1200,1000000.0,2026-09-18T19:12:42.670860
558,3,CC4,CC,15:8,6846.5,3651.5,225.0,0.0001,0.576,0.3964576,0.168,0.349956,0.32,0.3635146,-33.5244,1.3851,0.003269,0.2692,0.912,0.8611,1200,1000000.0,2026-09-18T19:12:50.676925
559,3,CC4,CC,15:8,6846.5,3651.5,270.0,0.0001,0.584,0.396658,0.152,0.3497837,0.32,0.3640299,-33.9975,1.3831,0.002646,0.2685,0.9135,0.862,1200,1000000.0,2026-09-18T19:12:59.158836
560,3,CC4,CC,15:8,6846.5,3651.5,315.0,0.0001,0.576,0.3931007,0.152,0.3496199,0.32,0.3621561,-31.5828,1.3911,0.005084,0.2694,0.9135,0.8613,1200,1000000.0,2026-09-18T19:13:07.177116
561,3,PP1,PP,3:2,6123.7,4082.5,0.0,0.0002,0.616,0.3924297,0.464,0.371028,0.48,0.3659156,-18.0879,1.5961,0.005063,0.2703,0.8617,0.7954,1200,500000.0,2026-09-18T19:13:15.609984
562,3,PP1,PP,3:2,6123.7,4082.5,45.0,0.0002,0.584,0.3950643,0.248,0.3566616,0.352,0.3634306,-24.8269,1.4315,0.014087,0.2689,0.8923,0.8342,1200,500000.0,2026-09-18T19:13:23.942783
563,3,PP1,PP,3:2,6123.7,4082.5,90.0,0.0002,0.64,0.3915713,0.656,0.3996591,0.576,0.3768112,-32.8086,1.6356,0.001461,0.3173,0.8336,0.7584,1200,500000.0,2026-09-18T19:13:32.318333
564,3,PP1,PP,3:2,6123.7,4082.5,135.0,0.0002,0.584,0.3961964,0.216,0.3524616,0.336,0.3635441,-29.7049,1.4095,0.004813,0.2686,0.9081,0.8553,1200,500000.0,2026-09-18T19:13:40.872387
565,3,PP1,PP,3:2,6123.7,4082.5,180.0,0.0002,0.584,0.3877986,0.208,0.3512523,0.336,0.3583029,-29.0994,1.4281,0.007827,0.2721,0.903,0.8499,1200,500000.0,2026-09-18T19:13:49.310820
566,3,PP1,PP,3:2,6123.7,4082.5,225.0,0.0002,0.632,0.3904126,0.64,0.3905864,0.592,0.3718462,-14.2266,1.7188,0.001999,0.2777,0.8359,0.7465,1200,500000.0,2026-09-18T19:13:57.597273
567,3,PP1,PP,3:2,6123.7,4082.5,270.0,0.0002,0.648,0.3887675,0.648,0.3962182,0.576,0.3734697,-29.8543,1.6483,0.004581,0.3196,0.8284,0.7481,1200,500000.0,2026-09-18T19:14:05.828326
568,3,PP1,PP,3:2,6123.7,4082.5,315.0,0.0002,0.656,0.388602,0.68,0.3958282,0.608,0.3733217,-32.7229,1.7353,0.001548,0.309,0.8293,0.7432,1200,500000.0,2026-09-18T19:14:14.136279
569,3,CC2,CC,25:16,6250.0,4000.0,0.0,0.0002,0.584,0.3911771,0.248,0.3558416,0.352,0.3611244,-25.1412,1.4382,0.004617,0.2705,0.8899,0.8333,1200,500000.0,2026-09-18T19:14:22.439112
570,3,CC2,CC,25:16,6250.0,4000.0,45.0,0.0002,0.648,0.3933998,0.68,0.4021066,0.608,0.3793548,-31.6581,1.7073,0.002792,0.3055,0.8359,0.7451,1200,500000.0,2026-09-18T19:14:30.685531
571,3,CC2,CC,25:16,6250.0,4000.0,90.0,0.0002,0.648,0.392206,0.672,0.3984507,0.608,0.3757581,-30.1107,1.7228,0.004248,0.2983,0.8236,0.7283,1200,500000.0,2026-09-18T19:14:38.807154
572,3,CC2,CC,25:16,6250.0,4000.0,135.0,0.0002,0.656,0.3915457,0.688,0.3909802,0.608,0.3728349,-31.2805,1.7354,0.002615,0.3037,0.8312,0.7376,1200,500000.0,2026-09-18T19:14:46.900924
573,3,CC2,CC,25:16,6250.0,4000.0,180.0,0.0002,0.584,0.3915867,0.152,0.3493995,0.32,0.3607235,-33.3512,1.396,0.000648,0.2532,0.912,0.8564,1200,500000.0,2026-09-18T19:14:54.851279
574,3,CC2,CC,25:16,6250.0,4000.0,225.0,0.0002,0.64,0.3933146,0.624,0.390502,0.592,0.3733282,-14.3671,1.7148,0.00123,0.2685,0.8364,0.7486,1200,500000.0,2026-09-18T19:15:03.059324
575,3,CC2,CC,25:16,6250.0,4000.0,270.0,0.0002,0.656,0.3912893,0.656,0.377228,0.592,0.3678035,-31.4106,1.7378,0.002997,0.2913,0.849,0.7644,1200,500000.0,2026-09-18T19:15:11.640728
576,3,CC2,CC,25:16,6250.0,4000.0,315.0,0.0002,0.656,0.3925516,0.68,0.3951917,0.608,0.3745511,-29.9254,1.7316,0.004376,0.3197,0.827,0.7287,1200,500000.0,2026-09-18T19:15:19.658764
577,3,CC9,CC,27:16,6495.2,3849.0,0.0,0.0001,0.576,0.3843099,0.216,0.3503833,0.336,0.3564541,-30.18,1.4348,0.004034,0.2799,0.9003,0.8485,1200,1000000.0,2026-09-18T19:15:28.006238
578,3,CC9,CC,27:16,6495.2,3849.0,45.0,0.0001,0.648,0.3990984,0.672,0.4064021,0.608,0.3846975,-34.0942,1.6868,0.001614,0.3349,0.8401,0.7548,1200,1000000.0,2026-09-18T19:15:36.743456
579,3,CC9,CC,27:16,6495.2,3849.0,90.0,0.0001,0.584,0.3864548,0.152,0.348044,0.32,0.3576933,-32.8268,1.4078,0.003936,0.2766,0.9093,0.8576,1200,1000000.0,2026-09-18T19:15:45.364520
580,3,CC9,CC,27:16,6495.2,3849.0,135.0,0.0001,0.664,0.3936183,0.656,0.395115,0.592,0.3769626,-30.0278,1.7203,0.003198,0.3476,0.8418,0.7347,1200,1000000.0,2026-09-18T19:15:54.121556
581,3,CC9,CC,27:16,6495.2,3849.0,180.0,0.0001,0.656,0.3902022,0.656,0.3943916,0.584,0.3723757,-33.2334,1.7406,0.002424,0.3265,0.8202,0.7248,1200,1000000.0,2026-09-18T19:16:02.663131
582,3,CC9,CC,27:16,6495.2,3849.0,225.0,0.0001,0.592,0.3878317,0.336,0.3575006,0.408,0.3602804,-22.4427,1.5313,0.004416,0.2753,0.8847,0.8324,1200,1000000.0,2026-09-18T19:16:10.622028
583,3,CC9,CC,27:16,6495.2,3849.0,270.0,0.0001,0.576,0.39627,0.152,0.349876,0.32,0.3636063,-33.0391,1.3873,0.003853,0.2668,0.914,0.8624,1200,1000000.0,2026-09-18T19:16:18.948085
584,3,CC9,CC,27:16,6495.2,3849.0,315.0,0.0001,0.576,0.3848544,0.152,0.3482349,0.32,nan,-33.6929,1.4108,0.003269,0.2766,0.9094,0.8575,1200,1000000.0,2026-09-18T19:16:27.082260
585,3,CC8,CC,49:32,6187.2,4040.6,0.0,0.0002,0.584,0.3540155,0.152,0.05826155,0.32,0.2023862,-27.0212,1.6225,0.002865,0.3533,0.8503,0.7345,1200,500000.0,2026-09-18T19:16:35.316371
586,3,CC8,CC,49:32,6187.2,4040.6,45.0,0.0002,0.648,0.3913856,0.6720001,0.3993997,0.608,0.3758861,-32.6146,1.7237,0.001705,0.2973,0.8255,0.7387,1200,500000.0,2026-09-18T19:16:43.683351
587,3,CC8,CC,49:32,6187.2,4040.6,90.0,0.0002,0.648,0.3940091,0.672,0.4019904,0.608,0.3790275,-33.13,1.7112,0.001361,0.3029,0.8317,0.7361,1200,500000.0,2026-09-18T19:16:51.913849
588,3,CC8,CC,49:32,6187.2,4040.6,135.0,0.0002,0.584,0.392993,0.168,0.3496648,0.32,0.3615089,-32.1962,1.3944,0.003328,0.2655,0.9112,0.855,1200,500000.0,2026-09-18T19:17:00.249579
589,3,CC8,CC,49:32,6187.2,4040.6,180.0,0.0002,0.648,0.3951131,0.6720001,0.3981955,0.584,0.3777703,-32.4297,1.7175,0.001811,0.2951,0.8307,0.7196,1200,500000.0,2026-09-18T19:17:08.511951
590,3,CC8,CC,49:32,6187.2,4040.6,225.0,0.0002,0.584,0.3936281,0.152,0.34935,0.32,0.3621399,-32.753,1.3928,0.00287,0.261,0.9133,0.8579,1200,500000.0,2026-09-18T19:17:16.924118
591,3,CC8,CC,49:32,6187.2,4040.6,270.0,0.0002,0.584,0.3947338,0.248,0.3567301,0.352,0.3632532,-25.1511,1.433,0.007416,0.2679,0.8933,0.8349,1200,500000.0,2026-09-18T19:17:25.546871
592,3,CC8,CC,49:32,6187.2,4040.6,315.0,0.0002,0.584,0.3889661,0.152,0.3487567,0.32,0.3589868,-33.1516,1.4023,0.002027,0.2571,0.9115,0.8569,1200,500000.0,2026-09-18T19:17:34.285682
593,3,PP6,PP,7:3,7637.6,3273.3,0.0,0.0001,0.576,0.3882645,0.152,0.3488536,0.32,0.3587576,-34.2903,1.4064,0.002341,0.2681,0.9087,0.8582,1200,1000000.0,2026-09-18T19:17:42.924984
594,3,PP6,PP,7:3,7637.6,3273.3,45.0,0.0001,0.648,0.3905725,0.664,0.3998547,0.6,0.3769206,-31.9049,1.7215,0.002863,0.3448,0.8365,0.7356,1200,1000000.0,2026-09-18T19:17:51.547332
595,3,PP6,PP,7:3,7637.6,3273.3,90.0,0.0001,0.64,0.3907918,0.656,0.3992079,0.608,0.376998,-34.0967,1.7207,0.001486,0.3328,0.8394,0.7485,1200,1000000.0,2026-09-18T19:17:59.631643
596,3,PP6,PP,7:3,7637.6,3273.3,135.0,0.0001,0.576,0.3947484,0.192,0.3522007,0.336,0.3627765,-30.5111,1.4097,0.004388,0.2747,0.9042,0.8525,1200,1000000.0,2026-09-18T19:18:07.860365
597,3,PP6,PP,7:3,7637.6,3273.3,180.0,0.0001,0.576,0.3897934,0.152,0.3486516,0.32,0.359737,-32.0985,1.4016,0.004291,0.2688,0.9118,0.8594,1200,1000000.0,2026-09-18T19:18:16.222529
598,3,PP6,PP,7:3,7637.6,3273.3,225.0,0.0001,0.5840001,0.388339,0.152,0.3484854,0.32,0.3584843,-34.1904,1.4074,0.002246,0.2706,0.9086,0.8576,1200,1000000.0,2026-09-18T19:18:24.305579
599,3,PP6,PP,7:3,7637.6,3273.3,270.0,0.0001,0.592,0.3885448,0.464,0.3673046,0.48,0.3631993,-18.5567,1.6097,0.003297,0.2838,0.8672,0.8105,1200,1000000.0,2026-09-18T19:18:32.557855
600,3,PP6,PP,7:3,7637.6,3273.3,315.0,0.0001,0.584,0.3901504,0.344,0.3577482,0.4,0.361698,-22.5346,1.5044,0.005795,0.2695,0.8878,0.8347,1200,1000000.0,2026-09-18T19:18:41.196884
601,3,PC5,PC,11:4,8291.6,3015.1,0.0,0.0001,0.576,0.3909129,0.152,0.3492146,0.32,0.3603974,-34.21,1.3983,0.001999,0.2676,0.912,0.8615,1200,1000000.0,2026-09-18T19:18:49.168705
602,3,PC5,PC,11:4,8291.6,3015.1,45.0,0.0001,0.576,0.3917647,0.152,0.3489369,0.32,0.3610359,-34.4305,1.3968,0.002158,0.2643,0.9119,0.86,1200,1000000.0,2026-09-18T19:18:57.446017
603,3,PC5,PC,11:4,8291.6,3015.1,90.0,0.0001,0.576,0.3913849,0.152,0.3487737,0.32,0.3606648,-34.4273,1.3978,0.0019,0.2686,0.9118,0.861,1200,1000000.0,2026-09-18T19:19:05.972889
604,3,PC5,PC,11:4,8291.6,3015.1,135.0,0.0001,0.584,0.3909645,0.152,0.3488959,0.32,0.360286,-34.3249,1.3988,0.001965,0.2692,0.9122,0.8591,1200,1000000.0,2026-09-18T19:19:14.006620
605,3,PC5,PC,11:4,8291.6,3015.1,180.0,0.0001,0.576,0.3892449,0.152,0.3490619,0.312,0.3597727,-34.3941,1.3994,0.002018,0.2697,0.9113,0.8587,1200,1000000.0,2026-09-18T19:19:22.148750
606,3,PC5,PC,11:4,8291.6,3015.1,225.0,0.0001,0.576,0.3890733,0.16,0.3484406,0.32,0.3591883,-34.3315,1.4017,0.002057,0.2661,0.912,0.8617,1200,1000000.0,2026-09-18T19:19:30.606558
607,3,PC5,PC,11:4,8291.6,3015.1,270.0,0.0001,0.648,0.3925984,0.664,0.4137127,0.6,0.3850768,-34.5229,1.6822,0.001505,0.3304,0.8418,0.7509,1200,1000000.0,2026-09-18T19:19:38.867092
608,3,PC5,PC,11:4,8291.6,3015.1,315.0,0.0001,0.64,0.3914788,0.656,0.399769,0.608,0.3782361,-30.6191,1.7111,0.003193,0.3069,0.8425,0.7543,1200,1000000.0,2026-09-18T19:19:46.582997
609,3,CC5,CC,25:9,8333.3,3000.0,0.0,0.0001,0.64,0.3920964,0.664,0.4031777,0.608,0.3791414,-33.583,1.7068,0.001677,0.3093,0.8354,0.7446,1200,1000000.0,2026-09-18T19:19:54.071649
610,3,CC5,CC,25:9,8333.3,3000.0,45.0,0.0001,0.648,0.3886523,0.664,0.3823185,0.608,0.3672853,-30.9562,1.7611,0.003135,0.3565,0.8308,0.7355,1200,1000000.0,2026-09-18T19:20:01.496528
611,3,CC5,CC,25:9,8333.3,3000.0,90.0,0.0001,0.576,0.3905754,0.152,0.3489011,0.32,0.3602375,-34.6194,1.3983,0.001274,0.2626,0.9124,0.8598,1200,1000000.0,2026-09-18T19:20:09.112299
612,3,CC5,CC,25:9,8333.3,3000.0,135.0,0.0001,0.616,0.3918833,0.56,0.3825157,0.536,0.3701532,-15.6775,1.6661,0.001258,0.274,0.8479,0.7728,1200,1000000.0,2026-09-18T19:20:16.557584
613,3,CC5,CC,25:9,8333.3,3000.0,180.0,0.0001,0.64,0.3930677,0.68,0.402003,0.6,0.38012,-29.5209,1.7049,0.0039,0.3576,0.8455,0.7576,1200,1000000.0,2026-09-18T19:20:23.794449
614,3,CC5,CC,25:9,8333.3,3000.0,225.0,0.0001,0.648,0.392372,0.672,0.406971,0.608,0.3815397,-30.436,1.6967,0.003643,0.3148,0.8385,0.7627,1200,1000000.0,2026-09-18T19:20:31.265204
615,3,CC5,CC,25:9,8333.3,3000.0,270.0,0.0001,0.576,0.3514544,0.152,0.05750487,0.32,0.2010657,-29.0056,1.6338,0.001252,0.4012,0.846,0.6804,1200,1000000.0,2026-09-18T19:20:38.891614
616,3,CC5,CC,25:9,8333.3,3000.0,315.0,0.0001,0.576,0.3904816,0.152,0.3493129,0.32,0.3602242,-34.623,1.3986,0.001108,0.2713,0.9124,0.8626,1200,1000000.0,2026-09-18T19:20:46.588410
617,3,IR3,IR,e/2:1,5829.1,4288.8,0.0,0.0002,0.64,0.3932921,0.632,0.3898232,0.592,0.3732753,-14.4283,1.7157,0.002549,0.2794,0.8354,0.7505,1200,500000.0,2026-09-18T19:20:53.875756
618,3,IR3,IR,e/2:1,5829.1,4288.8,45.0,0.0002,0.592,0.39143,0.336,0.36186,0.408,0.3627857,-21.5096,1.5194,0.00351,0.2622,0.8759,0.8181,1200,500000.0,2026-09-18T19:21:01.283203
619,3,IR3,IR,e/2:1,5829.1,4288.8,90.0,0.0002,0.592,0.3928261,0.16,0.3493626,0.32,0.3613468,-33.5456,1.3962,0.001208,0.2559,0.9125,0.8576,1200,500000.0,2026-09-18T19:21:08.746593
620,3,IR3,IR,e/2:1,5829.1,4288.8,135.0,0.0002,0.632,0.3917624,0.56,0.3825247,0.528,0.3693784,-15.8957,1.6434,0.003563,0.2778,0.847,0.7694,1200,500000.0,2026-09-18T19:21:16.328608
621,3,IR3,IR,e/2:1,5829.1,4288.8,180.0,0.0002,0.592,0.3931316,0.248,0.3563903,0.352,0.3623147,-25.1247,1.4369,0.003743,0.2705,0.8919,0.833,1200,500000.0,2026-09-18T19:21:23.573566
622,3,IR3,IR,e/2:1,5829.1,4288.8,225.0,0.0002,0.664,0.3936593,0.68,0.3937567,0.608,0.3760022,-31.2741,1.7246,0.002745,0.312,0.8399,0.7402,1200,500000.0,2026-09-18T19:21:31.112254
623,3,IR3,IR,e/2:1,5829.1,4288.8,270.0,0.0002,0.592,0.3526928,0.152,0.05577403,0.32,0.2001527,-27.875,1.6411,0.001109,0.361,0.8322,0.6917,1200,500000.0,2026-09-18T19:21:38.470260
624,3,IR3,IR,e/2:1,5829.1,4288.8,315.0,0.0002,0.592,0.3926963,0.152,0.3492154,0.32,0.3611887,-33.5764,1.397,0.00106,0.2595,0.9126,0.8569,1200,500000.0,2026-09-18T19:21:45.933450
625,3,PC6,PC,13:4,9013.9,2773.5,0.0,0.0001,0.576,0.3880165,0.152,0.3487359,0.312,0.3589302,-32.0682,1.4034,0.004196,0.267,0.9108,0.8587,1200,1000000.0,2026-09-18T19:21:53.577288
626,3,PC6,PC,13:4,9013.9,2773.5,45.0,0.0001,0.576,0.3934771,0.336,0.3584521,0.4,0.3640137,-22.6358,1.4958,0.003865,0.2663,0.8898,0.838,1200,1000000.0,2026-09-18T19:22:01.234478
627,3,PC6,PC,13:4,9013.9,2773.5,90.0,0.0001,0.576,0.3529832,0.152,0.05728717,0.32,0.2017423,-26.3921,1.6272,0.004122,0.3907,0.847,0.6869,1200,1000000.0,2026-09-18T19:22:08.592683
628,3,PC6,PC,13:4,9013.9,2773.5,135.0,0.0001,0.576,0.3872251,0.152,0.3482901,0.32,0.3581587,-32.7134,1.406,0.003358,0.263,0.9108,0.8594,1200,1000000.0,2026-09-18T19:22:15.949566
629,3,PC6,PC,13:4,9013.9,2773.5,180.0,0.0001,0.504,0.3812721,0.536,0.3815354,0.176,0.3457879,-33.8888,1.2497,0.051795,0.0868,0.9711,0.5872,1200,1000000.0,2026-09-18T19:22:23.433689
630,3,PC6,PC,13:4,9013.9,2773.5,225.0,0.0001,0.576,0.3894893,0.152,0.3492022,0.312,0.3596903,-31.6879,1.4009,0.004629,0.2623,0.9115,0.8597,1200,1000000.0,2026-09-18T19:22:30.929098
631,3,PC6,PC,13:4,9013.9,2773.5,270.0,0.0001,0.568,0.3504031,0.152,0.05475149,0.32,0.1990194,-25.9818,1.6482,0.004685,0.3813,0.8298,0.6613,1200,1000000.0,2026-09-18T19:22:38.217085
632,3,PC6,PC,13:4,9013.9,2773.5,315.0,0.0001,0.64,0.3945424,0.656,0.3940108,0.6,0.376283,-32.0707,1.7236,0.002887,0.3401,0.834,0.7425,1200,1000000.0,2026-09-18T19:22:45.821605
633,3,PP2,PP,5:3,6455.0,3873.0,0.0,0.0001,0.64,0.3877638,0.656,0.3823059,0.592,0.3670053,-27.6698,1.7419,0.005933,0.3371,0.83,0.7576,1200,1000000.0,2026-09-18T19:22:53.098627
634,3,PP2,PP,5:3,6455.0,3873.0,45.0,0.0001,0.64,0.3950518,0.64,0.3810163,0.576,0.3694384,-31.0425,1.7108,0.00324,0.3547,0.8295,0.7284,1200,1000000.0,2026-09-18T19:23:00.590723
635,3,PP2,PP,5:3,6455.0,3873.0,90.0,0.0001,0.576,0.3836693,0.152,0.3480527,0.32,0.356221,-34.143,1.4135,0.002524,0.274,0.9088,0.8593,1200,1000000.0,2026-09-18T19:23:07.954950
636,3,PP2,PP,5:3,6455.0,3873.0,135.0,0.0001,0.648,0.382847,0.672,0.3834139,0.608,0.3645147,-30.998,1.775,0.002941,0.3475,0.8256,0.7474,1200,1000000.0,2026-09-18T19:23:15.422580
637,3,PP2,PP,5:3,6455.0,3873.0,180.0,0.0001,0.648,0.3871641,0.648,0.4074668,0.576,0.3792644,-31.4387,1.6662,0.003278,0.3317,0.839,0.7547,1200,1000000.0,2026-09-18T19:23:22.849431
638,3,PP2,PP,5:3,6455.0,3873.0,225.0,0.0001,0.6,0.383527,0.464,0.3668448,0.48,0.3604898,-18.5505,1.6196,0.002765,0.2797,0.8649,0.8057,1200,1000000.0,2026-09-18T19:23:30.249320
639,3,PP2,PP,5:3,6455.0,3873.0,270.0,0.0001,0.584,0.3913527,0.152,0.3483939,0.32,0.3601383,-30.4504,1.3992,0.006069,0.2777,0.9094,0.857,1200,1000000.0,2026-09-18T19:23:37.590177
640,3,PP2,PP,5:3,6455.0,3873.0,315.0,0.0001,0.632,0.3831407,0.656,0.3872862,0.592,0.3664583,-30.3699,1.7441,0.003528,0.3458,0.8251,0.7325,1200,1000000.0,2026-09-18T19:23:45.129519
641,3,PP8,PP,11:3,9574.3,2611.2,0.0,0.0001,0.576,0.3637281,0.152,0.1056719,0.312,0.2314511,-28.7184,1.5557,0.002672,0.3298,0.9245,0.8571,1200,1000000.0,2026-09-18T19:23:52.776565
642,3,PP8,PP,11:3,9574.3,2611.2,45.0,0.0001,0.64,0.3846404,0.64,0.3885823,0.584,0.3687589,-28.5564,1.7352,0.002449,0.2989,0.8366,0.7593,1200,1000000.0,2026-09-18T19:24:00.228699
643,3,PP8,PP,11:3,9574.3,2611.2,90.0,0.0001,0.576,0.3950464,0.152,0.3500934,0.312,0.3633129,-31.24,1.3872,0.004799,0.2609,0.9156,0.8676,1200,1000000.0,2026-09-18T19:24:07.612939
644,3,PP8,PP,11:3,9574.3,2611.2,135.0,0.0001,0.576,0.3951782,0.16,0.3500121,0.312,0.3633434,-31.0273,1.3871,0.00573,0.2542,0.9148,0.8653,1200,1000000.0,2026-09-18T19:24:15.100181
645,3,PP8,PP,11:3,9574.3,2611.2,180.0,0.0001,0.632,0.390068,0.64,0.3888806,0.584,0.3707458,-31.7785,1.7259,0.00223,0.283,0.8296,0.7488,1200,1000000.0,2026-09-18T19:24:22.866975
646,3,PP8,PP,11:3,9574.3,2611.2,225.0,0.0001,0.632,0.3910943,0.6720001,0.4016839,0.608,0.378798,-26.8719,1.7091,0.006664,0.3339,0.8388,0.7483,1200,1000000.0,2026-09-18T19:24:30.154364
647,3,PP8,PP,11:3,9574.3,2611.2,270.0,0.0001,0.576,0.3902112,0.152,0.3491976,0.312,0.3603815,-28.3834,1.3983,0.009662,0.257,0.914,0.8641,1200,1000000.0,2026-09-18T19:24:37.654449
648,3,PP8,PP,11:3,9574.3,2611.2,315.0,0.0001,0.576,0.3561224,0.152,0.05756672,0.312,0.2035164,-27.4318,1.6121,0.002834,0.3582,0.8487,0.6811,1200,1000000.0,2026-09-18T19:24:45.262749
649,3,CC3,CC,9:4,7500.0,3333.3,0.0,0.0001,0.584,0.3917553,0.152,0.3489574,0.32,0.3611935,-34.8172,1.3969,0.001325,0.272,0.9115,0.8593,1200,1000000.0,2026-09-18T19:24:53.706646
650,3,CC3,CC,9:4,7500.0,3333.3,45.0,0.0001,0.648,0.3927161,0.664,0.3969846,0.608,0.3766742,-34.901,1.723,0.000897,0.358,0.8341,0.7489,1200,1000000.0,2026-09-18T19:25:02.972501
651,3,CC3,CC,9:4,7500.0,3333.3,90.0,0.0001,0.576,0.3902071,0.152,0.348853,0.32,0.3599131,-34.6062,1.3983,0.001365,0.2624,0.912,0.8599,1200,1000000.0,2026-09-18T19:25:11.504798
652,3,CC3,CC,9:4,7500.0,3333.3,135.0,0.0001,0.576,0.3910133,0.248,0.3535475,0.352,0.3609083,-26.6743,1.4407,0.002095,0.2691,0.8971,0.8427,1200,1000000.0,2026-09-18T19:25:19.635026
653,3,CC3,CC,9:4,7500.0,3333.3,180.0,0.0001,0.648,0.391311,0.6720001,0.3956589,0.608,0.3751047,-34.995,1.7234,0.00091,0.3319,0.8333,0.7441,1200,1000000.0,2026-09-18T19:25:27.770195
654,3,CC3,CC,9:4,7500.0,3333.3,225.0,0.0001,0.648,0.3918254,0.68,0.3955759,0.6,0.375215,-34.9441,1.7238,0.000884,0.3423,0.8338,0.7452,1200,1000000.0,2026-09-18T19:25:35.666583
655,3,CC3,CC,9:4,7500.0,3333.3,270.0,0.0001,0.624,0.3914512,0.624,0.3869587,0.576,0.3712922,-15.7523,1.7233,0.001531,0.3396,0.8366,0.7185,1200,1000000.0,2026-09-18T19:25:43.748413
656,3,CC3,CC,9:4,7500.0,3333.3,315.0,0.0001,0.576,0.3918287,0.176,0.3501326,0.32,0.3608237,-33.7483,1.3982,0.001888,0.2712,0.9087,0.8561,1200,1000000.0,2026-09-18T19:25:51.973868
657,3,PP3,PP,7:5,5916.1,4225.8,0.0,0.0002,0.632,0.3927024,0.584,0.3787466,0.552,0.3696452,-16.0523,1.6657,0.006604,0.2814,0.8572,0.7821,1200,500000.0,2026-09-18T19:26:00.189613
658,3,PP3,PP,7:5,5916.1,4225.8,45.0,0.0002,0.592,0.3941928,0.152,0.3494768,0.32,0.3619496,-32.4322,1.3913,0.003465,0.2616,0.9133,0.8567,1200,500000.0,2026-09-18T19:26:08.321277
659,3,PP3,PP,7:5,5916.1,4225.8,90.0,0.0002,0.584,0.3904465,0.152,0.3492357,0.32,0.3599168,-32.7971,1.4017,0.002807,0.2635,0.9101,0.8545,1200,500000.0,2026-09-18T19:26:16.581676
660,3,PP3,PP,7:5,5916.1,4225.8,135.0,0.0002,0.592,0.3922027,0.344,0.3616311,0.408,0.3630343,-21.3667,1.5203,0.010119,0.2607,0.8763,0.8186,1200,500000.0,2026-09-18T19:26:24.560034
661,3,PP3,PP,7:5,5916.1,4225.8,180.0,0.0002,0.584,0.3536894,0.16,0.05827808,0.32,0.2019603,-26.4006,1.6227,0.003855,0.3611,0.8454,0.7157,1200,500000.0,2026-09-18T19:26:33.024104
662,3,PP3,PP,7:5,5916.1,4225.8,225.0,0.0002,0.664,0.3935125,0.68,0.3961225,0.608,0.3762023,-33.2264,1.7224,0.001345,0.3124,0.8331,0.7371,1200,500000.0,2026-09-18T19:26:41.580219
663,3,PP3,PP,7:5,5916.1,4225.8,270.0,0.0002,0.648,0.3956683,0.68,0.3960921,0.608,0.3771575,-31.5527,1.717,0.002577,0.3004,0.8321,0.7397,1200,500000.0,2026-09-18T19:26:49.946050
664,3,PP3,PP,7:5,5916.1,4225.8,315.0,0.0002,0.584,0.3911988,0.152,0.3488102,0.32,0.3601986,-31.5811,1.3997,0.004363,0.2631,0.9119,0.8558,1200,500000.0,2026-09-18T19:26:58.175324
665,3,CC7,CC,36:25,6000.0,4166.7,0.0,0.0002,0.584,0.3970726,0.16,0.3501118,0.32,0.3638825,-32.8935,1.3845,0.002374,0.2598,0.9146,0.8609,1200,500000.0,2026-09-18T19:27:06.324116
666,3,CC7,CC,36:25,6000.0,4166.7,45.0,0.0002,0.584,0.3922148,0.152,0.3497536,0.32,0.3613991,-29.5277,1.3943,0.008188,0.2607,0.913,0.8591,1200,500000.0,2026-09-18T19:27:14.435599
667,3,CC7,CC,36:25,6000.0,4166.7,90.0,0.0002,0.592,0.3914596,0.152,0.3493823,0.32,0.3608864,-29.4788,1.3965,0.008393,0.2614,0.9126,0.859,1200,500000.0,2026-09-18T19:27:22.819940
668,3,CC7,CC,36:25,6000.0,4166.7,135.0,0.0002,0.584,0.3881021,0.248,0.3556016,0.352,0.3590388,-24.9326,1.4491,0.009192,0.2733,0.8874,0.8323,1200,500000.0,2026-09-18T19:27:31.518564
669,3,CC7,CC,36:25,6000.0,4166.7,180.0,0.0002,0.656,0.3934516,0.664,0.3961354,0.608,0.3769953,-29.413,1.7172,0.004316,0.3166,0.8394,0.7535,1200,500000.0,2026-09-18T19:27:39.673789
670,3,CC7,CC,36:25,6000.0,4166.7,225.0,0.0002,0.576,0.389915,0.152,0.3489516,0.32,0.359511,-29.7426,1.4021,0.007528,0.2619,0.9109,0.8557,1200,500000.0,2026-09-18T19:27:48.241043
671,3,CC7,CC,36:25,6000.0,4166.7,270.0,0.0002,0.944,0.5665913,nan,nan,nan,nan,-10.6743,1.2573,0.013587,0.1718,0.9344,0.8984,1200,500000.0,2026-09-18T19:27:56.281525
672,3,CC7,CC,36:25,6000.0,4166.7,315.0,0.0002,0.592,0.3944554,0.248,0.3566713,0.352,0.3631769,-24.5563,1.4314,0.014735,0.2686,0.8925,0.8345,1200,500000.0,2026-09-18T19:28:04.700923
673,3,NC2,NC,9:6,6123.7,4082.5,0.0,0.0002,0.584,0.3873866,0.344,0.3608477,0.408,0.3601822,-21.3615,1.5314,0.005963,0.2597,0.8741,0.8177,1200,500000.0,2026-09-18T19:28:12.721477
674,3,NC2,NC,9:6,6123.7,4082.5,45.0,0.0002,0.584,0.3959825,0.152,0.3501524,0.32,0.3634647,-32.6111,1.3876,0.003266,0.2594,0.9142,0.8585,1200,500000.0,2026-09-18T19:28:21.010827
675,3,NC2,NC,9:6,6123.7,4082.5,90.0,0.0002,0.64,0.3969094,0.656,0.3934651,0.568,0.3771786,-31.6341,1.6121,0.002558,0.3125,0.8368,0.7582,1200,500000.0,2026-09-18T19:28:28.997789
676,3,NC2,NC,9:6,6123.7,4082.5,135.0,0.0002,0.648,0.3948808,0.6720001,0.396648,0.608,0.3769045,-30.7613,1.7177,0.003273,0.3149,0.831,0.7414,1200,500000.0,2026-09-18T19:28:37.166360
677,3,NC2,NC,9:6,6123.7,4082.5,180.0,0.0002,0.584,0.392294,0.152,0.3487774,0.32,0.3607276,-30.2287,1.397,0.006123,0.2657,0.9115,0.8562,1200,500000.0,2026-09-18T19:28:45.456571
678,3,NC2,NC,9:6,6123.7,4082.5,225.0,0.0002,0.584,0.3555563,0.152,0.05845274,0.32,0.2033119,-25.7684,1.6145,0.005017,0.3678,0.8536,0.7446,1200,500000.0,2026-09-18T19:28:54.031965
679,3,NC2,NC,9:6,6123.7,4082.5,270.0,0.0002,0.592,0.3955477,0.152,0.3496299,0.32,0.3631582,-32.3381,1.3887,0.003496,0.2578,0.9141,0.859,1200,500000.0,2026-09-18T19:29:02.515394
680,3,NC2,NC,9:6,6123.7,4082.5,315.0,0.0002,0.584,0.3500886,0.16,0.05760714,0.32,0.200075,-25.3855,1.6382,0.004968,0.3695,0.8463,0.7141,1200,500000.0,2026-09-18T19:29:11.262307
681,3,PP5,PP,13:11,5435.6,4599.3,0.0,0.0005,0.592,0.3911793,0.336,0.3678606,0.408,0.3636026,-19.7705,1.5179,0.023811,0.2593,0.8643,0.7984,1200,199999.99999999997,2026-09-18T19:29:19.513127
682,3,PP5,PP,13:11,5435.6,4599.3,45.0,0.0005,0.664,0.3918787,0.688,0.395924,0.608,0.374295,-24.6763,1.7308,0.004249,0.2489,0.8262,0.7218,1200,199999.99999999997,2026-09-18T19:29:27.345497
683,3,PP5,PP,13:11,5435.6,4599.3,90.0,0.0005,0.592,0.3538465,0.16,0.05934177,0.32,0.2020288,-21.5942,1.6229,0.007477,0.2596,0.8566,0.7695,1200,199999.99999999997,2026-09-18T19:29:35.866567
684,3,PP5,PP,13:11,5435.6,4599.3,135.0,0.0005,0.664,0.3938154,0.672,0.3946609,0.608,0.3748365,-24.48,1.7281,0.007408,0.2597,0.827,0.7255,1200,199999.99999999997,2026-09-18T19:29:44.398750
685,3,PP5,PP,13:11,5435.6,4599.3,180.0,0.0005,0.592,0.3933163,0.192,0.3512465,0.336,0.3614215,-26.2193,1.4164,0.009226,0.2498,0.9113,0.8576,1200,199999.99999999997,2026-09-18T19:29:52.625926
686,3,PP5,PP,13:11,5435.6,4599.3,225.0,0.0005,0.592,0.3956301,0.184,0.3506775,0.32,0.3625446,-27.5764,1.3907,0.003371,0.2147,0.9145,0.8563,1200,199999.99999999997,2026-09-18T19:30:00.736544
687,3,PP5,PP,13:11,5435.6,4599.3,270.0,0.0005,0.592,0.391739,0.16,0.349215,0.32,0.360376,-27.5743,1.3982,0.005261,0.1912,0.9135,0.8543,1200,199999.99999999997,2026-09-18T19:30:08.995343
688,3,PP5,PP,13:11,5435.6,4599.3,315.0,0.0005,0.592,0.3954712,0.152,0.3495247,0.32,0.3623323,-27.8059,1.3914,0.004457,0.1903,0.9159,0.8585,1200,199999.99999999997,2026-09-18T19:30:17.243367
689,3,PC1,PC,5:4,5590.2,4472.1,0.0,0.0005,0.584,0.3954712,0.152,0.34967,0.32,0.3625073,-0.2007,1.3904,0.00378,0.189,0.9156,0.8574,1200,199999.99999999997,2026-09-18T19:30:25.688615
690,3,PC1,PC,5:4,5590.2,4472.1,45.0,0.0005,0.584,0.3914192,0.152,0.3496571,0.32,0.3601777,-0.203,1.3995,0.003732,0.1912,0.9137,0.856,1200,199999.99999999997,2026-09-18T19:30:33.811882
691,3,PC1,PC,5:4,5590.2,4472.1,90.0,0.0005,0.664,0.3928393,0.68,0.3955406,0.608,0.3748311,-0.3933,1.7277,0.002746,0.2487,0.8267,0.7254,1200,199999.99999999997,2026-09-18T19:30:41.736095
692,3,PC1,PC,5:4,5590.2,4472.1,135.0,0.0005,0.592,0.3919299,0.176,0.349991,0.32,0.3601973,-0.2034,1.3993,0.005599,0.2184,0.9126,0.8553,1200,199999.99999999997,2026-09-18T19:30:50.180013
693,3,PC1,PC,5:4,5590.2,4472.1,180.0,0.0005,0.648,0.394072,0.68,0.3994526,0.608,0.3775596,-0.3948,1.7178,0.003715,0.2425,0.8319,0.7317,1200,199999.99999999997,2026-09-18T19:30:58.278111
694,3,PC1,PC,5:4,5590.2,4472.1,225.0,0.0005,0.584,0.3556136,0.16,0.05956543,0.32,0.2029528,-0.7622,1.6164,0.005106,0.2568,0.867,0.8122,1200,199999.99999999997,2026-09-18T19:31:06.394891
695,3,PC1,PC,5:4,5590.2,4472.1,270.0,0.0005,0.584,0.3914487,0.168,0.3493022,0.32,0.3600492,-0.2036,1.4,0.0034,0.1939,0.9136,0.8557,1200,199999.99999999997,2026-09-18T19:31:14.817988
696,3,PC1,PC,5:4,5590.2,4472.1,315.0,0.0005,0.592,0.3954602,0.168,0.350022,0.32,0.3625582,-0.2009,1.3902,0.002878,0.1893,0.9158,0.8584,1200,199999.99999999997,2026-09-18T19:31:22.839435
697,3,NC1,NC,4:2,7071.1,3535.5,0.0,0.0001,0.616,0.4027513,0.608,0.4110005,0.488,0.3898388,-32.0995,1.6608,0.002255,0.3957,0.8512,0.7002,1200,1000000.0,2026-09-18T19:31:31.192467
698,3,NC1,NC,4:2,7071.1,3535.5,45.0,0.0001,0.616,0.3995229,0.608,0.4095337,0.496,0.3871165,-28.4693,1.6724,0.004869,0.3832,0.8465,0.6982,1200,1000000.0,2026-09-18T19:31:39.674955
699,3,NC1,NC,4:2,7071.1,3535.5,90.0,0.0001,0.648,0.3937407,0.664,0.3922562,0.6,0.3746501,-34.9153,1.7301,0.001249,0.3478,0.8343,0.7278,1200,1000000.0,2026-09-18T19:31:47.994167
700,3,NC1,NC,4:2,7071.1,3535.5,135.0,0.0001,0.632,0.3832974,0.6,0.3865108,0.512,0.3667133,-32.1989,1.5068,0.001812,0.3278,0.8331,0.814,1200,1000000.0,2026-09-18T19:31:56.578357
701,3,NC1,NC,4:2,7071.1,3535.5,180.0,0.0001,0.584,0.3466591,0.152,0.05636147,0.32,0.1979299,-24.0081,1.6571,0.007472,0.4238,0.8398,0.6659,1200,1000000.0,2026-09-18T19:32:04.726189
702,3,NC1,NC,4:2,7071.1,3535.5,225.0,0.0001,0.584,0.4001079,0.2,0.3530867,0.336,0.3659911,-30.2509,1.399,0.004179,0.2707,0.9064,0.8545,1200,1000000.0,2026-09-18T19:32:13.233140
703,3,NC1,NC,4:2,7071.1,3535.5,270.0,0.0001,0.584,0.3828512,0.152,0.3478512,0.32,0.355454,-33.5227,1.4182,0.002746,0.2747,0.9066,0.8578,1200,1000000.0,2026-09-18T19:32:21.404633
704,3,NC1,NC,4:2,7071.1,3535.5,315.0,0.0001,0.576,0.3969795,0.152,0.350378,0.32,0.3644797,-30.1508,1.3827,0.006987,0.2679,0.9147,0.8657,1200,1000000.0,2026-09-18T19:32:29.835043
705,3,CC1,CC,9:8,5303.3,4714.0,0.0,0.0005,0.616,0.3934539,0.464,0.3831732,0.48,0.3681003,-16.5433,1.5859,0.0165,0.2389,0.8304,0.7467,1200,199999.99999999997,2026-09-18T19:32:38.108549
706,3,CC1,CC,9:8,5303.3,4714.0,45.0,0.0005,0.656,0.3934059,0.68,0.3974114,0.608,0.3772828,-25.5401,1.7178,0.002294,0.245,0.8423,0.7389,1200,199999.99999999997,2026-09-18T19:32:46.526682
707,3,CC1,CC,9:8,5303.3,4714.0,90.0,0.0005,0.664,0.3924043,0.688,0.3964131,0.608,0.3742036,-28.1492,1.7308,0.002411,0.2466,0.8209,0.719,1200,199999.99999999997,2026-09-18T19:32:55.260882
708,3,CC1,CC,9:8,5303.3,4714.0,135.0,0.0005,0.592,0.393974,0.152,0.3491797,0.32,0.3612826,-29.3398,1.3952,0.003303,0.1917,0.9136,0.8543,1200,199999.99999999997,2026-09-18T19:33:03.467094
709,3,CC1,CC,9:8,5303.3,4714.0,180.0,0.0005,0.592,0.3927189,0.152,0.3491471,0.32,0.3607797,-29.424,1.3964,0.003152,0.1981,0.9138,0.8554,1200,199999.99999999997,2026-09-18T19:33:11.921360
710,3,CC1,CC,9:8,5303.3,4714.0,225.0,0.0005,0.664,0.3945579,0.68,0.395732,0.608,0.3740306,-29.5466,1.7346,0.00169,0.2505,0.8132,0.7095,1200,199999.99999999997,2026-09-18T19:33:20.257738
711,3,CC1,CC,9:8,5303.3,4714.0,270.0,0.0005,0.664,0.392629,0.688,0.3966319,0.608,0.3750534,-27.0714,1.7276,0.002096,0.2509,0.8298,0.7304,1200,199999.99999999997,2026-09-18T19:33:28.088677
712,3,CC1,CC,9:8,5303.3,4714.0,315.0,0.0005,0.656,0.3933738,0.68,0.3981401,0.608,0.3762749,-26.674,1.7197,0.004395,0.2456,0.8308,0.7263,1200,199999.99999999997,2026-09-18T19:33:36.408654
713,3,PC2,PC,11:8,5863.0,4264.0,0.0,0.0002,0.584,0.3923844,0.152,0.349389,0.32,0.3611873,-33.2668,1.3945,0.002009,0.265,0.9123,0.8579,1200,500000.0,2026-09-18T19:33:44.876006
714,3,PC2,PC,11:8,5863.0,4264.0,45.0,0.0002,0.584,0.3927878,0.152,0.3492338,0.32,0.3613022,-33.5568,1.3931,0.001563,0.2686,0.9123,0.856,1200,500000.0,2026-09-18T19:33:52.709400
715,3,PC2,PC,11:8,5863.0,4264.0,90.0,0.0002,0.584,0.3919091,0.152,0.34947,0.32,0.3607222,-33.3993,1.3986,0.001819,0.2667,0.9111,0.8538,1200,500000.0,2026-09-18T19:34:00.501762
716,3,PC2,PC,11:8,5863.0,4264.0,135.0,0.0002,0.608,0.392358,0.464,0.3711094,0.48,0.3657917,-18.2292,1.5966,0.005028,0.2665,0.8619,0.7951,1200,500000.0,2026-09-18T19:34:08.808129
717,3,PC2,PC,11:8,5863.0,4264.0,180.0,0.0002,0.64,0.3926344,0.664,0.3791662,0.592,0.3702687,-30.7771,1.7303,0.001641,0.2911,0.8554,0.7712,1200,500000.0,2026-09-18T19:34:17.479321
718,3,PC2,PC,11:8,5863.0,4264.0,225.0,0.0002,0.648,0.3936938,0.664,0.3960266,0.608,0.3763789,-31.1293,1.7224,0.001169,0.277,0.8343,0.7353,1200,500000.0,2026-09-18T19:34:25.656721
719,3,PC2,PC,11:8,5863.0,4264.0,270.0,0.0002,0.648,0.3915636,0.648,0.377747,0.592,0.3682693,-29.8183,1.7403,0.002423,0.2835,0.8454,0.7666,1200,500000.0,2026-09-18T19:34:34.162250
720,3,PC2,PC,11:8,5863.0,4264.0,315.0,0.0002,0.592,0.3927123,0.176,0.3503384,0.32,0.3612885,-32.6599,1.3931,0.001657,0.2728,0.909,0.8554,1200,500000.0,2026-09-18T19:34:42.656196
721,4,PC5,PC,11:4,8291.6,3015.1,0.0,0.0001,0.584,0.3493866,0.152,0.05454832,0.32,0.1983265,-28.8937,1.6515,0.001882,0.3936,0.826,0.672,1200,1000000.0,2026-09-18T19:34:50.824918
722,4,PC5,PC,11:4,8291.6,3015.1,45.0,0.0001,0.64,0.3875728,0.664,0.3788086,0.608,0.365043,-31.9988,1.7717,0.002447,0.3613,0.8308,0.7399,1200,1000000.0,2026-09-18T19:34:59.340675
723,4,PC5,PC,11:4,8291.6,3015.1,90.0,0.0001,0.648,0.3875841,0.664,0.3768307,0.608,0.3640307,-32.7637,1.7768,0.00172,0.3283,0.8316,0.7509,1200,1000000.0,2026-09-18T19:35:07.987550
724,4,PC5,PC,11:4,8291.6,3015.1,135.0,0.0001,0.64,0.3925323,0.6720001,0.3933376,0.608,0.3750395,-28.6383,1.7284,0.004559,0.3555,0.839,0.7373,1200,1000000.0,2026-09-18T19:35:16.234030
725,4,PC5,PC,11:4,8291.6,3015.1,180.0,0.0001,0.648,0.3920227,0.68,0.4121184,0.608,0.3839658,-33.6576,1.6867,0.001881,0.3332,0.8384,0.7473,1200,1000000.0,2026-09-18T19:35:24.295699
726,4,PC5,PC,11:4,8291.6,3015.1,225.0,0.0001,0.576,0.391018,0.152,0.3486775,0.32,0.3603448,-34.3273,1.3986,0.002164,0.2662,0.9122,0.8594,1200,1000000.0,2026-09-18T19:35:32.471435
727,4,PC5,PC,11:4,8291.6,3015.1,270.0,0.0001,0.64,0.3961245,0.68,0.4146043,0.608,0.3877365,-34.7868,1.6736,0.001268,0.3149,0.8485,0.7661,1200,1000000.0,2026-09-18T19:35:41.120029
728,4,PC5,PC,11:4,8291.6,3015.1,315.0,0.0001,0.64,0.393856,0.648,0.3928982,0.592,0.3786371,-31.106,1.712,0.003425,0.2957,0.8677,0.8006,1200,1000000.0,2026-09-18T19:35:49.516021
729,4,CC2,CC,25:16,6250.0,4000.0,0.0,0.0002,0.584,0.3922356,0.152,0.3492839,0.32,0.3609379,-33.1571,1.3965,0.000753,0.2549,0.9122,0.856,1200,500000.0,2026-09-18T19:35:58.195062
730,4,CC2,CC,25:16,6250.0,4000.0,45.0,0.0002,0.584,0.3925421,0.16,0.3490219,0.32,0.3610221,-33.1777,1.3971,0.000654,0.2599,0.9126,0.858,1200,500000.0,2026-09-18T19:36:06.323816
731,4,CC2,CC,25:16,6250.0,4000.0,90.0,0.0002,0.584,0.3915347,0.152,0.3490335,0.32,0.3605639,-33.7731,1.396,0.000607,0.2467,0.9122,0.856,1200,500000.0,2026-09-18T19:36:14.976882
732,4,CC2,CC,25:16,6250.0,4000.0,135.0,0.0002,0.648,0.3919718,0.688,0.39208,0.608,0.3724374,-30.7301,1.7414,0.003778,0.3109,0.8231,0.729,1200,500000.0,2026-09-18T19:36:23.628063
733,4,CC2,CC,25:16,6250.0,4000.0,180.0,0.0002,0.584,0.3911875,0.152,0.3489429,0.32,0.3603079,-33.7786,1.3968,0.00072,0.252,0.9124,0.8565,1200,500000.0,2026-09-18T19:36:31.920055
734,4,CC2,CC,25:16,6250.0,4000.0,225.0,0.0002,0.616,0.3911458,0.464,0.3712114,0.48,0.3655554,-18.2245,1.5956,0.002543,0.2621,0.8598,0.7938,1200,500000.0,2026-09-18T19:36:39.973891
735,4,CC2,CC,25:16,6250.0,4000.0,270.0,0.0002,0.584,0.3911407,0.16,0.3492115,0.32,0.3601848,-33.7483,1.3975,0.000718,0.2742,0.9114,0.8556,1200,500000.0,2026-09-18T19:36:48.311061
736,4,CC2,CC,25:16,6250.0,4000.0,315.0,0.0002,0.592,0.3926532,0.16,0.3491279,0.32,0.3609679,-33.0957,1.3977,0.000555,0.2599,0.9125,0.8554,1200,500000.0,2026-09-18T19:36:56.688478
737,4,PC2,PC,11:8,5863.0,4264.0,0.0,0.0002,0.64,0.3937216,0.656,0.3960912,0.608,0.3765048,-30.4848,1.7217,0.001656,0.2905,0.836,0.7405,1200,500000.0,2026-09-18T19:37:04.952135
738,4,PC2,PC,11:8,5863.0,4264.0,45.0,0.0002,0.584,0.3926646,0.152,0.3490221,0.32,0.3612085,-33.561,1.3934,0.001413,0.2576,0.9124,0.8571,1200,500000.0,2026-09-18T19:37:13.102277
739,4,PC2,PC,11:8,5863.0,4264.0,90.0,0.0002,0.592,0.3919542,0.168,0.3494988,0.32,0.3607329,-33.0604,1.3977,0.002042,0.265,0.9113,0.8546,1200,500000.0,2026-09-18T19:37:20.994908
740,4,PC2,PC,11:8,5863.0,4264.0,135.0,0.0002,0.592,0.3919193,0.152,0.3491789,0.32,0.3606858,-33.3334,1.3987,0.001742,0.268,0.9119,0.8568,1200,500000.0,2026-09-18T19:37:28.943848
741,4,PC2,PC,11:8,5863.0,4264.0,180.0,0.0002,0.584,0.3920605,0.16,0.3493461,0.32,0.3609445,-33.186,1.397,0.002141,0.26,0.9115,0.856,1200,500000.0,2026-09-18T19:37:36.987135
742,4,PC2,PC,11:8,5863.0,4264.0,225.0,0.0002,1.002,0.5904163,nan,nan,nan,nan,-20.9381,1.3542,0.003644,0.5271,0.9276,0.8763,1200,500000.0,2026-09-18T19:37:45.900838
743,4,PC2,PC,11:8,5863.0,4264.0,270.0,0.0002,0.584,0.3518049,0.152,0.05562897,0.32,0.1998224,-27.8905,1.6442,0.001567,0.3737,0.831,0.6892,1200,500000.0,2026-09-18T19:37:53.962570
744,4,PC2,PC,11:8,5863.0,4264.0,315.0,0.0002,0.584,0.3922989,0.152,0.3489555,0.32,0.3607495,-33.267,1.3965,0.002085,0.2639,0.9123,0.8578,1200,500000.0,2026-09-18T19:38:02.277544
745,4,NC2,NC,9:6,6123.7,4082.5,0.0,0.0002,0.576,0.3949092,0.152,0.349946,0.32,0.3626609,-30.8694,1.3903,0.006057,0.2605,0.9133,0.8586,1200,500000.0,2026-09-18T19:38:10.628864
746,4,NC2,NC,9:6,6123.7,4082.5,45.0,0.0002,0.608,0.3904909,0.464,0.3709158,0.48,0.3649633,-18.075,1.6,0.005114,0.2613,0.8598,0.7937,1200,500000.0,2026-09-18T19:38:18.542363
747,4,NC2,NC,9:6,6123.7,4082.5,90.0,0.0002,0.64,0.394848,0.672,0.392933,0.592,0.3751558,-28.8045,1.6836,0.005389,0.3162,0.8323,0.746,1200,500000.0,2026-09-18T19:38:26.338427
748,4,NC2,NC,9:6,6123.7,4082.5,135.0,0.0002,0.6,0.3963656,0.464,0.3714856,0.48,0.3683167,-18.248,1.5863,0.002491,0.2628,0.8641,0.7983,1200,500000.0,2026-09-18T19:38:34.406430
749,4,NC2,NC,9:6,6123.7,4082.5,180.0,0.0002,0.584,0.3945853,0.168,0.3506018,0.32,0.3625576,-30.3806,1.3906,0.006089,0.2726,0.9094,0.8539,1200,500000.0,2026-09-18T19:38:42.604357
750,4,NC2,NC,9:6,6123.7,4082.5,225.0,0.0002,0.64,0.3905644,0.632,0.390986,0.584,0.3722722,-14.3552,1.7201,0.004475,0.2755,0.831,0.7405,1200,500000.0,2026-09-18T19:38:51.240093
751,4,NC2,NC,9:6,6123.7,4082.5,270.0,0.0002,0.584,0.3894981,0.152,0.3488926,0.32,0.3592589,-31.2659,1.4022,0.004745,0.2628,0.9106,0.8572,1200,500000.0,2026-09-18T19:38:59.575191
752,4,NC2,NC,9:6,6123.7,4082.5,315.0,0.0002,0.648,0.3912825,0.6720001,0.3983677,0.592,0.3758117,-33.1261,1.7246,0.001135,0.3191,0.8317,0.7313,1200,500000.0,2026-09-18T19:39:08.133715
753,4,NC3,NC,15:10,6123.7,4082.5,0.0,0.0002,0.584,0.3942581,0.152,0.3492544,0.32,0.3618773,-30.5059,1.3931,0.006168,0.2615,0.9126,0.859,1200,500000.0,2026-09-18T19:39:16.250806
754,4,NC3,NC,15:10,6123.7,4082.5,45.0,0.0002,0.592,0.3921057,0.16,0.3493298,0.32,0.3608303,-30.2251,1.3966,0.006242,0.2617,0.9105,0.8544,1200,500000.0,2026-09-18T19:39:24.640364
755,4,NC3,NC,15:10,6123.7,4082.5,90.0,0.0002,0.584,0.3948941,0.16,0.3496253,0.32,0.36282,-31.1322,1.3898,0.005354,0.2593,0.9132,0.8584,1200,500000.0,2026-09-18T19:39:32.751946
756,4,NC3,NC,15:10,6123.7,4082.5,135.0,0.0002,0.584,0.3910237,0.152,0.3488783,0.32,0.360135,-30.3499,1.3991,0.006335,0.2596,0.9106,0.8536,1200,500000.0,2026-09-18T19:39:40.762452
757,4,NC3,NC,15:10,6123.7,4082.5,180.0,0.0002,0.656,0.389293,0.648,0.3999241,0.568,0.3763997,-31.3077,1.7219,0.002855,0.2898,0.8355,0.7289,1200,500000.0,2026-09-18T19:39:48.988292
758,4,NC3,NC,15:10,6123.7,4082.5,225.0,0.0002,0.592,0.3908473,0.344,0.3619458,0.408,0.3623568,-21.2208,1.5231,0.010198,0.2635,0.8757,0.8161,1200,500000.0,2026-09-18T19:39:56.818904
759,4,NC3,NC,15:10,6123.7,4082.5,270.0,0.0002,0.576,0.3953597,0.152,0.3493754,0.32,0.3627828,-31.5256,1.39,0.004885,0.2585,0.9135,0.8587,1200,500000.0,2026-09-18T19:40:05.222956
760,4,NC3,NC,15:10,6123.7,4082.5,315.0,0.0002,0.944,0.559415,nan,nan,nan,nan,-10.5666,1.262,0.008563,0.1615,0.9317,0.8969,1200,500000.0,2026-09-18T19:40:13.836462
761,4,CC4,CC,15:8,6846.5,3651.5,0.0,0.0001,0.584,0.396704,0.152,0.3494354,0.32,0.3636327,-33.5418,1.3847,0.003403,0.2686,0.9134,0.8618,1200,1000000.0,2026-09-18T19:40:22.114006
762,4,CC4,CC,15:8,6846.5,3651.5,45.0,0.0001,0.632,0.3899716,0.648,0.3973708,0.584,0.3746235,-25.6641,1.7294,0.009992,0.3487,0.8252,0.707,1200,1000000.0,2026-09-18T19:40:30.238245
763,4,CC4,CC,15:8,6846.5,3651.5,90.0,0.0001,0.64,0.3897585,0.664,0.3997536,0.6,0.3773343,-31.7399,1.7187,0.002728,0.3627,0.8405,0.7463,1200,1000000.0,2026-09-18T19:40:38.489410
764,4,CC4,CC,15:8,6846.5,3651.5,135.0,0.0001,0.584,0.3897,0.152,0.3488733,0.32,0.3599724,-31.0908,1.4004,0.005309,0.2712,0.9117,0.8609,1200,1000000.0,2026-09-18T19:40:47.002053
765,4,CC4,CC,15:8,6846.5,3651.5,180.0,0.0001,0.576,0.5453018,nan,nan,nan,nan,-42.4421,1.0747,0.003512,0.0732,0.9406,0.9288,1200,1000000.0,2026-09-18T19:40:55.341063
766,4,CC4,CC,15:8,6846.5,3651.5,225.0,0.0001,0.584,0.3477278,0.152,0.05704801,0.32,0.1988529,-28.5152,1.652,0.002453,0.4348,0.8478,0.6919,1200,1000000.0,2026-09-18T19:41:03.272727
767,4,CC4,CC,15:8,6846.5,3651.5,270.0,0.0001,0.994,0.597877,nan,nan,nan,nan,-22.9858,1.3161,0.001979,0.542,0.9251,0.8716,1200,1000000.0,2026-09-18T19:41:11.507264
768,4,CC4,CC,15:8,6846.5,3651.5,315.0,0.0001,0.648,0.3927298,0.68,0.3992278,0.608,0.3791508,-34.2155,1.7096,0.00177,0.3403,0.8484,0.7826,1200,1000000.0,2026-09-18T19:41:19.738963
769,4,NC1,NC,4:2,7071.1,3535.5,0.0,0.0001,0.576,0.3943031,0.152,0.3494663,0.32,0.3623476,-28.5924,1.3907,0.008776,0.2674,0.9128,0.8631,1200,1000000.0,2026-09-18T19:41:28.037811
770,4,NC1,NC,4:2,7071.1,3535.5,45.0,0.0001,0.584,0.3554428,0.16,0.05764753,0.32,0.2031618,-23.4211,1.6139,0.008628,0.4024,0.8437,0.6886,1200,1000000.0,2026-09-18T19:41:36.529598
771,4,NC1,NC,4:2,7071.1,3535.5,90.0,0.0001,0.632,0.3847609,0.56,0.378552,0.528,0.3646372,-15.7721,1.668,0.006805,0.2906,0.8443,0.7696,1200,1000000.0,2026-09-18T19:41:44.449141
772,4,NC1,NC,4:2,7071.1,3535.5,135.0,0.0001,0.576,0.3867269,0.152,0.3490412,0.32,0.358049,-29.0135,1.4076,0.008131,0.2713,0.9088,0.8572,1200,1000000.0,2026-09-18T19:41:52.241090
773,4,NC1,NC,4:2,7071.1,3535.5,180.0,0.0001,0.632,0.386671,0.624,0.3880428,0.592,0.3692285,-14.4134,1.7319,0.00319,0.3064,0.8324,0.7503,1200,1000000.0,2026-09-18T19:42:00.456827
774,4,NC1,NC,4:2,7071.1,3535.5,225.0,0.0001,0.64,0.3995992,0.616,0.3910303,0.544,0.3768478,-30.2782,1.5502,0.003521,0.2976,0.8323,0.7798,1200,1000000.0,2026-09-18T19:42:09.104716
775,4,NC1,NC,4:2,7071.1,3535.5,270.0,0.0001,0.584,0.40009,0.152,0.3507361,0.32,0.3661482,-33.7593,1.3766,0.002778,0.2649,0.916,0.8634,1200,1000000.0,2026-09-18T19:42:17.057105
776,4,NC1,NC,4:2,7071.1,3535.5,315.0,0.0001,0.576,0.3950359,0.208,0.3522981,0.336,0.3631148,-27.4658,1.4098,0.011599,0.2746,0.9047,0.8538,1200,1000000.0,2026-09-18T19:42:25.491805
777,4,PP8,PP,11:3,9574.3,2611.2,0.0,0.0001,0.576,0.3943196,0.248,0.3540525,0.352,0.363277,-25.4434,1.4314,0.009581,0.2597,0.9001,0.8494,1200,1000000.0,2026-09-18T19:42:34.082277
778,4,PP8,PP,11:3,9574.3,2611.2,45.0,0.0001,0.64,0.3863058,0.6720001,0.4009721,0.608,0.3745947,-29.9366,1.7288,0.003639,0.3347,0.8308,0.7463,1200,1000000.0,2026-09-18T19:42:42.488144
779,4,PP8,PP,11:3,9574.3,2611.2,90.0,0.0001,0.632,0.394805,0.664,0.3898812,0.608,0.373474,-32.9534,1.7366,0.00182,0.3366,0.8272,0.742,1200,1000000.0,2026-09-18T19:42:50.739071
780,4,PP8,PP,11:3,9574.3,2611.2,135.0,0.0001,0.64,0.390668,0.672,0.4053068,0.608,0.379572,-27.6555,1.7051,0.00562,0.3355,0.8365,0.7428,1200,1000000.0,2026-09-18T19:42:59.120037
781,4,PP8,PP,11:3,9574.3,2611.2,180.0,0.0001,0.64,0.3944339,0.68,0.4072471,0.608,0.3828669,-28.4135,1.6904,0.004855,0.3501,0.8415,0.7485,1200,1000000.0,2026-09-18T19:43:07.896897
782,4,PP8,PP,11:3,9574.3,2611.2,225.0,0.0001,0.576,0.3884838,0.168,0.3487414,0.312,0.3589309,-28.5208,1.4041,0.009349,0.2585,0.9115,0.8625,1200,1000000.0,2026-09-18T19:43:16.202134
783,4,PP8,PP,11:3,9574.3,2611.2,270.0,0.0001,0.576,0.3844721,0.152,0.3483405,0.312,0.3565431,-32.294,1.4139,0.003287,0.2672,0.9096,0.8613,1200,1000000.0,2026-09-18T19:43:24.442585
784,4,PP8,PP,11:3,9574.3,2611.2,315.0,0.0001,0.56,0.3478265,0.152,0.05678947,0.312,0.1987392,-23.3236,1.6501,0.008241,0.3739,0.8403,0.6711,1200,1000000.0,2026-09-18T19:43:32.488403
785,4,CC5,CC,25:9,8333.3,3000.0,0.0,0.0001,0.64,0.3902621,0.6720001,0.3825233,0.608,0.3673655,-30.9732,1.7653,0.003097,0.3452,0.8294,0.7514,1200,1000000.0,2026-09-18T19:43:40.818246
786,4,CC5,CC,25:9,8333.3,3000.0,45.0,0.0001,0.994,0.5987045,nan,nan,nan,nan,-22.6128,1.3199,0.004184,0.5618,0.9249,0.8718,1200,1000000.0,2026-09-18T19:43:49.315011
787,4,CC5,CC,25:9,8333.3,3000.0,90.0,0.0001,0.656,0.3911168,0.6720001,0.3998979,0.608,0.3765814,-29.4356,1.7188,0.004544,0.335,0.8273,0.7572,1200,1000000.0,2026-09-18T19:43:57.896992
788,4,CC5,CC,25:9,8333.3,3000.0,135.0,0.0001,0.648,0.390104,0.6720001,0.380013,0.608,0.3670001,-31.5646,1.7669,0.002544,0.3362,0.8291,0.7548,1200,1000000.0,2026-09-18T19:44:06.086508
789,4,CC5,CC,25:9,8333.3,3000.0,180.0,0.0001,0.576,0.3913848,0.152,0.3490376,0.32,0.3607838,-34.6216,1.3986,0.001096,0.2661,0.9128,0.8606,1200,1000000.0,2026-09-18T19:44:14.296822
790,4,CC5,CC,25:9,8333.3,3000.0,225.0,0.0001,0.576,0.3897919,0.152,0.348565,0.32,0.3596945,-34.553,1.3992,0.00142,0.2588,0.9121,0.8598,1200,1000000.0,2026-09-18T19:44:22.485216
791,4,CC5,CC,25:9,8333.3,3000.0,270.0,0.0001,0.576,0.3914631,0.16,0.3493338,0.32,0.3611202,-34.5575,1.3967,0.001037,0.2625,0.9122,0.8611,1200,1000000.0,2026-09-18T19:44:30.655988
792,4,CC5,CC,25:9,8333.3,3000.0,315.0,0.0001,0.648,0.3947534,0.672,0.4143937,0.608,0.3870108,-34.0232,1.6752,0.001709,0.3266,0.847,0.7738,1200,1000000.0,2026-09-18T19:44:38.765152
793,4,IR3,IR,e/2:1,5829.1,4288.8,0.0,0.0002,0.592,0.392219,0.152,0.349297,0.32,0.3608506,-33.5227,1.3967,0.000992,0.2621,0.9118,0.8557,1200,500000.0,2026-09-18T19:44:47.316233
794,4,IR3,IR,e/2:1,5829.1,4288.8,45.0,0.0002,0.584,0.3915141,0.152,0.3493817,0.32,0.3605411,-33.7334,1.3967,0.001134,0.2619,0.9116,0.854,1200,500000.0,2026-09-18T19:44:55.465344
795,4,IR3,IR,e/2:1,5829.1,4288.8,90.0,0.0002,0.648,0.3948639,0.672,0.4002058,0.608,0.3794946,-31.6282,1.7088,0.00259,0.3021,0.84,0.7423,1200,500000.0,2026-09-18T19:45:03.759493
796,4,IR3,IR,e/2:1,5829.1,4288.8,135.0,0.0002,0.584,0.3520492,0.16,0.0579632,0.32,0.201302,-28.0372,1.6281,0.001254,0.371,0.8441,0.7141,1200,500000.0,2026-09-18T19:45:12.362353
797,4,IR3,IR,e/2:1,5829.1,4288.8,180.0,0.0002,0.584,0.391302,0.248,0.3561736,0.352,0.3611257,-25.08,1.438,0.00439,0.2697,0.8899,0.833,1200,500000.0,2026-09-18T19:45:21.077683
798,4,IR3,IR,e/2:1,5829.1,4288.8,225.0,0.0002,1.002,0.5813673,nan,nan,nan,nan,-20.735,1.3839,0.004726,0.5264,0.9255,0.8657,1200,500000.0,2026-09-18T19:45:29.147789
799,4,IR3,IR,e/2:1,5829.1,4288.8,270.0,0.0002,0.648,0.3917964,0.672,0.3923477,0.608,0.3733179,-31.7364,1.7354,0.002366,0.2945,0.8295,0.7341,1200,500000.0,2026-09-18T19:45:37.344738
800,4,IR3,IR,e/2:1,5829.1,4288.8,315.0,0.0002,0.592,0.3922134,0.152,0.3491411,0.32,0.3607685,-33.5932,1.3967,0.001133,0.2601,0.9118,0.8558,1200,500000.0,2026-09-18T19:45:45.808537
801,4,PP5,PP,13:11,5435.6,4599.3,0.0,0.0005,0.656,0.3932253,0.68,0.3999417,0.608,0.3772732,-27.0943,1.7179,0.003313,0.2405,0.8288,0.7242,1200,199999.99999999997,2026-09-18T19:45:54.208981
802,4,PP5,PP,13:11,5435.6,4599.3,45.0,0.0005,0.664,0.3955511,0.68,0.3994365,0.608,0.3781792,-23.4538,1.7134,0.009941,0.2463,0.83,0.7235,1200,199999.99999999997,2026-09-18T19:46:02.646849
803,4,PP5,PP,13:11,5435.6,4599.3,90.0,0.0005,0.592,0.3921766,0.168,0.3493891,0.32,0.3600588,-27.4605,1.3995,0.006267,0.1967,0.9139,0.8571,1200,199999.99999999997,2026-09-18T19:46:11.019670
804,4,PP5,PP,13:11,5435.6,4599.3,135.0,0.0005,0.592,0.3928152,0.216,0.3520082,0.336,0.3609703,-25.8202,1.4182,0.009569,0.2575,0.9103,0.8555,1200,199999.99999999997,2026-09-18T19:46:19.397626
805,4,PP5,PP,13:11,5435.6,4599.3,180.0,0.0005,0.584,0.391437,0.16,0.3486399,0.32,0.3596361,-27.8758,1.4012,0.003731,0.1905,0.9129,0.8529,1200,199999.99999999997,2026-09-18T19:46:27.068195
806,4,PP5,PP,13:11,5435.6,4599.3,225.0,0.0005,0.664,0.3959599,0.68,0.3976684,0.608,0.3771415,-28.0191,1.7189,0.00233,0.2455,0.8282,0.728,1200,199999.99999999997,2026-09-18T19:46:35.320783
807,4,PP5,PP,13:11,5435.6,4599.3,270.0,0.0005,0.584,0.3931059,0.152,0.3491804,0.32,0.3608318,-27.2262,1.3965,0.007141,0.1877,0.9138,0.8552,1200,199999.99999999997,2026-09-18T19:46:43.568628
808,4,PP5,PP,13:11,5435.6,4599.3,315.0,0.0005,0.592,0.3919446,0.344,0.3683373,0.416,0.363573,-19.6731,1.518,0.02827,0.2591,0.8637,0.8022,1200,199999.99999999997,2026-09-18T19:46:51.874225
809,4,CC8,CC,49:32,6187.2,4040.6,0.0,0.0002,0.584,0.3949513,0.16,0.3495173,0.32,0.3625956,-33.3105,1.3914,0.002002,0.2596,0.9144,0.8598,1200,500000.0,2026-09-18T19:46:59.829408
810,4,CC8,CC,49:32,6187.2,4040.6,45.0,0.0002,0.584,0.3943353,0.216,0.3520639,0.336,0.3621443,-29.6259,1.4151,0.004858,0.2698,0.9065,0.8535,1200,500000.0,2026-09-18T19:47:07.766906
811,4,CC8,CC,49:32,6187.2,4040.6,90.0,0.0002,0.656,0.3956393,0.6720001,0.4005902,0.608,0.3793611,-31.3514,1.7101,0.002826,0.302,0.8348,0.7384,1200,500000.0,2026-09-18T19:47:15.978138
812,4,CC8,CC,49:32,6187.2,4040.6,135.0,0.0002,0.592,0.3935082,0.344,0.3622167,0.416,0.3637819,-21.3725,1.5182,0.00516,0.2624,0.8779,0.8179,1200,500000.0,2026-09-18T19:47:24.748168
813,4,CC8,CC,49:32,6187.2,4040.6,180.0,0.0002,0.584,0.3946217,0.152,0.3495463,0.32,0.3623626,-33.107,1.3923,0.002225,0.2634,0.914,0.859,1200,500000.0,2026-09-18T19:47:33.127997
814,4,CC8,CC,49:32,6187.2,4040.6,225.0,0.0002,0.648,0.3951809,0.664,0.3952487,0.608,0.3766684,-30.8813,1.7218,0.00322,0.3171,0.8303,0.7472,1200,500000.0,2026-09-18T19:47:41.221758
815,4,CC8,CC,49:32,6187.2,4040.6,270.0,0.0002,0.648,0.3930044,0.68,0.4011275,0.608,0.3784707,-29.493,1.7119,0.004864,0.3072,0.8366,0.7429,1200,500000.0,2026-09-18T19:47:49.344527
816,4,CC8,CC,49:32,6187.2,4040.6,315.0,0.0002,0.584,0.3505965,0.16,0.05799412,0.32,0.2002391,-27.2352,1.6356,0.002801,0.3729,0.8487,0.7232,1200,500000.0,2026-09-18T19:47:57.980319
817,4,PP4,PP,11:7,6267.8,3988.6,0.0,0.0002,0.584,0.3921412,0.168,0.3495078,0.32,0.3609728,-33.3707,1.3948,0.001777,0.2643,0.9111,0.8547,1200,500000.0,2026-09-18T19:48:06.137639
818,4,PP4,PP,11:7,6267.8,3988.6,45.0,0.0002,0.656,0.3922408,0.68,0.3930822,0.608,0.3732954,-30.0075,1.7375,0.004635,0.2953,0.8263,0.7233,1200,500000.0,2026-09-18T19:48:14.657939
819,4,PP4,PP,11:7,6267.8,3988.6,90.0,0.0002,0.648,0.3931195,0.68,0.3963462,0.608,0.3753402,-29.314,1.7279,0.005295,0.294,0.826,0.7197,1200,500000.0,2026-09-18T19:48:22.824792
820,4,PP4,PP,11:7,6267.8,3988.6,135.0,0.0002,0.656,0.3925744,0.68,0.3933921,0.608,0.3743719,-30.7521,1.7323,0.003588,0.295,0.8335,0.7355,1200,500000.0,2026-09-18T19:48:30.863241
821,4,PP4,PP,11:7,6267.8,3988.6,180.0,0.0002,0.648,0.392191,0.672,0.3891406,0.608,0.3728194,-32.826,1.7361,0.001193,0.3171,0.836,0.7448,1200,500000.0,2026-09-18T19:48:39.143625
822,4,PP4,PP,11:7,6267.8,3988.6,225.0,0.0002,0.584,0.3920527,0.248,0.3564927,0.352,0.3617055,-25.0722,1.4388,0.005963,0.2694,0.8905,0.8316,1200,500000.0,2026-09-18T19:48:47.722555
823,4,PP4,PP,11:7,6267.8,3988.6,270.0,0.0002,0.584,0.392132,0.208,0.3518136,0.336,0.3609494,-29.7065,1.4199,0.003237,0.2721,0.905,0.8489,1200,500000.0,2026-09-18T19:48:56.405798
824,4,PP4,PP,11:7,6267.8,3988.6,315.0,0.0002,0.656,0.3927596,0.6720001,0.3969891,0.584,0.3762577,-33.1531,1.7225,0.000974,0.2706,0.8309,0.7277,1200,500000.0,2026-09-18T19:49:05.327851
825,4,PP1,PP,3:2,6123.7,4082.5,0.0,0.0002,0.576,0.3960988,0.176,0.3505998,0.32,0.3633868,-31.8838,1.3879,0.003102,0.2684,0.9121,0.8583,1200,500000.0,2026-09-18T19:49:13.581848
826,4,PP1,PP,3:2,6123.7,4082.5,45.0,0.0002,0.648,0.3925579,0.68,0.3969631,0.608,0.376491,-30.2251,1.7227,0.003665,0.3159,0.8354,0.7343,1200,500000.0,2026-09-18T19:49:22.048325
827,4,PP1,PP,3:2,6123.7,4082.5,90.0,0.0002,0.648,0.3964144,0.656,0.4009683,0.584,0.379604,-32.6681,1.709,0.001644,0.2784,0.8328,0.7272,1200,500000.0,2026-09-18T19:49:30.179374
828,4,PP1,PP,3:2,6123.7,4082.5,135.0,0.0002,0.592,0.3944539,0.336,0.3620557,0.408,0.3642766,-21.2013,1.5159,0.010107,0.2584,0.8762,0.8177,1200,500000.0,2026-09-18T19:49:38.404814
829,4,PP1,PP,3:2,6123.7,4082.5,180.0,0.0002,0.584,0.3955779,0.16,0.3498713,0.32,0.3629898,-31.5737,1.3892,0.004979,0.2652,0.9135,0.8585,1200,500000.0,2026-09-18T19:49:46.420336
830,4,PP1,PP,3:2,6123.7,4082.5,225.0,0.0002,0.592,0.3957831,0.336,0.3625435,0.416,0.3652229,-21.2931,1.5123,0.009009,0.2556,0.8777,0.8198,1200,500000.0,2026-09-18T19:49:54.662386
831,4,PP1,PP,3:2,6123.7,4082.5,270.0,0.0002,0.64,0.3902768,0.632,0.3910488,0.584,0.3720926,-14.3091,1.7212,0.003406,0.284,0.8321,0.7434,1200,500000.0,2026-09-18T19:50:02.683709
832,4,PP1,PP,3:2,6123.7,4082.5,315.0,0.0002,0.592,0.3952247,0.152,0.3494087,0.32,0.3624618,-30.8479,1.391,0.005367,0.2629,0.9134,0.858,1200,500000.0,2026-09-18T19:50:10.724936
833,4,CC9,CC,27:16,6495.2,3849.0,0.0,0.0001,0.64,0.3887054,0.672,0.3821962,0.6,0.3674335,-28.3095,1.7401,0.004872,0.3249,0.8327,0.7641,1200,1000000.0,2026-09-18T19:50:19.258056
834,4,CC9,CC,27:16,6495.2,3849.0,45.0,0.0001,0.994,0.5983112,nan,nan,nan,nan,-21.261,1.306,0.004444,0.4306,0.9374,0.8901,1200,1000000.0,2026-09-18T19:50:27.599140
835,4,CC9,CC,27:16,6495.2,3849.0,90.0,0.0001,0.648,0.3984803,0.656,0.408653,0.6,0.3861249,-27.6808,1.6793,0.00594,0.344,0.8488,0.7503,1200,1000000.0,2026-09-18T19:50:35.884122
836,4,CC9,CC,27:16,6495.2,3849.0,135.0,0.0001,0.64,0.3951997,0.664,0.4019706,0.608,0.3808886,-25.6005,1.701,0.008425,0.3534,0.8449,0.7642,1200,1000000.0,2026-09-18T19:50:44.163066
837,4,CC9,CC,27:16,6495.2,3849.0,180.0,0.0001,0.632,0.39082,0.656,0.4091605,0.584,0.3815922,-31.346,1.6772,0.003249,0.3184,0.8377,0.7573,1200,1000000.0,2026-09-18T19:50:52.490673
838,4,CC9,CC,27:16,6495.2,3849.0,225.0,0.0001,0.632,0.3915482,0.64,0.3916175,0.5840001,0.3755012,-33.0003,1.6831,0.00287,0.3031,0.8537,0.7924,1200,1000000.0,2026-09-18T19:51:00.776789
839,4,CC9,CC,27:16,6495.2,3849.0,270.0,0.0001,0.584,0.3847689,0.152,0.3483578,0.32,0.3566815,-34.2561,1.4116,0.002526,0.2687,0.909,0.8582,1200,1000000.0,2026-09-18T19:51:09.295878
840,4,CC9,CC,27:16,6495.2,3849.0,315.0,0.0001,0.648,0.3993461,0.68,0.4086752,0.6,0.3860445,-33.9315,1.6806,0.001925,0.3222,0.8426,0.7532,1200,1000000.0,2026-09-18T19:51:17.143898
841,4,IR4,IR,π/2:1,6266.6,3989.4,0.0,0.0002,0.648,0.392444,0.672,0.389629,0.608,0.3731745,-32.6027,1.7342,0.001275,0.3303,0.8377,0.7461,1200,500000.0,2026-09-18T19:51:25.515389
842,4,IR4,IR,π/2:1,6266.6,3989.4,45.0,0.0002,0.584,0.3524992,0.16,0.05821147,0.32,0.2015335,-27.833,1.6256,0.00146,0.3617,0.846,0.7047,1200,500000.0,2026-09-18T19:51:33.499020
843,4,IR4,IR,π/2:1,6266.6,3989.4,90.0,0.0002,0.648,0.3918833,0.656,0.3748775,0.592,0.3674229,-32.6031,1.7427,0.001683,0.3023,0.8507,0.7657,1200,500000.0,2026-09-18T19:51:41.641994
844,4,IR4,IR,π/2:1,6266.6,3989.4,135.0,0.0002,0.592,0.3920987,0.16,0.3494676,0.32,0.3609408,-33.2474,1.398,0.001453,0.2618,0.9121,0.856,1200,500000.0,2026-09-18T19:51:50.286468
845,4,IR4,IR,π/2:1,6266.6,3989.4,180.0,0.0002,0.584,0.3523725,0.16,0.05796874,0.32,0.2013765,-27.7822,1.6281,0.00156,0.3638,0.8452,0.7063,1200,500000.0,2026-09-18T19:51:58.480413
846,4,IR4,IR,π/2:1,6266.6,3989.4,225.0,0.0002,0.648,0.3917712,0.672,0.388366,0.608,0.3707207,-32.691,1.7496,0.001567,0.3016,0.8225,0.7341,1200,500000.0,2026-09-18T19:52:06.761742
847,4,IR4,IR,π/2:1,6266.6,3989.4,270.0,0.0002,0.584,0.3921032,0.176,0.3500039,0.32,0.3607233,-32.6036,1.3953,0.001549,0.276,0.9095,0.8541,1200,500000.0,2026-09-18T19:52:14.801396
848,4,IR4,IR,π/2:1,6266.6,3989.4,315.0,0.0002,0.656,0.3922953,0.68,0.3939955,0.608,0.3740533,-30.1454,1.734,0.004113,0.3044,0.829,0.7241,1200,500000.0,2026-09-18T19:52:23.173460
849,4,PC3,PC,13:9,6009.3,4160.3,0.0,0.0002,1.002,0.5688177,nan,nan,nan,nan,-20.9888,1.3652,0.001921,0.5053,0.9312,0.875,1200,500000.0,2026-09-18T19:52:31.623949
850,4,PC3,PC,13:9,6009.3,4160.3,45.0,0.0002,0.584,0.3484873,0.152,0.05751464,0.32,0.1989945,-26.9051,1.6498,0.00239,0.3875,0.8465,0.7123,1200,500000.0,2026-09-18T19:52:40.510864
851,4,PC3,PC,13:9,6009.3,4160.3,90.0,0.0002,0.656,0.3886915,0.6720001,0.3946873,0.608,0.3717777,-31.1474,1.7427,0.003037,0.3144,0.8182,0.7227,1200,500000.0,2026-09-18T19:52:48.721605
852,4,PC3,PC,13:9,6009.3,4160.3,135.0,0.0002,0.648,0.3979799,0.68,0.3976517,0.608,0.3794603,-32.5064,1.7075,0.001762,0.3017,0.8371,0.737,1200,500000.0,2026-09-18T19:52:56.944916
853,4,PC3,PC,13:9,6009.3,4160.3,180.0,0.0002,0.592,0.3964759,0.152,0.350122,0.32,0.3636273,-32.1094,1.3856,0.003998,0.2575,0.9147,0.8605,1200,500000.0,2026-09-18T19:53:04.917662
854,4,PC3,PC,13:9,6009.3,4160.3,225.0,0.0002,0.944,0.5582913,nan,nan,nan,nan,-10.581,1.2598,0.017022,0.1676,0.9325,0.8956,1200,500000.0,2026-09-18T19:53:13.352062
855,4,PC3,PC,13:9,6009.3,4160.3,270.0,0.0002,0.584,0.3878758,0.208,0.3510714,0.336,0.3583337,-29.3627,1.4296,0.006505,0.2705,0.9014,0.849,1200,500000.0,2026-09-18T19:53:21.886280
856,4,PC3,PC,13:9,6009.3,4160.3,315.0,0.0002,0.584,0.34938,0.16,0.0577954,0.32,0.199932,-24.872,1.6412,0.005736,0.3611,0.8448,0.7097,1200,500000.0,2026-09-18T19:53:30.508044
857,4,PC6,PC,13:4,9013.9,2773.5,0.0,0.0001,0.576,0.3926117,0.16,0.349723,0.312,0.3615984,-32.0857,1.3946,0.003931,0.2597,0.9127,0.8627,1200,1000000.0,2026-09-18T19:53:38.920182
858,4,PC6,PC,13:4,9013.9,2773.5,45.0,0.0001,0.648,0.3877172,0.672,0.3885431,0.608,0.3707369,-27.4179,1.7466,0.006209,0.3353,0.8388,0.7607,1200,1000000.0,2026-09-18T19:53:47.545687
859,4,PC6,PC,13:4,9013.9,2773.5,90.0,0.0001,0.632,0.3895027,0.64,0.3913718,0.584,0.3721778,-31.474,1.7209,0.002241,0.2902,0.8339,0.7559,1200,1000000.0,2026-09-18T19:53:55.489140
860,4,PC6,PC,13:4,9013.9,2773.5,135.0,0.0001,0.568,0.3524483,0.152,0.05759506,0.312,0.2018803,-26.2779,1.6259,0.004172,0.3688,0.8478,0.6687,1200,1000000.0,2026-09-18T19:54:03.815650
861,4,PC6,PC,13:4,9013.9,2773.5,180.0,0.0001,0.64,0.3895865,0.6720001,0.4076792,0.608,0.3797522,-34.0354,1.7048,0.001894,0.3387,0.8327,0.7462,1200,1000000.0,2026-09-18T19:54:12.035638
862,4,PC6,PC,13:4,9013.9,2773.5,225.0,0.0001,0.624,0.3931028,0.64,0.3904401,0.576,0.374159,-30.7227,1.6883,0.002299,0.2898,0.839,0.7485,1200,1000000.0,2026-09-18T19:54:20.002827
863,4,PC6,PC,13:4,9013.9,2773.5,270.0,0.0001,0.648,0.3918887,0.672,0.3791754,0.608,0.3662696,-33.3385,1.7715,0.001803,0.3642,0.8198,0.7379,1200,1000000.0,2026-09-18T19:54:28.285421
864,4,PC6,PC,13:4,9013.9,2773.5,315.0,0.0001,0.648,0.3923031,0.68,0.3812903,0.608,0.3678828,-31.7572,1.7637,0.002508,0.3454,0.8246,0.7358,1200,1000000.0,2026-09-18T19:54:36.842662
865,4,CC3,CC,9:4,7500.0,3333.3,0.0,0.0001,0.64,0.3925643,0.656,0.3969732,0.608,0.3764424,-35.0685,1.7232,0.000849,0.3456,0.8333,0.7477,1200,1000000.0,2026-09-18T19:54:44.839146
866,4,CC3,CC,9:4,7500.0,3333.3,45.0,0.0001,0.64,0.3929366,0.656,0.3971693,0.608,0.3765037,-34.9538,1.7238,0.000893,0.3477,0.8332,0.742,1200,1000000.0,2026-09-18T19:54:52.934763
867,4,CC3,CC,9:4,7500.0,3333.3,90.0,0.0001,0.648,0.3922127,0.68,0.3967059,0.608,0.3760882,-34.8854,1.7242,0.000914,0.3511,0.8335,0.7415,1200,1000000.0,2026-09-18T19:55:01.486865
868,4,CC3,CC,9:4,7500.0,3333.3,135.0,0.0001,0.584,0.351745,0.152,0.05739076,0.32,0.2009951,-29.2565,1.6334,0.001162,0.4092,0.8469,0.6864,1200,1000000.0,2026-09-18T19:55:09.581689
869,4,CC3,CC,9:4,7500.0,3333.3,180.0,0.0001,0.624,0.390728,0.56,0.3806905,0.528,0.3690308,-15.8394,1.6474,0.001152,0.2931,0.8481,0.7751,1200,1000000.0,2026-09-18T19:55:17.737082
870,4,CC3,CC,9:4,7500.0,3333.3,225.0,0.0001,0.592,0.3902763,0.464,0.3682758,0.48,0.364796,-18.5458,1.5984,0.002608,0.2675,0.8656,0.8094,1200,1000000.0,2026-09-18T19:55:26.017679
871,4,CC3,CC,9:4,7500.0,3333.3,270.0,0.0001,0.576,0.3902971,0.152,0.3493459,0.32,0.3600685,-34.8551,1.3976,0.001353,0.266,0.9118,0.862,1200,1000000.0,2026-09-18T19:55:33.320794
872,4,CC3,CC,9:4,7500.0,3333.3,315.0,0.0001,0.576,0.3915032,0.152,0.3491237,0.32,0.3609527,-34.8945,1.3976,0.001242,0.2701,0.9122,0.8602,1200,1000000.0,2026-09-18T19:55:40.778241
873,4,PP3,PP,7:5,5916.1,4225.8,0.0,0.0002,0.608,0.3930488,0.464,0.3709031,0.48,0.3661722,-18.1604,1.5933,0.005674,0.2697,0.8628,0.7947,1200,500000.0,2026-09-18T19:55:48.363977
874,4,PP3,PP,7:5,5916.1,4225.8,45.0,0.0002,0.592,0.3940575,0.152,0.349094,0.32,0.3619596,-32.6833,1.3911,0.003071,0.2579,0.9137,0.8586,1200,500000.0,2026-09-18T19:55:55.631695
875,4,PP3,PP,7:5,5916.1,4225.8,90.0,0.0002,0.664,0.3912004,0.664,0.3946817,0.6,0.37434,-33.1708,1.7335,0.001196,0.3104,0.8315,0.7304,1200,500000.0,2026-09-18T19:56:03.204307
876,4,PP3,PP,7:5,5916.1,4225.8,135.0,0.0002,0.664,0.3920873,0.68,0.396457,0.608,0.3756056,-29.4895,1.7258,0.004518,0.3074,0.8325,0.7425,1200,500000.0,2026-09-18T19:56:10.538263
877,4,PP3,PP,7:5,5916.1,4225.8,180.0,0.0002,0.584,0.3901258,0.168,0.3490081,0.32,0.3594675,-33.164,1.4036,0.001948,0.2672,0.9088,0.8528,1200,500000.0,2026-09-18T19:56:18.013668
878,4,PP3,PP,7:5,5916.1,4225.8,225.0,0.0002,0.584,0.3904947,0.168,0.3491718,0.32,0.3595942,-33.0041,1.403,0.002293,0.2661,0.9094,0.8556,1200,500000.0,2026-09-18T19:56:25.496719
879,4,PP3,PP,7:5,5916.1,4225.8,270.0,0.0002,0.584,0.3902279,0.16,0.3490199,0.32,0.3595788,-33.1591,1.4031,0.002141,0.2673,0.9102,0.8558,1200,500000.0,2026-09-18T19:56:32.801288
880,4,PP3,PP,7:5,5916.1,4225.8,315.0,0.0002,1.002,0.5807474,nan,nan,nan,nan,-20.6224,1.3742,0.005692,0.548,0.9288,0.876,1200,500000.0,2026-09-18T19:56:40.238941
881,4,PP6,PP,7:3,7637.6,3273.3,0.0,0.0001,0.576,0.3950524,0.168,0.3506401,0.32,0.3627084,-33.5995,1.3879,0.002686,0.2713,0.9096,0.859,1200,1000000.0,2026-09-18T19:56:47.766551
882,4,PP6,PP,7:3,7637.6,3273.3,45.0,0.0001,0.576,0.391667,0.152,0.349197,0.32,0.3608005,-32.1433,1.3965,0.004394,0.2601,0.9127,0.8613,1200,1000000.0,2026-09-18T19:56:55.487234
883,4,PP6,PP,7:3,7637.6,3273.3,90.0,0.0001,0.576,0.3949141,0.168,0.3502385,0.32,0.3629547,-33.4636,1.3869,0.002804,0.2669,0.9099,0.8589,1200,1000000.0,2026-09-18T19:57:02.749708
884,4,PP6,PP,7:3,7637.6,3273.3,135.0,0.0001,0.994,0.5791222,nan,nan,nan,nan,-23.1618,1.3697,0.001917,0.6193,0.9283,0.8756,1200,1000000.0,2026-09-18T19:57:10.312018
885,4,PP6,PP,7:3,7637.6,3273.3,180.0,0.0001,0.584,0.3542209,0.16,0.05770876,0.32,0.2027049,-28.0601,1.6155,0.003154,0.3944,0.8456,0.6802,1200,1000000.0,2026-09-18T19:57:17.625739
886,4,PP6,PP,7:3,7637.6,3273.3,225.0,0.0001,0.64,0.3889706,0.656,0.3906571,0.608,0.371092,-33.8734,1.7462,0.001709,0.3407,0.8263,0.7363,1200,1000000.0,2026-09-18T19:57:25.083736
887,4,PP6,PP,7:3,7637.6,3273.3,270.0,0.0001,0.64,0.3888952,0.664,0.3940809,0.6,0.3726244,-34.4699,1.74,0.001314,0.3561,0.8285,0.7262,1200,1000000.0,2026-09-18T19:57:32.418702
888,4,PP6,PP,7:3,7637.6,3273.3,315.0,0.0001,0.576,0.3927562,0.152,0.3496086,0.32,0.3619396,-32.6423,1.3917,0.003838,0.2664,0.9135,0.8606,1200,1000000.0,2026-09-18T19:57:39.790159
889,4,IR2,IR,φ:1,6360.1,3930.8,0.0,0.0001,0.584,0.3875305,0.176,0.3490039,0.32,0.3577166,-29.2813,1.4084,0.008615,0.2813,0.9057,0.8558,1200,1000000.0,2026-09-18T19:57:47.292222
890,4,IR2,IR,φ:1,6360.1,3930.8,45.0,0.0001,0.584,0.3841098,0.184,0.3488586,0.32,0.3562572,-30.5493,1.4142,0.006796,0.2798,0.9044,0.8544,1200,1000000.0,2026-09-18T19:57:54.669220
891,4,IR2,IR,φ:1,6360.1,3930.8,90.0,0.0001,0.584,0.3816307,0.168,0.3484394,0.32,0.3548531,-32.8189,1.4197,0.003689,0.2777,0.9047,0.855,1200,1000000.0,2026-09-18T19:58:02.101181
892,4,IR2,IR,φ:1,6360.1,3930.8,135.0,0.0001,0.656,0.3998516,0.68,0.393567,0.608,0.3786703,-28.3128,1.7114,0.00529,0.3298,0.8372,0.7618,1200,1000000.0,2026-09-18T19:58:09.657362
893,4,IR2,IR,φ:1,6360.1,3930.8,180.0,0.0001,0.64,0.3858102,0.672,0.4051053,0.608,0.3782682,-34.6512,1.7143,0.001252,0.3421,0.8487,0.7613,1200,1000000.0,2026-09-18T19:58:16.911323
894,4,IR2,IR,φ:1,6360.1,3930.8,225.0,0.0001,0.584,0.3473343,0.152,0.05666873,0.32,0.1982824,-24.2828,1.6531,0.007078,0.427,0.8418,0.6809,1200,1000000.0,2026-09-18T19:58:24.331590
895,4,IR2,IR,φ:1,6360.1,3930.8,270.0,0.0001,0.64,0.3887545,0.656,0.4069971,0.6,0.3805796,-31.3247,1.6826,0.003092,0.3354,0.8439,0.7701,1200,1000000.0,2026-09-18T19:58:31.846432
896,4,IR2,IR,φ:1,6360.1,3930.8,315.0,0.0001,0.6,0.3953029,0.464,0.3690162,0.48,0.3675618,-18.4284,1.5885,0.009046,0.2757,0.8677,0.8103,1200,1000000.0,2026-09-18T19:58:39.292463
897,4,CC7,CC,36:25,6000.0,4166.7,0.0,0.0002,0.656,0.389592,0.68,0.3961509,0.608,0.3734204,-30.6208,1.7362,0.003488,0.3088,0.8235,0.728,1200,500000.0,2026-09-18T19:58:46.704736
898,4,CC7,CC,36:25,6000.0,4166.7,45.0,0.0002,0.64,0.3963514,0.64,0.3822873,0.608,0.3739774,-28.9331,1.7314,0.003873,0.2872,0.8644,0.7838,1200,500000.0,2026-09-18T19:58:54.221179
899,4,CC7,CC,36:25,6000.0,4166.7,90.0,0.0002,0.584,0.3953067,0.152,0.3496593,0.32,0.3628359,-30.6576,1.3886,0.006064,0.2585,0.9142,0.8587,1200,500000.0,2026-09-18T19:59:01.551854
900,4,CC7,CC,36:25,6000.0,4166.7,135.0,0.0002,0.656,0.3960993,0.68,0.3975222,0.608,0.379222,-30.2444,1.7062,0.003454,0.3121,0.8433,0.7512,1200,500000.0,2026-09-18T19:59:09.669824
901,4,CC7,CC,36:25,6000.0,4166.7,180.0,0.0002,1.002,0.591114,nan,nan,nan,nan,-20.9867,1.3699,0.000847,0.5422,0.9261,0.8711,1200,500000.0,2026-09-18T19:59:17.163554
902,4,CC7,CC,36:25,6000.0,4166.7,225.0,0.0002,0.584,0.3536094,0.152,0.05827395,0.32,0.202167,-24.1601,1.6216,0.00788,0.3758,0.8488,0.7113,1200,500000.0,2026-09-18T19:59:24.634507
903,4,CC7,CC,36:25,6000.0,4166.7,270.0,0.0002,0.592,0.3904674,0.256,0.3560682,0.352,0.360704,-24.1963,1.4417,0.014877,0.2698,0.8899,0.8334,1200,500000.0,2026-09-18T19:59:31.954146
904,4,CC7,CC,36:25,6000.0,4166.7,315.0,0.0002,0.584,0.3921937,0.16,0.3488559,0.32,0.3606526,-29.4781,1.3973,0.007766,0.2578,0.913,0.8594,1200,500000.0,2026-09-18T19:59:39.407660
905,4,PP2,PP,5:3,6455.0,3873.0,0.0,0.0001,0.648,0.3955148,0.68,0.4085688,0.608,0.3841597,-28.6921,1.6878,0.004764,0.3452,0.8418,0.7508,1200,1000000.0,2026-09-18T19:59:46.588887
906,4,PP2,PP,5:3,6455.0,3873.0,45.0,0.0001,0.576,0.3434906,0.16,0.05397287,0.32,0.1951361,-28.3705,1.6784,0.002911,0.4217,0.8228,0.6544,1200,1000000.0,2026-09-18T19:59:54.095155
907,4,PP2,PP,5:3,6455.0,3873.0,90.0,0.0001,0.592,0.3953086,0.344,0.3589266,0.408,0.3646627,-22.2438,1.5142,0.005275,0.2728,0.8877,0.8335,1200,1000000.0,2026-09-18T20:00:01.333066
908,4,PP2,PP,5:3,6455.0,3873.0,135.0,0.0001,0.584,0.3979608,0.152,0.350482,0.32,0.3650829,-34.2969,1.3818,0.002645,0.269,0.9163,0.8686,1200,1000000.0,2026-09-18T20:00:08.838496
909,4,PP2,PP,5:3,6455.0,3873.0,180.0,0.0001,0.64,0.3873785,0.664,0.40815,0.608,0.3796327,-34.9698,1.707,0.001173,0.3217,0.8371,0.7764,1200,1000000.0,2026-09-18T20:00:16.100393
910,4,PP2,PP,5:3,6455.0,3873.0,225.0,0.0001,0.576,0.3860354,0.152,0.3483928,0.32,0.3575476,-31.7617,1.4087,0.005362,0.2745,0.9088,0.8565,1200,1000000.0,2026-09-18T20:00:23.612262
911,4,PP2,PP,5:3,6455.0,3873.0,270.0,0.0001,0.584,0.3888855,0.168,0.3492563,0.32,0.3589482,-30.4256,1.4034,0.006754,0.2793,0.9055,0.8543,1200,1000000.0,2026-09-18T20:00:30.826610
912,4,PP2,PP,5:3,6455.0,3873.0,315.0,0.0001,0.64,0.3931692,0.672,0.3890565,0.576,0.3729984,-25.6453,1.6934,0.008556,0.3394,0.8352,0.7522,1200,1000000.0,2026-09-18T20:00:38.344538
913,4,PC1,PC,5:4,5590.2,4472.1,0.0,0.0005,0.656,0.3930571,0.68,0.3968447,0.6,0.3751851,-0.3987,1.7266,0.002197,0.2505,0.8291,0.7265,1200,199999.99999999997,2026-09-18T20:00:45.590028
914,4,PC1,PC,5:4,5590.2,4472.1,45.0,0.0005,0.648,0.3957121,0.68,0.3981243,0.6,0.3770306,-0.3727,1.6979,0.005842,0.2405,0.824,0.7269,1200,199999.99999999997,2026-09-18T20:00:53.086632
915,4,PC1,PC,5:4,5590.2,4472.1,90.0,0.0005,0.632,0.39184,0.56,0.3902989,0.528,0.3701699,-0.1942,1.6436,0.013393,0.2429,0.8265,0.7375,1200,199999.99999999997,2026-09-18T20:01:00.557819
916,4,PC1,PC,5:4,5590.2,4472.1,135.0,0.0005,0.584,0.3949432,0.16,0.3498387,0.32,0.3622564,-0.2009,1.3912,0.006185,0.186,0.9156,0.8578,1200,199999.99999999997,2026-09-18T20:01:08.498905
917,4,PC1,PC,5:4,5590.2,4472.1,180.0,0.0005,0.648,0.3921532,0.68,0.39744,0.6,0.3748624,-0.3857,1.7073,0.005637,0.2524,0.8241,0.7293,1200,199999.99999999997,2026-09-18T20:01:17.161709
918,4,PC1,PC,5:4,5590.2,4472.1,225.0,0.0005,0.648,0.39502,0.68,0.3971369,0.6,0.3768786,-0.4046,1.6975,0.002341,0.2394,0.8335,0.7373,1200,199999.99999999997,2026-09-18T20:01:25.398956
919,4,PC1,PC,5:4,5590.2,4472.1,270.0,0.0005,0.592,0.3912936,0.184,0.3500099,0.32,0.3597837,-0.2038,1.401,0.003373,0.2131,0.9119,0.8544,1200,199999.99999999997,2026-09-18T20:01:33.685259
920,4,PC1,PC,5:4,5590.2,4472.1,315.0,0.0005,0.592,0.3913569,0.16,0.3489379,0.32,0.3598357,-0.2038,1.4009,0.002911,0.1969,0.9138,0.8568,1200,199999.99999999997,2026-09-18T20:01:41.436061
921,4,PP7,PP,5:2,7905.7,3162.3,0.0,0.0001,0.584,0.3986537,0.168,0.3505378,0.32,0.3651872,-33.3051,1.3802,0.002829,0.2597,0.9147,0.8634,1200,1000000.0,2026-09-18T20:01:49.610500
922,4,PP7,PP,5:2,7905.7,3162.3,45.0,0.0001,0.648,0.3928611,0.656,0.4056515,0.592,0.3808616,-26.507,1.6602,0.008129,0.3437,0.8372,0.7461,1200,1000000.0,2026-09-18T20:01:57.365654
923,4,PP7,PP,5:2,7905.7,3162.3,90.0,0.0001,0.648,0.3858938,0.672,0.4010633,0.6,0.3752013,-33.6297,1.7068,0.001492,0.3588,0.8368,0.7449,1200,1000000.0,2026-09-18T20:02:05.710313
924,4,PP7,PP,5:2,7905.7,3162.3,135.0,0.0001,0.576,0.3904614,0.152,0.3489271,0.32,0.3601333,-28.1284,1.3993,0.010138,0.2665,0.9117,0.8612,1200,1000000.0,2026-09-18T20:02:14.071954
925,4,PP7,PP,5:2,7905.7,3162.3,180.0,0.0001,0.648,0.3890506,0.664,0.3966626,0.6,0.3750159,-28.2241,1.7282,0.004457,0.3406,0.8386,0.7441,1200,1000000.0,2026-09-18T20:02:22.044683
926,4,PP7,PP,5:2,7905.7,3162.3,225.0,0.0001,0.584,0.3904008,0.248,0.3531704,0.352,0.3604228,-24.6401,1.4427,0.011979,0.2658,0.8974,0.845,1200,1000000.0,2026-09-18T20:02:30.304333
927,4,PP7,PP,5:2,7905.7,3162.3,270.0,0.0001,0.584,0.3551591,0.16,0.05786803,0.32,0.2034455,-23.7794,1.6119,0.007733,0.401,0.8452,0.6785,1200,1000000.0,2026-09-18T20:02:38.284902
928,4,PP7,PP,5:2,7905.7,3162.3,315.0,0.0001,0.584,0.3941377,0.152,0.3500492,0.32,0.3627855,-28.8709,1.3891,0.008133,0.265,0.9137,0.8622,1200,1000000.0,2026-09-18T20:02:46.315313
929,4,IR1,IR,√2:1,5946.0,4204.5,0.0,0.0002,0.648,0.3976981,0.672,0.3989221,0.608,0.3804099,-32.5542,1.6996,0.001751,0.3058,0.8415,0.7467,1200,500000.0,2026-09-18T20:02:54.142724
930,4,IR1,IR,√2:1,5946.0,4204.5,45.0,0.0002,0.648,0.3959952,0.672,0.3957758,0.608,0.3768229,-31.8283,1.7201,0.002416,0.3134,0.8278,0.7335,1200,500000.0,2026-09-18T20:03:02.575101
931,4,IR1,IR,√2:1,5946.0,4204.5,90.0,0.0002,0.584,0.3960716,0.168,0.3500524,0.32,0.3631355,-33.1189,1.3866,0.002358,0.2592,0.9122,0.8562,1200,500000.0,2026-09-18T20:03:10.599130
932,4,IR1,IR,√2:1,5946.0,4204.5,135.0,0.0002,0.664,0.3974641,0.68,0.398899,0.608,0.3800356,-33.0444,1.7014,0.001424,0.3179,0.8405,0.7447,1200,500000.0,2026-09-18T20:03:18.634531
933,4,IR1,IR,√2:1,5946.0,4204.5,180.0,0.0002,0.584,0.3893584,0.16,0.3488488,0.32,0.3589109,-32.9231,1.4055,0.002064,0.2686,0.9095,0.8551,1200,500000.0,2026-09-18T20:03:27.010210
934,4,IR1,IR,√2:1,5946.0,4204.5,225.0,0.0002,0.648,0.3899196,0.64,0.3907451,0.592,0.3717772,-14.3288,1.7229,0.004949,0.2898,0.8328,0.7462,1200,500000.0,2026-09-18T20:03:35.043305
935,4,IR1,IR,√2:1,5946.0,4204.5,270.0,0.0002,0.648,0.3961259,0.6720001,0.3960279,0.608,0.3769073,-32.6913,1.7192,0.001753,0.2995,0.8282,0.7329,1200,500000.0,2026-09-18T20:03:43.290377
936,4,IR1,IR,√2:1,5946.0,4204.5,315.0,0.0002,0.584,0.3530886,0.152,0.05805729,0.32,0.2017936,-25.3782,1.6244,0.005254,0.3718,0.8446,0.7167,1200,500000.0,2026-09-18T20:03:51.710275
937,4,CC1,CC,9:8,5303.3,4714.0,0.0,0.0005,0.656,0.3921393,0.68,0.3964128,0.608,0.3739032,-27.8132,1.7322,0.002661,0.2442,0.8189,0.7112,1200,199999.99999999997,2026-09-18T20:03:59.673185
938,4,CC1,CC,9:8,5303.3,4714.0,45.0,0.0005,0.592,0.3941048,0.152,0.3492303,0.32,0.3614109,-29.3799,1.3948,0.003334,0.1957,0.9141,0.8552,1200,199999.99999999997,2026-09-18T20:04:07.872981
939,4,CC1,CC,9:8,5303.3,4714.0,90.0,0.0005,0.656,0.3911787,0.68,0.3976191,0.608,0.3734208,-29.1964,1.732,0.001826,0.2433,0.814,0.7107,1200,199999.99999999997,2026-09-18T20:04:16.181907
940,4,CC1,CC,9:8,5303.3,4714.0,135.0,0.0005,0.592,0.3951023,0.152,0.3497796,0.32,0.3622283,-29.6673,1.3927,0.002122,0.1873,0.915,0.8566,1200,199999.99999999997,2026-09-18T20:04:24.782071
941,4,CC1,CC,9:8,5303.3,4714.0,180.0,0.0005,0.584,0.3929016,0.152,0.3492442,0.32,0.3607594,-29.4613,1.3964,0.003157,0.1997,0.9135,0.854,1200,199999.99999999997,2026-09-18T20:04:33.324105
942,4,CC1,CC,9:8,5303.3,4714.0,225.0,0.0005,0.584,0.3921841,0.152,0.3493339,0.32,0.3603768,-29.5134,1.3976,0.002688,0.1937,0.9133,0.8547,1200,199999.99999999997,2026-09-18T20:04:41.858917
943,4,CC1,CC,9:8,5303.3,4714.0,270.0,0.0005,0.592,0.3923591,0.16,0.3493539,0.32,0.3603239,-29.5309,1.3977,0.0027,0.1971,0.9137,0.8544,1200,199999.99999999997,2026-09-18T20:04:50.016283
944,4,CC1,CC,9:8,5303.3,4714.0,315.0,0.0005,0.584,0.3951107,0.16,0.3497897,0.32,0.3622124,-29.6789,1.3928,0.001852,0.1923,0.9157,0.8573,1200,199999.99999999997,2026-09-18T20:04:58.278872
945,4,CC6,CC,49:25,7000.0,3571.4,0.0,0.0001,0.632,0.3936987,0.56,0.3794445,0.528,0.3697386,-15.7309,1.6449,0.005454,0.2729,0.8509,0.7807,1200,1000000.0,2026-09-18T20:05:06.460112
946,4,CC6,CC,49:25,7000.0,3571.4,45.0,0.0001,0.576,0.3867124,0.168,0.3493847,0.32,0.3579613,-28.9754,1.4082,0.008855,0.2744,0.9064,0.8559,1200,1000000.0,2026-09-18T20:05:14.513166
947,4,CC6,CC,49:25,7000.0,3571.4,90.0,0.0001,0.576,0.3965303,0.248,0.3546598,0.352,0.3644962,-25.6435,1.4261,0.00771,0.2658,0.8996,0.8479,1200,1000000.0,2026-09-18T20:05:22.770248
948,4,CC6,CC,49:25,7000.0,3571.4,135.0,0.0001,1.002,0.5754146,nan,nan,nan,nan,-20.8255,1.413,0.001838,0.6238,0.9174,0.8703,1200,1000000.0,2026-09-18T20:05:31.057951
949,4,CC6,CC,49:25,7000.0,3571.4,180.0,0.0001,0.64,0.3863526,0.648,0.404764,0.576,0.3765763,-29.6334,1.6993,0.004141,0.3404,0.8279,0.7279,1200,1000000.0,2026-09-18T20:05:39.287054
950,4,CC6,CC,49:25,7000.0,3571.4,225.0,0.0001,0.632,0.3987341,0.616,0.3976904,0.544,0.3800954,-34.0518,1.5362,0.00181,0.2792,0.8395,0.8191,1200,1000000.0,2026-09-18T20:05:48.370507
951,4,CC6,CC,49:25,7000.0,3571.4,270.0,0.0001,0.616,0.3900911,0.584,0.3865863,0.48,0.3725625,-25.8709,1.7381,0.010707,0.3627,0.8575,0.743,1200,1000000.0,2026-09-18T20:05:57.010872
952,4,CC6,CC,49:25,7000.0,3571.4,315.0,0.0001,0.64,0.3894104,0.624,0.4027017,0.56,0.3776236,-33.9709,1.5889,0.001799,0.2962,0.8339,0.7868,1200,1000000.0,2026-09-18T20:06:05.610216
953,4,PC4,PC,7:4,6614.4,3779.6,0.0,0.0001,0.584,0.3936499,0.152,0.3495554,0.32,0.3620893,-34.6348,1.3934,0.002283,0.2685,0.9129,0.8608,1200,1000000.0,2026-09-18T20:06:13.911406
954,4,PC4,PC,7:4,6614.4,3779.6,45.0,0.0001,0.576,0.3892824,0.16,0.3488461,0.32,0.3593985,-34.5939,1.4008,0.002445,0.2695,0.9106,0.8591,1200,1000000.0,2026-09-18T20:06:22.084231
955,4,PC4,PC,7:4,6614.4,3779.6,90.0,0.0001,0.64,0.3921194,0.6720001,0.4108043,0.608,0.3822919,-34.8721,1.694,0.001523,0.3241,0.8305,0.7539,1200,1000000.0,2026-09-18T20:06:30.611242
956,4,PC4,PC,7:4,6614.4,3779.6,135.0,0.0001,0.584,0.3911296,0.2,0.3513011,0.336,0.3602868,-30.1292,1.4205,0.004042,0.2801,0.9004,0.8473,1200,1000000.0,2026-09-18T20:06:38.628450
957,4,PC4,PC,7:4,6614.4,3779.6,180.0,0.0001,0.584,0.389224,0.152,0.3488994,0.32,0.3595109,-34.5464,1.4001,0.002441,0.2722,0.9106,0.858,1200,1000000.0,2026-09-18T20:06:47.327494
958,4,PC4,PC,7:4,6614.4,3779.6,225.0,0.0001,0.64,0.3919566,0.632,0.3918931,0.592,0.3740159,-14.4518,1.7084,0.00112,0.2948,0.8389,0.763,1200,1000000.0,2026-09-18T20:06:55.912040
959,4,PC4,PC,7:4,6614.4,3779.6,270.0,0.0001,0.648,0.3916906,0.64,0.3916982,0.592,0.3732964,-14.4386,1.7116,0.00168,0.2861,0.8379,0.7636,1200,1000000.0,2026-09-18T20:07:04.335606
960,4,PC4,PC,7:4,6614.4,3779.6,315.0,0.0001,0.64,0.3899193,0.624,0.391519,0.592,0.3729882,-14.4221,1.7118,0.001437,0.3147,0.8411,0.7494,1200,1000000.0,2026-09-18T20:07:12.570800
961,5,IR4,IR,π/2:1,6266.6,3989.4,0.0,0.0002,0.584,0.3923926,0.152,0.3494385,0.32,0.3609382,-33.3558,1.3979,0.001376,0.2582,0.9119,0.8544,1200,500000.0,2026-09-18T20:07:20.583546
962,5,IR4,IR,π/2:1,6266.6,3989.4,45.0,0.0002,0.648,0.3928511,0.68,0.3914208,0.608,0.3744102,-31.6113,1.7285,0.002406,0.3148,0.8395,0.7535,1200,500000.0,2026-09-18T20:07:28.714034
963,5,IR4,IR,π/2:1,6266.6,3989.4,90.0,0.0002,0.592,0.3919801,0.152,0.3490215,0.32,0.3607399,-33.44,1.3951,0.001212,0.2565,0.9122,0.8562,1200,500000.0,2026-09-18T20:07:37.083336
964,5,IR4,IR,π/2:1,6266.6,3989.4,135.0,0.0002,0.584,0.392072,0.152,0.3495006,0.32,0.3608495,-33.295,1.3974,0.001453,0.2553,0.912,0.8546,1200,500000.0,2026-09-18T20:07:45.386963
965,5,IR4,IR,π/2:1,6266.6,3989.4,180.0,0.0002,0.584,0.3918152,0.152,0.3493416,0.32,0.3608177,-33.3686,1.3949,0.001471,0.2595,0.9127,0.8568,1200,500000.0,2026-09-18T20:07:54.167350
966,5,IR4,IR,π/2:1,6266.6,3989.4,225.0,0.0002,0.584,0.3922127,0.152,0.3490254,0.32,0.360765,-33.2881,1.3984,0.001426,0.2651,0.9119,0.8572,1200,500000.0,2026-09-18T20:08:02.654002
967,5,IR4,IR,π/2:1,6266.6,3989.4,270.0,0.0002,0.584,0.3920082,0.152,0.3488503,0.32,0.3605175,-33.3857,1.3969,0.001275,0.2649,0.9122,0.8547,1200,500000.0,2026-09-18T20:08:10.551205
968,5,IR4,IR,π/2:1,6266.6,3989.4,315.0,0.0002,0.584,0.3920279,0.152,0.3490155,0.32,0.3607068,-33.3139,1.3972,0.001536,0.2563,0.9127,0.857,1200,500000.0,2026-09-18T20:08:19.325492
969,5,PP5,PP,13:11,5435.6,4599.3,0.0,0.0005,0.584,0.3950523,0.152,0.3499254,0.32,0.3623358,-27.5997,1.3912,0.006289,0.1905,0.9152,0.8564,1200,199999.99999999997,2026-09-18T20:08:27.427322
970,5,PP5,PP,13:11,5435.6,4599.3,45.0,0.0005,0.648,0.3944223,0.68,0.3994154,0.608,0.3773476,-27.8467,1.7179,0.00176,0.2458,0.8279,0.7298,1200,199999.99999999997,2026-09-18T20:08:35.748838
971,5,PP5,PP,13:11,5435.6,4599.3,90.0,0.0005,0.648,0.394472,0.688,0.3973706,0.608,0.3764988,-29.3583,1.7216,0.001162,0.2516,0.8263,0.7233,1200,199999.99999999997,2026-09-18T20:08:43.748071
972,5,PP5,PP,13:11,5435.6,4599.3,135.0,0.0005,0.584,0.3936712,0.152,0.3492617,0.32,0.3614001,-27.147,1.3945,0.007496,0.189,0.9141,0.8559,1200,199999.99999999997,2026-09-18T20:08:51.581118
973,5,PP5,PP,13:11,5435.6,4599.3,180.0,0.0005,0.672,0.3923631,0.68,0.3993283,0.608,0.3764637,-28.2125,1.7215,0.002574,0.2575,0.8285,0.7257,1200,199999.99999999997,2026-09-18T20:08:59.916953
974,5,PP5,PP,13:11,5435.6,4599.3,225.0,0.0005,0.592,0.3938858,0.16,0.349272,0.32,0.3616,-27.2738,1.3938,0.007108,0.1945,0.9146,0.855,1200,199999.99999999997,2026-09-18T20:09:08.575365
975,5,PP5,PP,13:11,5435.6,4599.3,270.0,0.0005,0.592,0.3916112,0.168,0.3492219,0.32,0.3600532,-27.7025,1.3996,0.005186,0.2136,0.9133,0.8545,1200,199999.99999999997,2026-09-18T20:09:16.772209
976,5,PP5,PP,13:11,5435.6,4599.3,315.0,0.0005,0.592,0.3916577,0.16,0.3489587,0.32,0.3599936,-27.5729,1.3998,0.005207,0.1934,0.9136,0.8568,1200,199999.99999999997,2026-09-18T20:09:25.262267
977,5,CC5,CC,25:9,8333.3,3000.0,0.0,0.0001,0.576,0.3905887,0.152,0.3491303,0.32,0.3604982,-34.5271,1.3977,0.001141,0.2592,0.9124,0.8603,1200,1000000.0,2026-09-18T20:09:33.357312
978,5,CC5,CC,25:9,8333.3,3000.0,45.0,0.0001,0.576,0.3912882,0.152,0.3487404,0.32,0.3605979,-34.4462,1.3991,0.001201,0.2605,0.9124,0.8593,1200,1000000.0,2026-09-18T20:09:41.811647
979,5,CC5,CC,25:9,8333.3,3000.0,90.0,0.0001,0.6,0.3911319,0.464,0.3685011,0.48,0.3652339,-18.4491,1.6005,0.002127,0.2687,0.8672,0.8055,1200,1000000.0,2026-09-18T20:09:49.641225
980,5,CC5,CC,25:9,8333.3,3000.0,135.0,0.0001,0.648,0.3904307,0.672,0.3869089,0.608,0.3711303,-30.0932,1.7439,0.003601,0.3458,0.8368,0.7399,1200,1000000.0,2026-09-18T20:09:57.870514
981,5,CC5,CC,25:9,8333.3,3000.0,180.0,0.0001,0.576,0.3906222,0.176,0.3496671,0.32,0.3603424,-33.7598,1.3985,0.001666,0.2687,0.9088,0.8578,1200,1000000.0,2026-09-18T20:10:06.190451
982,5,CC5,CC,25:9,8333.3,3000.0,225.0,0.0001,0.64,0.3889265,0.6720001,0.3788666,0.6,0.3646758,-31.8739,1.7558,0.002634,0.3515,0.8179,0.7235,1200,1000000.0,2026-09-18T20:10:14.584974
983,5,CC5,CC,25:9,8333.3,3000.0,270.0,0.0001,0.648,0.392219,0.68,0.4078857,0.608,0.381227,-30.6897,1.6984,0.003858,0.324,0.8337,0.7574,1200,1000000.0,2026-09-18T20:10:22.395484
984,5,CC5,CC,25:9,8333.3,3000.0,315.0,0.0001,0.584,0.3509276,0.16,0.05739635,0.32,0.2008148,-29.0202,1.633,0.001108,0.3957,0.8411,0.6837,1200,1000000.0,2026-09-18T20:10:30.504616
985,5,NC3,NC,15:10,6123.7,4082.5,0.0,0.0002,0.592,0.3938219,0.152,0.3492841,0.32,0.3616563,-30.2459,1.3937,0.006454,0.2659,0.9127,0.8596,1200,500000.0,2026-09-18T20:10:38.821284
986,5,NC3,NC,15:10,6123.7,4082.5,45.0,0.0002,0.584,0.3897213,0.152,0.3487365,0.32,0.3594514,-30.8462,1.4016,0.005594,0.2671,0.9109,0.8558,1200,500000.0,2026-09-18T20:10:46.914924
987,5,NC3,NC,15:10,6123.7,4082.5,90.0,0.0002,0.648,0.3953108,0.632,0.3914372,0.584,0.3749264,-14.3289,1.7058,0.002886,0.2728,0.8352,0.7485,1200,500000.0,2026-09-18T20:10:54.980941
988,5,NC3,NC,15:10,6123.7,4082.5,135.0,0.0002,0.64,0.3895094,0.68,0.4005215,0.5840001,0.3770005,-32.9447,1.6772,0.001344,0.3014,0.8379,0.7533,1200,500000.0,2026-09-18T20:11:03.361217
989,5,NC3,NC,15:10,6123.7,4082.5,180.0,0.0002,0.584,0.3958571,0.152,0.3499155,0.32,0.3631828,-32.2811,1.3886,0.003706,0.2624,0.9144,0.8603,1200,500000.0,2026-09-18T20:11:11.617074
990,5,NC3,NC,15:10,6123.7,4082.5,225.0,0.0002,0.584,0.3959596,0.184,0.3508585,0.32,0.3633867,-31.7267,1.3879,0.004032,0.2726,0.9119,0.8578,1200,500000.0,2026-09-18T20:11:19.911270
991,5,NC3,NC,15:10,6123.7,4082.5,270.0,0.0002,0.648,0.390393,0.672,0.3943434,0.592,0.3728524,-28.1978,1.7146,0.006546,0.2993,0.8269,0.7226,1200,500000.0,2026-09-18T20:11:27.692208
992,5,NC3,NC,15:10,6123.7,4082.5,315.0,0.0002,0.648,0.3951539,0.656,0.399783,0.576,0.3781954,-28.0222,1.6295,0.00657,0.3204,0.8303,0.7488,1200,500000.0,2026-09-18T20:11:35.855869
993,5,PP1,PP,3:2,6123.7,4082.5,0.0,0.0002,0.648,0.3964748,0.672,0.3957326,0.592,0.3777441,-33.0343,1.6738,0.001217,0.3123,0.8345,0.7457,1200,500000.0,2026-09-18T20:11:43.960985
994,5,PP1,PP,3:2,6123.7,4082.5,45.0,0.0002,0.648,0.3899211,0.672,0.396868,0.608,0.3752477,-31.7767,1.7283,0.002057,0.3174,0.8392,0.7444,1200,500000.0,2026-09-18T20:11:52.455101
995,5,PP1,PP,3:2,6123.7,4082.5,90.0,0.0002,0.592,0.3888715,0.248,0.3560025,0.352,0.3597428,-24.6386,1.4447,0.013592,0.2721,0.8884,0.8321,1200,500000.0,2026-09-18T20:12:00.472447
996,5,PP1,PP,3:2,6123.7,4082.5,135.0,0.0002,0.648,0.3915884,0.664,0.3908754,0.5840001,0.3722774,-29.2794,1.6955,0.00508,0.3196,0.8274,0.7354,1200,500000.0,2026-09-18T20:12:08.513544
997,5,PP1,PP,3:2,6123.7,4082.5,180.0,0.0002,0.584,0.3942651,0.152,0.3498473,0.32,0.3622738,-30.672,1.3916,0.006095,0.2608,0.9132,0.8573,1200,500000.0,2026-09-18T20:12:16.791806
998,5,PP1,PP,3:2,6123.7,4082.5,225.0,0.0002,0.608,0.3940367,0.464,0.3716533,0.48,0.3670897,-18.1095,1.5909,0.004652,0.258,0.86,0.7944,1200,500000.0,2026-09-18T20:12:24.656474
999,5,PP1,PP,3:2,6123.7,4082.5,270.0,0.0002,0.64,0.3966551,0.656,0.3936066,0.568,0.3769794,-31.1503,1.6129,0.00289,0.3226,0.8355,0.756,1200,500000.0,2026-09-18T20:12:33.165484
1000,5,PP1,PP,3:2,6123.7,4082.5,315.0,0.0002,1.002,0.5746859,nan,nan,nan,nan,-20.7851,1.3548,0.003785,0.4606,0.9371,0.8807,1200,500000.0,2026-09-18T20:12:41.830281
1001,5,PC5,PC,11:4,8291.6,3015.1,0.0,0.0001,0.576,0.3917179,0.152,0.3492027,0.32,0.3611382,-34.3653,1.3967,0.001987,0.2631,0.9126,0.8594,1200,1000000.0,2026-09-18T20:12:49.963194
1002,5,PC5,PC,11:4,8291.6,3015.1,45.0,0.0001,0.648,0.389264,0.672,0.3752964,0.608,0.363912,-33.8538,1.78,0.001446,0.3501,0.8266,0.7457,1200,1000000.0,2026-09-18T20:12:57.878054
1003,5,PC5,PC,11:4,8291.6,3015.1,90.0,0.0001,0.648,0.3934756,0.664,0.3942807,0.608,0.3759543,-28.7852,1.7249,0.00485,0.3471,0.8371,0.7418,1200,1000000.0,2026-09-18T20:13:06.183619
1004,5,PC5,PC,11:4,8291.6,3015.1,135.0,0.0001,0.64,0.3921204,0.664,0.4132795,0.6,0.384699,-34.5021,1.6836,0.00153,0.3289,0.8412,0.7462,1200,1000000.0,2026-09-18T20:13:14.172929
1005,5,PC5,PC,11:4,8291.6,3015.1,180.0,0.0001,0.64,0.3926317,0.664,0.3923393,0.608,0.3748174,-30.1667,1.7306,0.003389,0.3382,0.8434,0.7535,1200,1000000.0,2026-09-18T20:13:22.138818
1006,5,PC5,PC,11:4,8291.6,3015.1,225.0,0.0001,0.632,0.3927151,0.664,0.3938823,0.608,0.376725,-29.5108,1.7204,0.003703,0.3367,0.852,0.7532,1200,1000000.0,2026-09-18T20:13:30.413600
1007,5,PC5,PC,11:4,8291.6,3015.1,270.0,0.0001,0.648,0.3925363,0.672,0.4019523,0.608,0.3796455,-28.7695,1.7059,0.004704,0.3417,0.8427,0.7715,1200,1000000.0,2026-09-18T20:13:38.336836
1008,5,PC5,PC,11:4,8291.6,3015.1,315.0,0.0001,0.648,0.3927322,0.68,0.3899156,0.608,0.3733276,-29.2064,1.737,0.003971,0.3513,0.834,0.7376,1200,1000000.0,2026-09-18T20:13:46.798143
1009,5,CC4,CC,15:8,6846.5,3651.5,0.0,0.0001,0.584,0.3939818,0.208,0.3521066,0.336,0.3624154,-29.1569,1.4119,0.007204,0.2759,0.9041,0.8497,1200,1000000.0,2026-09-18T20:13:55.467744
1010,5,CC4,CC,15:8,6846.5,3651.5,45.0,0.0001,0.576,0.3875469,0.152,0.3481384,0.32,0.3578674,-33.1998,1.4097,0.003565,0.2717,0.9081,0.8569,1200,1000000.0,2026-09-18T20:14:03.895333
1011,5,CC4,CC,15:8,6846.5,3651.5,90.0,0.0001,0.584,0.3559763,0.152,0.05787497,0.32,0.2037207,-27.7509,1.6077,0.003901,0.3986,0.8467,0.6974,1200,1000000.0,2026-09-18T20:14:12.091720
1012,5,CC4,CC,15:8,6846.5,3651.5,135.0,0.0001,0.584,0.4297475,0.16,0.6070414,0.32,0.5050817,-36.1627,1.2821,0.003521,0.2019,0.9181,0.883,1200,1000000.0,2026-09-18T20:14:20.633582
1013,5,CC4,CC,15:8,6846.5,3651.5,180.0,0.0001,0.584,0.3959005,0.152,0.3494674,0.32,0.3633474,-32.9718,1.3859,0.003902,0.2658,0.9137,0.862,1200,1000000.0,2026-09-18T20:14:28.744268
1014,5,CC4,CC,15:8,6846.5,3651.5,225.0,0.0001,0.576,0.3953346,0.152,0.3500858,0.32,0.3633837,-32.8766,1.3859,0.003467,0.2685,0.9131,0.8615,1200,1000000.0,2026-09-18T20:14:37.376477
1015,5,CC4,CC,15:8,6846.5,3651.5,270.0,0.0001,0.584,0.3917891,0.152,0.3492842,0.32,0.361044,-30.9966,1.3958,0.006228,0.2612,0.9133,0.8621,1200,1000000.0,2026-09-18T20:14:45.946882
1016,5,CC4,CC,15:8,6846.5,3651.5,315.0,0.0001,0.584,0.3965067,0.168,0.3498147,0.32,0.3633784,-33.5109,1.3856,0.003433,0.265,0.9129,0.8606,1200,1000000.0,2026-09-18T20:14:54.134485
1017,5,PP2,PP,5:3,6455.0,3873.0,0.0,0.0001,0.592,0.3895933,0.336,0.3577721,0.416,0.3607931,-22.144,1.5293,0.005339,0.2737,0.8832,0.8297,1200,1000000.0,2026-09-18T20:15:02.401747
1018,5,PP2,PP,5:3,6455.0,3873.0,45.0,0.0001,0.648,0.3976805,0.656,0.3982641,0.608,0.3800253,-25.6294,1.7053,0.008721,0.3521,0.8403,0.75,1200,1000000.0,2026-09-18T20:15:10.518072
1019,5,PP2,PP,5:3,6455.0,3873.0,90.0,0.0001,0.6,0.3975206,0.464,0.3693105,0.48,0.3688472,-18.4827,1.5844,0.002286,0.2738,0.8725,0.8119,1200,1000000.0,2026-09-18T20:15:18.761285
1020,5,PP2,PP,5:3,6455.0,3873.0,135.0,0.0001,0.64,0.3945496,0.68,0.3926681,0.592,0.3752622,-25.3136,1.7047,0.008691,0.3305,0.8375,0.7563,1200,1000000.0,2026-09-18T20:15:26.951940
1021,5,PP2,PP,5:3,6455.0,3873.0,180.0,0.0001,0.584,0.3885237,0.152,0.3490363,0.32,0.358786,-30.735,1.404,0.005597,0.2744,0.9088,0.8583,1200,1000000.0,2026-09-18T20:15:35.420361
1022,5,PP2,PP,5:3,6455.0,3873.0,225.0,0.0001,0.584,0.3919433,0.152,0.3487769,0.32,0.3603263,-30.3025,1.3986,0.006736,0.2707,0.9094,0.8553,1200,1000000.0,2026-09-18T20:15:43.237800
1023,5,PP2,PP,5:3,6455.0,3873.0,270.0,0.0001,0.584,0.3975308,0.152,0.3499925,0.32,0.3643197,-33.3773,1.3846,0.003416,0.2699,0.9157,0.865,1200,1000000.0,2026-09-18T20:15:51.325192
1024,5,PP2,PP,5:3,6455.0,3873.0,315.0,0.0001,0.584,0.3833508,0.152,0.3475365,0.32,0.3557291,-33.7367,1.4155,0.00305,0.2751,0.9083,0.8591,1200,1000000.0,2026-09-18T20:15:59.349452
1025,5,NC1,NC,4:2,7071.1,3535.5,0.0,0.0001,0.64,0.3840736,0.624,0.3882231,0.584,0.367608,-14.3806,1.7429,0.002545,0.3182,0.8293,0.7396,1200,1000000.0,2026-09-18T20:16:07.613082
1026,5,NC1,NC,4:2,7071.1,3535.5,45.0,0.0001,0.64,0.4004702,0.632,0.3911456,0.584,0.3780627,-14.5177,1.6939,0.002887,0.2892,0.8416,0.7593,1200,1000000.0,2026-09-18T20:16:15.913089
1027,5,NC1,NC,4:2,7071.1,3535.5,90.0,0.0001,0.632,0.3853487,0.608,0.399659,0.52,0.3740784,-27.9679,1.7315,0.005771,0.3868,0.8304,0.692,1200,1000000.0,2026-09-18T20:16:23.790992
1028,5,NC1,NC,4:2,7071.1,3535.5,135.0,0.0001,0.632,0.3892051,0.608,0.3871117,0.52,0.369564,-30.7983,1.7549,0.003176,0.4012,0.8243,0.6809,1200,1000000.0,2026-09-18T20:16:32.009242
1029,5,NC1,NC,4:2,7071.1,3535.5,180.0,0.0001,0.616,0.3920389,0.624,0.3896959,0.528,0.3723712,-32.8325,1.7413,0.002464,0.3861,0.827,0.6823,1200,1000000.0,2026-09-18T20:16:40.161696
1030,5,NC1,NC,4:2,7071.1,3535.5,225.0,0.0001,0.584,0.3832106,0.248,0.3523187,0.352,0.3560014,-26.1608,1.4609,0.003717,0.2766,0.8918,0.8427,1200,1000000.0,2026-09-18T20:16:48.561720
1031,5,NC1,NC,4:2,7071.1,3535.5,270.0,0.0001,0.64,0.3915209,0.624,0.4090289,0.544,0.3814228,-29.8266,1.551,0.004092,0.2909,0.8328,0.7742,1200,1000000.0,2026-09-18T20:16:56.787438
1032,5,NC1,NC,4:2,7071.1,3535.5,315.0,0.0001,0.632,0.40229,0.624,0.401016,0.52,0.3839761,-31.6864,1.4789,0.002938,0.2849,0.8452,0.8061,1200,1000000.0,2026-09-18T20:17:04.651190
1033,5,CC7,CC,36:25,6000.0,4166.7,0.0,0.0002,0.6,0.3910895,0.464,0.3716126,0.48,0.3655087,-17.9301,1.5985,0.00762,0.2736,0.8602,0.7925,1200,500000.0,2026-09-18T20:17:12.961592
1034,5,CC7,CC,36:25,6000.0,4166.7,45.0,0.0002,0.648,0.3908369,0.672,0.3960344,0.608,0.3745669,-29.8115,1.7286,0.004027,0.2951,0.8313,0.7391,1200,500000.0,2026-09-18T20:17:20.854568
1035,5,CC7,CC,36:25,6000.0,4166.7,90.0,0.0002,0.584,0.3527655,0.16,0.05796367,0.32,0.2014779,-23.9349,1.6274,0.007691,0.3743,0.849,0.7235,1200,500000.0,2026-09-18T20:17:29.766369
1036,5,CC7,CC,36:25,6000.0,4166.7,135.0,0.0002,0.648,0.3969877,0.68,0.396916,0.608,0.3770506,-32.5341,1.7201,0.002145,0.302,0.8209,0.7326,1200,500000.0,2026-09-18T20:17:38.349482
1037,5,CC7,CC,36:25,6000.0,4166.7,180.0,0.0002,0.584,0.3952409,0.152,0.3494217,0.32,0.3627922,-30.596,1.3888,0.006418,0.2593,0.914,0.8601,1200,500000.0,2026-09-18T20:17:46.778191
1038,5,CC7,CC,36:25,6000.0,4166.7,225.0,0.0002,0.616,0.390251,0.56,0.3822171,0.528,0.3686035,-15.6502,1.6484,0.006613,0.2771,0.8442,0.7534,1200,500000.0,2026-09-18T20:17:54.982055
1039,5,CC7,CC,36:25,6000.0,4166.7,270.0,0.0002,0.592,0.3952785,0.152,0.3498793,0.32,0.3628343,-30.7363,1.3886,0.005711,0.2605,0.9139,0.8588,1200,500000.0,2026-09-18T20:18:03.188506
1040,5,CC7,CC,36:25,6000.0,4166.7,315.0,0.0002,0.648,0.3901155,0.672,0.3943401,0.608,0.3728849,-30.1211,1.7359,0.003811,0.3134,0.8229,0.724,1200,500000.0,2026-09-18T20:18:11.745160
1041,5,PP8,PP,11:3,9574.3,2611.2,0.0,0.0001,0.64,0.3846334,0.6720001,0.3904768,0.608,0.3697568,-31.5039,1.7539,0.00235,0.3616,0.8348,0.7531,1200,1000000.0,2026-09-18T20:18:19.810489
1042,5,PP8,PP,11:3,9574.3,2611.2,45.0,0.0001,0.632,0.3855575,0.656,0.3989153,0.608,0.3738452,-31.2448,1.7328,0.002713,0.3306,0.8309,0.7487,1200,1000000.0,2026-09-18T20:18:27.951492
1043,5,PP8,PP,11:3,9574.3,2611.2,90.0,0.0001,0.576,0.390425,0.16,0.3484671,0.312,0.3599759,-28.2927,1.3999,0.009538,0.2549,0.913,0.8641,1200,1000000.0,2026-09-18T20:18:36.212147
1044,5,PP8,PP,11:3,9574.3,2611.2,135.0,0.0001,0.576,0.3840323,0.152,0.3477549,0.312,0.3561525,-32.7991,1.4155,0.002903,0.2663,0.9092,0.8608,1200,1000000.0,2026-09-18T20:18:44.785927
1045,5,PP8,PP,11:3,9574.3,2611.2,180.0,0.0001,0.64,0.39196,0.656,0.4001384,0.6,0.3778835,-30.7409,1.7139,0.003134,0.3298,0.8367,0.7558,1200,1000000.0,2026-09-18T20:18:53.365439
1046,5,PP8,PP,11:3,9574.3,2611.2,225.0,0.0001,0.624,0.3859358,0.64,0.3807742,0.576,0.3674338,-32.2775,1.7201,0.002355,0.309,0.8537,0.7817,1200,1000000.0,2026-09-18T20:19:02.026942
1047,5,PP8,PP,11:3,9574.3,2611.2,270.0,0.0001,0.576,0.3915225,0.152,0.3490238,0.312,0.3611896,-28.7252,1.3952,0.008519,0.2613,0.9141,0.863,1200,1000000.0,2026-09-18T20:19:10.196005
1048,5,PP8,PP,11:3,9574.3,2611.2,315.0,0.0001,0.64,0.3941984,0.6720001,0.3988246,0.608,0.3775889,-26.6523,1.7163,0.007866,0.3106,0.8278,0.7424,1200,1000000.0,2026-09-18T20:19:18.905139
1049,5,CC2,CC,25:16,6250.0,4000.0,0.0,0.0002,0.632,0.3925288,0.576,0.3827832,0.552,0.3697701,-15.6158,1.6661,0.003162,0.2784,0.8443,0.7633,1200,500000.0,2026-09-18T20:19:27.106057
1050,5,CC2,CC,25:16,6250.0,4000.0,45.0,0.0002,0.648,0.3944883,0.68,0.3970521,0.608,0.3784962,-29.6098,1.7128,0.004306,0.3044,0.8449,0.7491,1200,500000.0,2026-09-18T20:19:36.440002
1051,5,CC2,CC,25:16,6250.0,4000.0,90.0,0.0002,0.584,0.3927797,0.256,0.3565285,0.352,0.362118,-25.0174,1.4377,0.005047,0.2693,0.8909,0.8313,1200,500000.0,2026-09-18T20:19:44.613141
1052,5,CC2,CC,25:16,6250.0,4000.0,135.0,0.0002,0.584,0.3927637,0.16,0.3493565,0.32,0.361288,-33.836,1.3963,0.000575,0.2505,0.912,0.857,1200,500000.0,2026-09-18T20:19:52.706526
1053,5,CC2,CC,25:16,6250.0,4000.0,180.0,0.0002,0.664,0.3926716,0.68,0.4027035,0.608,0.3783882,-33.0647,1.7115,0.001565,0.2903,0.8277,0.737,1200,500000.0,2026-09-18T20:20:00.899733
1054,5,CC2,CC,25:16,6250.0,4000.0,225.0,0.0002,0.584,0.3922317,0.168,0.3499768,0.32,0.360514,-32.4626,1.3978,0.001059,0.2723,0.9099,0.855,1200,500000.0,2026-09-18T20:20:09.002744
1055,5,CC2,CC,25:16,6250.0,4000.0,270.0,0.0002,0.64,0.3919161,0.648,0.3751849,0.6,0.3669587,-32.4046,1.7662,0.001677,0.2818,0.8464,0.7651,1200,500000.0,2026-09-18T20:20:17.300649
1056,5,CC2,CC,25:16,6250.0,4000.0,315.0,0.0002,0.584,0.3910006,0.216,0.3515587,0.336,0.360306,-29.7813,1.419,0.002129,0.2708,0.904,0.8485,1200,500000.0,2026-09-18T20:20:25.506907
1057,5,PP4,PP,11:7,6267.8,3988.6,0.0,0.0002,0.584,0.392421,0.152,0.3489739,0.32,0.3609541,-33.4449,1.398,0.001217,0.2578,0.9123,0.857,1200,500000.0,2026-09-18T20:20:33.842012
1058,5,PP4,PP,11:7,6267.8,3988.6,45.0,0.0002,0.584,0.3921891,0.152,0.3489404,0.32,0.3605831,-33.2729,1.3989,0.001559,0.2618,0.9122,0.8564,1200,500000.0,2026-09-18T20:20:41.394824
1059,5,PP4,PP,11:7,6267.8,3988.6,90.0,0.0002,0.584,0.3921846,0.152,0.3495437,0.32,0.3608772,-33.3227,1.3949,0.001471,0.263,0.9121,0.856,1200,500000.0,2026-09-18T20:20:49.379233
1060,5,PP4,PP,11:7,6267.8,3988.6,135.0,0.0002,0.648,0.394336,0.68,0.4028277,0.608,0.3806353,-32.2116,1.7024,0.002134,0.3063,0.8402,0.7482,1200,500000.0,2026-09-18T20:20:57.570323
1061,5,PP4,PP,11:7,6267.8,3988.6,180.0,0.0002,0.648,0.3929429,0.664,0.4020121,0.608,0.3783915,-31.4767,1.7111,0.002876,0.3039,0.8255,0.7294,1200,500000.0,2026-09-18T20:21:06.338425
1062,5,PP4,PP,11:7,6267.8,3988.6,225.0,0.0002,0.656,0.3947393,0.6720001,0.4042434,0.608,0.3816819,-32.8514,1.7,0.001536,0.2984,0.8432,0.7503,1200,500000.0,2026-09-18T20:21:14.730907
1063,5,PP4,PP,11:7,6267.8,3988.6,270.0,0.0002,0.584,0.3921342,0.152,0.3491664,0.32,0.3607618,-33.2963,1.3984,0.001459,0.2575,0.9115,0.8553,1200,500000.0,2026-09-18T20:21:23.287545
1064,5,PP4,PP,11:7,6267.8,3988.6,315.0,0.0002,0.648,0.3930685,0.672,0.3965298,0.5840001,0.3763586,-33.1348,1.6763,0.000894,0.3069,0.8325,0.7452,1200,500000.0,2026-09-18T20:21:31.868086
1065,5,PC6,PC,13:4,9013.9,2773.5,0.0,0.0001,0.648,0.3862137,0.672,0.3898154,0.608,0.3702412,-28.8263,1.7485,0.004805,0.3455,0.8364,0.757,1200,1000000.0,2026-09-18T20:21:40.409895
1066,5,PC6,PC,13:4,9013.9,2773.5,45.0,0.0001,0.64,0.3906735,0.664,0.3807021,0.6,0.3668618,-28.9946,1.7458,0.00411,0.3402,0.8271,0.7442,1200,1000000.0,2026-09-18T20:21:48.903862
1067,5,PC6,PC,13:4,9013.9,2773.5,90.0,0.0001,0.632,0.3882787,0.648,0.3972084,0.584,0.376766,-34.1329,1.6961,0.001726,0.2888,0.8579,0.7931,1200,1000000.0,2026-09-18T20:21:57.087579
1068,5,PC6,PC,13:4,9013.9,2773.5,135.0,0.0001,0.576,0.3899759,0.152,0.34869,0.32,0.359842,-31.7292,1.4002,0.004539,0.2657,0.9104,0.8594,1200,1000000.0,2026-09-18T20:22:05.037081
1069,5,PC6,PC,13:4,9013.9,2773.5,180.0,0.0001,0.576,0.3932948,0.344,0.3589941,0.408,0.3639389,-22.4475,1.518,0.003986,0.2594,0.8889,0.8357,1200,1000000.0,2026-09-18T20:22:13.015793
1070,5,PC6,PC,13:4,9013.9,2773.5,225.0,0.0001,0.576,0.3937865,0.152,0.3493795,0.32,0.3622846,-33.6076,1.3925,0.002651,0.2601,0.9155,0.8659,1200,1000000.0,2026-09-18T20:22:21.200972
1071,5,PC6,PC,13:4,9013.9,2773.5,270.0,0.0001,0.576,0.3938539,0.152,0.349366,0.32,0.3622727,-33.656,1.3925,0.002781,0.2586,0.9156,0.8654,1200,1000000.0,2026-09-18T20:22:29.289771
1072,5,PC6,PC,13:4,9013.9,2773.5,315.0,0.0001,0.576,0.3915253,0.152,0.3496213,0.312,0.361134,-31.6469,1.3959,0.004323,0.2618,0.9117,0.8609,1200,1000000.0,2026-09-18T20:22:37.308033
1073,5,PC4,PC,7:4,6614.4,3779.6,0.0,0.0001,0.576,0.3887194,0.152,0.3482399,0.32,0.3590705,-34.5802,1.4019,0.002242,0.2736,0.9108,0.8586,1200,1000000.0,2026-09-18T20:22:45.675886
1074,5,PC4,PC,7:4,6614.4,3779.6,45.0,0.0001,0.64,0.391258,0.656,0.409112,0.608,0.3810692,-33.7671,1.6991,0.002068,0.3173,0.8264,0.745,1200,1000000.0,2026-09-18T20:22:54.264829
1075,5,PC4,PC,7:4,6614.4,3779.6,90.0,0.0001,0.584,0.3498054,0.152,0.05708505,0.32,0.2004116,-28.8946,1.6338,0.002248,0.4174,0.8391,0.6658,1200,1000000.0,2026-09-18T20:23:02.151770
1076,5,PC4,PC,7:4,6614.4,3779.6,135.0,0.0001,0.576,0.3906649,0.16,0.3492288,0.32,0.360109,-34.2535,1.3989,0.002581,0.274,0.9092,0.8571,1200,1000000.0,2026-09-18T20:23:10.369166
1077,5,PC4,PC,7:4,6614.4,3779.6,180.0,0.0001,0.584,0.3886408,0.152,0.3483996,0.32,0.3590785,-34.6504,1.4017,0.002412,0.2701,0.9107,0.8591,1200,1000000.0,2026-09-18T20:23:18.884047
1078,5,PC4,PC,7:4,6614.4,3779.6,225.0,0.0001,0.584,0.3507608,0.152,0.0570147,0.32,0.2004196,-28.8584,1.6346,0.002571,0.4167,0.8445,0.6946,1200,1000000.0,2026-09-18T20:23:27.441937
1079,5,PC4,PC,7:4,6614.4,3779.6,270.0,0.0001,0.648,0.3931785,0.656,0.3908428,0.608,0.3723892,-29.6691,1.7417,0.004763,0.3475,0.8211,0.7262,1200,1000000.0,2026-09-18T20:23:36.092158
1080,5,PC4,PC,7:4,6614.4,3779.6,315.0,0.0001,0.5840001,0.3936306,0.152,0.3494779,0.32,0.3618446,-34.5306,1.3942,0.002477,0.2679,0.9123,0.8602,1200,1000000.0,2026-09-18T20:23:44.374348
1081,5,IR1,IR,√2:1,5946.0,4204.5,0.0,0.0002,0.616,0.392759,0.464,0.3716981,0.48,0.3664078,-18.0717,1.594,0.010702,0.2694,0.8625,0.7949,1200,500000.0,2026-09-18T20:23:52.791308
1082,5,IR1,IR,√2:1,5946.0,4204.5,45.0,0.0002,0.584,0.3945262,0.16,0.3496281,0.32,0.3623937,-31.8314,1.3898,0.004536,0.257,0.9133,0.8576,1200,500000.0,2026-09-18T20:24:00.978509
1083,5,IR1,IR,√2:1,5946.0,4204.5,90.0,0.0002,0.592,0.3838175,0.624,0.3899145,0.52,0.3580405,-27.4459,1.6758,0.016842,0.2444,0.8816,0.625,1200,500000.0,2026-09-18T20:24:09.469167
1084,5,IR1,IR,√2:1,5946.0,4204.5,135.0,0.0002,0.608,0.3929155,0.464,0.3720039,0.48,0.3666722,-18.0411,1.593,0.006104,0.2675,0.8618,0.7965,1200,500000.0,2026-09-18T20:24:17.666597
1085,5,IR1,IR,√2:1,5946.0,4204.5,180.0,0.0002,0.592,0.3896841,0.176,0.3495353,0.32,0.3593175,-31.4348,1.4037,0.004155,0.2787,0.9073,0.852,1200,500000.0,2026-09-18T20:24:25.798170
1086,5,IR1,IR,√2:1,5946.0,4204.5,225.0,0.0002,0.584,0.3933866,0.152,0.3489252,0.32,0.3615693,-31.0033,1.3934,0.005581,0.2625,0.9135,0.8585,1200,500000.0,2026-09-18T20:24:33.848412
1087,5,IR1,IR,√2:1,5946.0,4204.5,270.0,0.0002,0.584,0.3555162,0.152,0.05847562,0.32,0.2032201,-26.8136,1.6119,0.003441,0.3514,0.8489,0.7215,1200,500000.0,2026-09-18T20:24:42.024527
1088,5,IR1,IR,√2:1,5946.0,4204.5,315.0,0.0002,0.664,0.3961464,0.68,0.3972997,0.608,0.3780502,-32.9833,1.7123,0.001357,0.2974,0.8335,0.7351,1200,500000.0,2026-09-18T20:24:50.698414
1089,5,PP7,PP,5:2,7905.7,3162.3,0.0,0.0001,0.64,0.3941346,0.656,0.4053129,0.6,0.3810695,-26.3266,1.6802,0.008754,0.3353,0.8339,0.7375,1200,1000000.0,2026-09-18T20:24:58.917029
1090,5,PP7,PP,5:2,7905.7,3162.3,45.0,0.0001,0.64,0.3933885,0.6720001,0.4031629,0.6,0.380168,-32.2675,1.7055,0.002192,0.3161,0.8392,0.7571,1200,1000000.0,2026-09-18T20:25:06.924568
1091,5,PP7,PP,5:2,7905.7,3162.3,90.0,0.0001,0.648,0.3852431,0.672,0.3925492,0.6,0.3696665,-26.8093,1.7521,0.006524,0.3435,0.8204,0.7251,1200,1000000.0,2026-09-18T20:25:15.059124
1092,5,PP7,PP,5:2,7905.7,3162.3,135.0,0.0001,0.648,0.3831031,0.672,0.3809045,0.6,0.3625861,-30.8399,1.7633,0.002926,0.3442,0.8168,0.7297,1200,1000000.0,2026-09-18T20:25:23.544526
1093,5,PP7,PP,5:2,7905.7,3162.3,180.0,0.0001,0.648,0.3852117,0.664,0.3974048,0.6,0.3724722,-33.4511,1.7188,0.001465,0.3567,0.8314,0.7312,1200,1000000.0,2026-09-18T20:25:31.731028
1094,5,PP7,PP,5:2,7905.7,3162.3,225.0,0.0001,0.576,0.3858301,0.152,0.3480804,0.32,0.3571308,-29.808,1.4113,0.006792,0.2672,0.9088,0.8579,1200,1000000.0,2026-09-18T20:25:39.762053
1095,5,PP7,PP,5:2,7905.7,3162.3,270.0,0.0001,0.64,0.3955477,0.6720001,0.3993921,0.592,0.3795806,-33.096,1.7076,0.001778,0.3331,0.8372,0.7538,1200,1000000.0,2026-09-18T20:25:48.295466
1096,5,PP7,PP,5:2,7905.7,3162.3,315.0,0.0001,0.576,0.3859953,0.16,0.3482541,0.32,0.357172,-29.6628,1.4111,0.006771,0.2698,0.9079,0.8578,1200,1000000.0,2026-09-18T20:25:56.634951
1097,5,IR3,IR,e/2:1,5829.1,4288.8,0.0,0.0002,0.592,0.3916526,0.168,0.349521,0.32,0.3605487,-33.5265,1.3966,0.00112,0.2646,0.9114,0.8544,1200,500000.0,2026-09-18T20:26:04.741975
1098,5,IR3,IR,e/2:1,5829.1,4288.8,45.0,0.0002,0.584,0.3910949,0.152,0.3492141,0.32,0.3605019,-33.588,1.396,0.001153,0.2612,0.9116,0.8557,1200,500000.0,2026-09-18T20:26:13.358380
1099,5,IR3,IR,e/2:1,5829.1,4288.8,90.0,0.0002,0.648,0.3922593,0.6720001,0.3972273,0.608,0.3749689,-31.1887,1.7269,0.00328,0.2989,0.8198,0.7164,1200,500000.0,2026-09-18T20:26:21.702192
1100,5,IR3,IR,e/2:1,5829.1,4288.8,135.0,0.0002,0.584,0.3518218,0.16,0.0578893,0.32,0.2012818,-27.9987,1.6267,0.001349,0.3784,0.8462,0.7028,1200,500000.0,2026-09-18T20:26:30.732603
1101,5,IR3,IR,e/2:1,5829.1,4288.8,180.0,0.0002,0.632,0.3916522,0.656,0.3797444,0.5840001,0.3689831,-30.2862,1.712,0.003133,0.2838,0.8435,0.7648,1200,500000.0,2026-09-18T20:26:39.065541
1102,5,IR3,IR,e/2:1,5829.1,4288.8,225.0,0.0002,0.584,0.3926698,0.152,0.3493098,0.32,0.3610908,-33.4948,1.3957,0.001169,0.259,0.9116,0.856,1200,500000.0,2026-09-18T20:26:47.206095
1103,5,IR3,IR,e/2:1,5829.1,4288.8,270.0,0.0002,0.584,0.3927231,0.152,0.3489087,0.32,0.3609517,-33.556,1.3973,0.000955,0.2603,0.9117,0.8567,1200,500000.0,2026-09-18T20:26:55.620730
1104,5,IR3,IR,e/2:1,5829.1,4288.8,315.0,0.0002,0.648,0.393717,0.648,0.3834784,0.592,0.3728519,-30.0535,1.718,0.003102,0.2829,0.8578,0.773,1200,500000.0,2026-09-18T20:27:03.713466
1105,5,CC1,CC,9:8,5303.3,4714.0,0.0,0.0005,0.664,0.3932894,0.68,0.397049,0.608,0.3769872,-25.6158,1.7193,0.002201,0.2469,0.8422,0.7387,1200,199999.99999999997,2026-09-18T20:27:12.030493
1106,5,CC1,CC,9:8,5303.3,4714.0,45.0,0.0005,0.592,0.3916973,0.152,0.3493035,0.32,0.3602706,-29.4316,1.3979,0.002754,0.2051,0.9139,0.8553,1200,199999.99999999997,2026-09-18T20:27:20.396521
1107,5,CC1,CC,9:8,5303.3,4714.0,90.0,0.0005,0.656,0.3950903,0.68,0.3988677,0.608,0.3769346,-27.5351,1.7182,0.001806,0.2473,0.8277,0.7209,1200,199999.99999999997,2026-09-18T20:27:28.390237
1108,5,CC1,CC,9:8,5303.3,4714.0,135.0,0.0005,0.656,0.3942084,0.68,0.3975266,0.608,0.3776721,-25.4179,1.7161,0.004641,0.2315,0.8424,0.7368,1200,199999.99999999997,2026-09-18T20:27:37.198475
1109,5,CC1,CC,9:8,5303.3,4714.0,180.0,0.0005,0.584,0.3950141,0.152,0.3496407,0.32,0.3619781,-29.6351,1.3937,0.002154,0.2003,0.9149,0.8567,1200,199999.99999999997,2026-09-18T20:27:45.509329
1110,5,CC1,CC,9:8,5303.3,4714.0,225.0,0.0005,0.648,0.3955218,0.632,0.3957038,0.592,0.374847,-14.1103,1.7087,0.009244,0.2663,0.8273,0.7299,1200,199999.99999999997,2026-09-18T20:27:53.495715
1111,5,CC1,CC,9:8,5303.3,4714.0,270.0,0.0005,0.656,0.3915792,0.68,0.3973042,0.608,0.374439,-28.1621,1.7279,0.002904,0.2418,0.8199,0.7158,1200,199999.99999999997,2026-09-18T20:28:01.866576
1112,5,CC1,CC,9:8,5303.3,4714.0,315.0,0.0005,0.584,0.3947042,0.152,0.3494355,0.32,0.361909,-29.3978,1.3935,0.002862,0.1933,0.915,0.8569,1200,199999.99999999997,2026-09-18T20:28:10.283220
1113,5,CC3,CC,9:4,7500.0,3333.3,0.0,0.0001,0.584,0.3914198,0.152,0.3489423,0.32,0.3605993,-34.7648,1.3986,0.001286,0.2678,0.9118,0.8591,1200,1000000.0,2026-09-18T20:28:18.852734
1114,5,CC3,CC,9:4,7500.0,3333.3,45.0,0.0001,0.576,0.3918356,0.152,0.3492793,0.32,0.3610658,-34.74,1.3973,0.001319,0.2712,0.9116,0.8591,1200,1000000.0,2026-09-18T20:28:27.218831
1115,5,CC3,CC,9:4,7500.0,3333.3,90.0,0.0001,0.592,0.3911731,0.336,0.3583886,0.408,0.3623322,-22.5075,1.5243,0.001739,0.273,0.8869,0.834,1200,1000000.0,2026-09-18T20:28:36.061042
1116,5,CC3,CC,9:4,7500.0,3333.3,135.0,0.0001,0.648,0.3913199,0.672,0.3957944,0.608,0.3749266,-34.7995,1.7249,0.000946,0.3403,0.8329,0.7376,1200,1000000.0,2026-09-18T20:28:44.448945
1117,5,CC3,CC,9:4,7500.0,3333.3,180.0,0.0001,0.648,0.3916099,0.664,0.3960858,0.6,0.3753844,-34.8514,1.7236,0.000965,0.3405,0.833,0.7464,1200,1000000.0,2026-09-18T20:28:52.483352
1118,5,CC3,CC,9:4,7500.0,3333.3,225.0,0.0001,0.624,0.3920615,0.56,0.3809957,0.536,0.3695144,-15.7956,1.6692,0.001417,0.2869,0.8488,0.7716,1200,1000000.0,2026-09-18T20:29:00.906683
1119,5,CC3,CC,9:4,7500.0,3333.3,270.0,0.0001,0.576,0.3917269,0.152,0.3493599,0.32,0.3611008,-34.7274,1.3967,0.001365,0.2683,0.9118,0.8604,1200,1000000.0,2026-09-18T20:29:09.217672
1120,5,CC3,CC,9:4,7500.0,3333.3,315.0,0.0001,0.64,0.3914786,0.664,0.3967158,0.608,0.375711,-34.937,1.7251,0.000853,0.3276,0.8327,0.7428,1200,1000000.0,2026-09-18T20:29:17.404002
1121,5,IR2,IR,φ:1,6360.1,3930.8,0.0,0.0001,0.584,0.3844953,0.152,0.3476396,0.32,0.3560467,-31.2408,1.415,0.005968,0.2768,0.9075,0.8573,1200,1000000.0,2026-09-18T20:29:26.003434
1122,5,IR2,IR,φ:1,6360.1,3930.8,45.0,0.0001,0.664,0.4016099,0.68,0.4055357,0.6,0.384515,-33.515,1.6874,0.002074,0.3224,0.8325,0.743,1200,1000000.0,2026-09-18T20:29:34.359872
1123,5,IR2,IR,φ:1,6360.1,3930.8,90.0,0.0001,0.584,0.3993455,0.176,0.3512562,0.32,0.365688,-32.3854,1.379,0.004542,0.2666,0.9123,0.8609,1200,1000000.0,2026-09-18T20:29:42.326923
1124,5,IR2,IR,φ:1,6360.1,3930.8,135.0,0.0001,0.5840001,0.3860824,0.152,0.3480637,0.32,0.3571999,-29.7598,1.4105,0.007683,0.275,0.9075,0.8529,1200,1000000.0,2026-09-18T20:29:50.074913
1125,5,IR2,IR,φ:1,6360.1,3930.8,180.0,0.0001,0.608,0.3939581,0.464,0.3683227,0.48,0.3662838,-18.1753,1.5939,0.009017,0.2768,0.8688,0.8083,1200,1000000.0,2026-09-18T20:29:57.899155
1126,5,IR2,IR,φ:1,6360.1,3930.8,225.0,0.0001,0.648,0.3886126,0.68,0.4070134,0.6,0.3799821,-30.1655,1.7062,0.004029,0.3385,0.8446,0.7691,1200,1000000.0,2026-09-18T20:30:06.349376
1127,5,IR2,IR,φ:1,6360.1,3930.8,270.0,0.0001,0.656,0.4015551,0.68,0.4049166,0.608,0.3846684,-29.9876,1.6861,0.004567,0.3373,0.8363,0.7518,1200,1000000.0,2026-09-18T20:30:14.545497
1128,5,IR2,IR,φ:1,6360.1,3930.8,315.0,0.0001,0.656,0.388362,0.68,0.4026442,0.608,0.3769069,-26.9349,1.7194,0.006777,0.3296,0.8347,0.7433,1200,1000000.0,2026-09-18T20:30:23.273820
1129,5,CC9,CC,27:16,6495.2,3849.0,0.0,0.0001,0.64,0.3898907,0.672,0.3878294,0.6,0.3695446,-34.1964,1.752,0.001558,0.3571,0.8226,0.7232,1200,1000000.0,2026-09-18T20:30:31.289899
1130,5,CC9,CC,27:16,6495.2,3849.0,45.0,0.0001,0.648,0.3950904,0.664,0.3897422,0.6,0.374696,-26.164,1.7078,0.007806,0.3345,0.8389,0.7575,1200,1000000.0,2026-09-18T20:30:39.371960
1131,5,CC9,CC,27:16,6495.2,3849.0,90.0,0.0001,0.656,0.3935536,0.672,0.4060899,0.608,0.3805753,-35.0563,1.7036,0.001373,0.3161,0.8287,0.7677,1200,1000000.0,2026-09-18T20:30:47.376971
1132,5,CC9,CC,27:16,6495.2,3849.0,135.0,0.0001,0.64,0.3970059,0.672,0.4104094,0.6,0.3860172,-33.1449,1.6802,0.002222,0.3378,0.8409,0.7424,1200,1000000.0,2026-09-18T20:30:55.627903
1133,5,CC9,CC,27:16,6495.2,3849.0,180.0,0.0001,0.584,0.3456712,0.152,0.05666023,0.32,0.1977564,-27.723,1.6559,0.003393,0.4354,0.8365,0.662,1200,1000000.0,2026-09-18T20:31:03.980732
1134,5,CC9,CC,27:16,6495.2,3849.0,225.0,0.0001,0.608,0.3937491,0.464,0.3688938,0.48,0.3664069,-18.3326,1.5944,0.002244,0.2861,0.8694,0.8063,1200,1000000.0,2026-09-18T20:31:12.044963
1135,5,CC9,CC,27:16,6495.2,3849.0,270.0,0.0001,0.584,0.386042,0.168,0.3489598,0.32,0.3574589,-32.259,1.4087,0.004168,0.2729,0.9058,0.855,1200,1000000.0,2026-09-18T20:31:20.167541
1136,5,CC9,CC,27:16,6495.2,3849.0,315.0,0.0001,1.002,0.6114053,nan,nan,nan,nan,-22.783,1.2934,0.003055,0.4474,0.9339,0.8859,1200,1000000.0,2026-09-18T20:31:28.204121
1137,5,PP3,PP,7:5,5916.1,4225.8,0.0,0.0002,0.584,0.3947694,0.152,0.3491918,0.32,0.3622065,-33.1097,1.3899,0.002237,0.2612,0.9128,0.8568,1200,500000.0,2026-09-18T20:31:36.827010
1138,5,PP3,PP,7:5,5916.1,4225.8,45.0,0.0002,0.584,0.3902766,0.152,0.3488581,0.32,0.3596143,-32.6972,1.4029,0.002847,0.2663,0.91,0.8545,1200,500000.0,2026-09-18T20:31:45.355969
1139,5,PP3,PP,7:5,5916.1,4225.8,90.0,0.0002,0.584,0.4282863,0.152,0.607251,0.32,0.504495,-35.8159,1.2836,0.002632,0.2029,0.9173,0.8787,1200,500000.0,2026-09-18T20:31:53.983994
1140,5,PP3,PP,7:5,5916.1,4225.8,135.0,0.0002,0.592,0.3943314,0.152,0.3494634,0.32,0.3620968,-32.7255,1.3906,0.002971,0.26,0.9131,0.8576,1200,500000.0,2026-09-18T20:32:02.173736
1141,5,PP3,PP,7:5,5916.1,4225.8,180.0,0.0002,0.648,0.3936464,0.664,0.3987177,0.6,0.3778037,-30.249,1.7131,0.003863,0.3069,0.8342,0.7391,1200,500000.0,2026-09-18T20:32:10.874457
1142,5,PP3,PP,7:5,5916.1,4225.8,225.0,0.0002,0.648,0.3913171,0.664,0.3942811,0.608,0.3740415,-30.9858,1.7348,0.002833,0.3077,0.8311,0.7392,1200,500000.0,2026-09-18T20:32:18.905725
1143,5,PP3,PP,7:5,5916.1,4225.8,270.0,0.0002,0.648,0.3960836,0.672,0.397451,0.592,0.3781107,-32.9381,1.69,0.00156,0.2914,0.8343,0.73,1200,500000.0,2026-09-18T20:32:27.207160
1144,5,PP3,PP,7:5,5916.1,4225.8,315.0,0.0002,0.584,0.3946093,0.152,0.3493895,0.32,0.362165,-32.7092,1.3903,0.002963,0.2605,0.9124,0.8558,1200,500000.0,2026-09-18T20:32:35.354970
1145,5,PP6,PP,7:3,7637.6,3273.3,0.0,0.0001,0.584,0.3491229,0.152,0.05731098,0.32,0.1997684,-26.8753,1.6438,0.00403,0.413,0.8406,0.6647,1200,1000000.0,2026-09-18T20:32:43.785157
1146,5,PP6,PP,7:3,7637.6,3273.3,45.0,0.0001,0.592,0.3895347,0.152,0.3488595,0.32,0.3599724,-31.9956,1.4006,0.004226,0.2668,0.9123,0.8625,1200,1000000.0,2026-09-18T20:32:52.028512
1147,5,PP6,PP,7:3,7637.6,3273.3,90.0,0.0001,0.576,0.3883905,0.152,0.3483523,0.32,0.3589309,-33.651,1.4056,0.002498,0.2745,0.9089,0.8565,1200,1000000.0,2026-09-18T20:33:00.623596
1148,5,PP6,PP,7:3,7637.6,3273.3,135.0,0.0001,0.994,0.5741941,nan,nan,nan,nan,-23.6557,1.3783,0.001678,0.4759,0.9264,0.8692,1200,1000000.0,2026-09-18T20:33:09.066208
1149,5,PP6,PP,7:3,7637.6,3273.3,180.0,0.0001,0.624,0.3887468,0.56,0.3805005,0.528,0.3675148,-15.7892,1.6559,0.001824,0.2821,0.8458,0.7729,1200,1000000.0,2026-09-18T20:33:17.376390
1150,5,PP6,PP,7:3,7637.6,3273.3,225.0,0.0001,0.576,0.3885714,0.168,0.3496047,0.32,0.3587445,-33.1847,1.4064,0.003017,0.2735,0.9058,0.8559,1200,1000000.0,2026-09-18T20:33:26.306994
1151,5,PP6,PP,7:3,7637.6,3273.3,270.0,0.0001,0.648,0.3901286,0.664,0.3988248,0.6,0.3760919,-34.481,1.7253,0.001177,0.3349,0.8367,0.7384,1200,1000000.0,2026-09-18T20:33:34.141375
1152,5,PP6,PP,7:3,7637.6,3273.3,315.0,0.0001,0.616,0.3891084,0.624,0.389506,0.5600001,0.3712649,-16.1109,1.7039,0.00378,0.3266,0.8349,0.7337,1200,1000000.0,2026-09-18T20:33:42.157912
1153,5,CC6,CC,49:25,7000.0,3571.4,0.0,0.0001,0.624,0.3893112,0.624,0.4044243,0.536,0.3782274,-26.322,1.7123,0.008193,0.3891,0.8346,0.6953,1200,1000000.0,2026-09-18T20:33:50.712853
1154,5,CC6,CC,49:25,7000.0,3571.4,45.0,0.0001,0.584,0.3909336,0.16,0.3484352,0.32,0.3601442,-28.615,1.3993,0.009021,0.2718,0.912,0.8629,1200,1000000.0,2026-09-18T20:33:58.972413
1155,5,CC6,CC,49:25,7000.0,3571.4,90.0,0.0001,0.632,0.3904022,0.624,0.3886776,0.528,0.3711994,-25.0074,1.5301,0.010054,0.303,0.832,0.815,1200,1000000.0,2026-09-18T20:34:07.568855
1156,5,CC6,CC,49:25,7000.0,3571.4,135.0,0.0001,0.624,0.3846523,0.568,0.3802865,0.528,0.3651012,-15.6954,1.6656,0.005958,0.2923,0.8434,0.7691,1200,1000000.0,2026-09-18T20:34:15.741050
1157,5,CC6,CC,49:25,7000.0,3571.4,180.0,0.0001,0.624,0.3870775,0.632,0.4003807,0.52,0.3750345,-26.7154,1.7275,0.0076,0.3838,0.8323,0.6886,1200,1000000.0,2026-09-18T20:34:23.967374
1158,5,CC6,CC,49:25,7000.0,3571.4,225.0,0.0001,0.5840001,0.3927598,0.152,0.3488921,0.32,0.3613597,-28.7631,1.3944,0.008457,0.2711,0.9131,0.8618,1200,1000000.0,2026-09-18T20:34:32.055600
1159,5,CC6,CC,49:25,7000.0,3571.4,270.0,0.0001,0.576,0.3923689,0.152,0.3492277,0.32,0.3615565,-28.8714,1.3937,0.008977,0.2696,0.9129,0.862,1200,1000000.0,2026-09-18T20:34:40.098486
1160,5,CC6,CC,49:25,7000.0,3571.4,315.0,0.0001,0.576,0.3994994,0.16,0.3499527,0.32,0.36559,-33.0853,1.3782,0.003262,0.2599,0.9153,0.8641,1200,1000000.0,2026-09-18T20:34:48.316041
1161,5,PC2,PC,11:8,5863.0,4264.0,0.0,0.0002,0.648,0.3929013,0.672,0.3953767,0.608,0.3759422,-32.069,1.7256,0.002015,0.3059,0.8369,0.7427,1200,500000.0,2026-09-18T20:34:56.343762
1162,5,PC2,PC,11:8,5863.0,4264.0,45.0,0.0002,0.592,0.3919135,0.344,0.3622312,0.416,0.3629057,-21.2874,1.5224,0.005522,0.2617,0.8771,0.8166,1200,500000.0,2026-09-18T20:35:04.954504
1163,5,PC2,PC,11:8,5863.0,4264.0,90.0,0.0002,0.632,0.3930299,0.56,0.3830053,0.536,0.3703341,-15.7992,1.6605,0.004169,0.2783,0.8447,0.7682,1200,500000.0,2026-09-18T20:35:13.572891
1164,5,PC2,PC,11:8,5863.0,4264.0,135.0,0.0002,0.656,0.3936294,0.68,0.4015514,0.608,0.3789975,-33.178,1.7093,0.001301,0.2963,0.8359,0.7435,1200,500000.0,2026-09-18T20:35:21.824180
1165,5,PC2,PC,11:8,5863.0,4264.0,180.0,0.0002,0.592,0.3917451,0.152,0.3488175,0.32,0.360463,-33.4301,1.3998,0.001478,0.2642,0.9107,0.8544,1200,500000.0,2026-09-18T20:35:29.981162
1166,5,PC2,PC,11:8,5863.0,4264.0,225.0,0.0002,0.648,0.3923638,0.64,0.3899655,0.592,0.3729784,-14.3373,1.718,0.002655,0.3009,0.8368,0.7482,1200,500000.0,2026-09-18T20:35:38.314226
1167,5,PC2,PC,11:8,5863.0,4264.0,270.0,0.0002,0.656,0.392542,0.6720001,0.396396,0.608,0.3748487,-30.172,1.728,0.003959,0.3104,0.8244,0.7255,1200,500000.0,2026-09-18T20:35:47.005577
1168,5,PC2,PC,11:8,5863.0,4264.0,315.0,0.0002,0.648,0.3932591,0.672,0.3946904,0.608,0.3756692,-31.2975,1.7234,0.002896,0.3043,0.8324,0.7372,1200,500000.0,2026-09-18T20:35:55.035538
1169,5,PC1,PC,5:4,5590.2,4472.1,0.0,0.0005,0.584,0.3919838,0.168,0.3492433,0.32,0.3602766,-0.2029,1.3989,0.00706,0.1887,0.9142,0.8576,1200,199999.99999999997,2026-09-18T20:36:03.613344
1170,5,PC1,PC,5:4,5590.2,4472.1,45.0,0.0005,0.656,0.3961355,0.68,0.3990565,0.6,0.3775981,-0.3657,1.7178,0.00272,0.248,0.8233,0.7209,1200,199999.99999999997,2026-09-18T20:36:12.059891
1171,5,PC1,PC,5:4,5590.2,4472.1,90.0,0.0005,0.664,0.3915877,0.68,0.3959673,0.608,0.3736451,-0.383,1.7336,0.003626,0.2533,0.821,0.7113,1200,199999.99999999997,2026-09-18T20:36:20.266778
1172,5,PC1,PC,5:4,5590.2,4472.1,135.0,0.0005,0.592,0.3918535,0.152,0.3488292,0.32,0.3600195,-0.2031,1.4,0.005823,0.1984,0.9139,0.8565,1200,199999.99999999997,2026-09-18T20:36:28.401219
1173,5,PC1,PC,5:4,5590.2,4472.1,180.0,0.0005,0.656,0.3914449,0.68,0.3955069,0.6,0.3728137,-0.3815,1.7371,0.00278,0.2581,0.8209,0.7196,1200,199999.99999999997,2026-09-18T20:36:36.562272
1174,5,PC1,PC,5:4,5590.2,4472.1,225.0,0.0005,0.648,0.3923874,0.68,0.3971723,0.6,0.3745395,-0.39,1.7088,0.004049,0.2515,0.8249,0.7292,1200,199999.99999999997,2026-09-18T20:36:44.804346
1175,5,PC1,PC,5:4,5590.2,4472.1,270.0,0.0005,0.616,0.3951546,0.632,0.3952442,0.576,0.3751281,-0.1907,1.6861,0.005182,0.2813,0.8265,0.6988,1200,199999.99999999997,2026-09-18T20:36:53.174077
1176,5,PC1,PC,5:4,5590.2,4472.1,315.0,0.0005,0.664,0.393048,0.672,0.3992075,0.608,0.3772487,-0.409,1.7195,0.001544,0.2461,0.8356,0.7363,1200,199999.99999999997,2026-09-18T20:37:01.262278
1177,5,PC3,PC,13:9,6009.3,4160.3,0.0,0.0002,0.592,0.3881015,0.152,0.3485248,0.32,0.3582668,-31.8983,1.4074,0.003398,0.265,0.9091,0.8554,1200,500000.0,2026-09-18T20:37:09.555404
1178,5,PC3,PC,13:9,6009.3,4160.3,45.0,0.0002,0.576,0.387904,0.152,0.3480285,0.32,0.3582399,-32.1799,1.4075,0.003118,0.2626,0.9089,0.8559,1200,500000.0,2026-09-18T20:37:17.784429
1179,5,PC3,PC,13:9,6009.3,4160.3,90.0,0.0002,0.584,0.3941573,0.152,0.3498802,0.32,0.3621477,-29.8287,1.3913,0.008061,0.2588,0.9133,0.859,1200,500000.0,2026-09-18T20:37:25.712324
1180,5,PC3,PC,13:9,6009.3,4160.3,135.0,0.0002,0.584,0.3955652,0.152,0.349784,0.32,0.3631902,-31.2846,1.3873,0.005227,0.2633,0.914,0.8575,1200,500000.0,2026-09-18T20:37:33.991033
1181,5,PC3,PC,13:9,6009.3,4160.3,180.0,0.0002,0.632,0.3898138,0.56,0.382101,0.528,0.3680676,-15.6284,1.6534,0.004389,0.2753,0.8455,0.7552,1200,500000.0,2026-09-18T20:37:42.302043
1182,5,PC3,PC,13:9,6009.3,4160.3,225.0,0.0002,0.584,0.3951842,0.152,0.3499168,0.32,0.363104,-30.5231,1.3877,0.00611,0.2609,0.9139,0.8584,1200,500000.0,2026-09-18T20:37:50.634033
1183,5,PC3,PC,13:9,6009.3,4160.3,270.0,0.0002,0.584,0.3877744,0.152,0.3482108,0.32,0.3579109,-32.6015,1.4089,0.002751,0.2675,0.9098,0.8565,1200,500000.0,2026-09-18T20:37:58.703517
1184,5,PC3,PC,13:9,6009.3,4160.3,315.0,0.0002,0.584,0.3975725,0.208,0.3526841,0.336,0.3641271,-29.4737,1.4057,0.005702,0.2675,0.9064,0.8533,1200,500000.0,2026-09-18T20:38:06.556528
1185,5,NC2,NC,9:6,6123.7,4082.5,0.0,0.0002,0.584,0.3953268,0.152,0.3494082,0.32,0.3625755,-31.4568,1.3908,0.004588,0.2599,0.914,0.8598,1200,500000.0,2026-09-18T20:38:14.734824
1186,5,NC2,NC,9:6,6123.7,4082.5,45.0,0.0002,0.656,0.3901397,0.656,0.3974982,0.56,0.3750191,-33.0303,1.7277,0.00125,0.3052,0.8303,0.7208,1200,500000.0,2026-09-18T20:38:23.346851
1187,5,NC2,NC,9:6,6123.7,4082.5,90.0,0.0002,0.648,0.387922,0.648,0.3934665,0.576,0.3714938,-32.1786,1.6564,0.001982,0.3275,0.8261,0.745,1200,500000.0,2026-09-18T20:38:31.807093
1188,5,NC2,NC,9:6,6123.7,4082.5,135.0,0.0002,0.584,0.3941731,0.16,0.3493709,0.32,0.3619532,-30.5136,1.3928,0.006029,0.2644,0.9129,0.8575,1200,500000.0,2026-09-18T20:38:40.081463
1189,5,NC2,NC,9:6,6123.7,4082.5,180.0,0.0002,0.64,0.3933291,0.656,0.4009299,0.584,0.378602,-29.2789,1.7127,0.005042,0.3034,0.8333,0.7292,1200,500000.0,2026-09-18T20:38:48.749892
1190,5,NC2,NC,9:6,6123.7,4082.5,225.0,0.0002,0.648,0.3959848,0.664,0.4005382,0.592,0.3798433,-29.9993,1.6867,0.004401,0.3151,0.8316,0.7355,1200,500000.0,2026-09-18T20:38:57.287271
1191,5,NC2,NC,9:6,6123.7,4082.5,270.0,0.0002,0.584,0.3962831,0.152,0.3497408,0.32,0.3635127,-32.9951,1.3875,0.002391,0.2574,0.915,0.8613,1200,500000.0,2026-09-18T20:39:05.455647
1192,5,NC2,NC,9:6,6123.7,4082.5,315.0,0.0002,0.64,0.3902053,0.664,0.3911006,0.56,0.3714745,-31.2561,1.613,0.002486,0.3262,0.8262,0.7547,1200,500000.0,2026-09-18T20:39:14.142797
1193,5,CC8,CC,49:32,6187.2,4040.6,0.0,0.0002,0.584,0.3946314,0.208,0.3522721,0.336,0.3625566,-29.4738,1.4136,0.004709,0.2681,0.905,0.8511,1200,500000.0,2026-09-18T20:39:22.327217
1194,5,CC8,CC,49:32,6187.2,4040.6,45.0,0.0002,0.584,0.3946388,0.256,0.3570703,0.352,0.3633715,-24.9902,1.4326,0.006697,0.2677,0.892,0.8339,1200,500000.0,2026-09-18T20:39:29.986880
1195,5,CC8,CC,49:32,6187.2,4040.6,90.0,0.0002,0.656,0.3924875,0.68,0.4021464,0.6,0.3788168,-31.5108,1.711,0.002806,0.3064,0.8353,0.7338,1200,500000.0,2026-09-18T20:39:38.385082
1196,5,CC8,CC,49:32,6187.2,4040.6,135.0,0.0002,0.584,0.3541216,0.152,0.05817285,0.32,0.2021209,-26.9659,1.6245,0.002687,0.3503,0.8525,0.7241,1200,500000.0,2026-09-18T20:39:46.656630
1197,5,CC8,CC,49:32,6187.2,4040.6,180.0,0.0002,0.584,0.3914731,0.16,0.3494079,0.32,0.3604012,-32.2543,1.3979,0.003059,0.2658,0.9115,0.8556,1200,500000.0,2026-09-18T20:39:54.818804
1198,5,CC8,CC,49:32,6187.2,4040.6,225.0,0.0002,0.5840001,0.3941933,0.16,0.349524,0.32,0.3621881,-33.0216,1.3929,0.002146,0.2619,0.9132,0.8582,1200,500000.0,2026-09-18T20:40:03.137071
1199,5,CC8,CC,49:32,6187.2,4040.6,270.0,0.0002,0.64,0.3914518,0.648,0.3859325,0.592,0.3727427,-32.6278,1.7169,0.001945,0.2812,0.8529,0.7808,1200,500000.0,2026-09-18T20:40:11.592369
1200,5,CC8,CC,49:32,6187.2,4040.6,315.0,0.0002,0.648,0.3919609,0.664,0.4007919,0.608,0.3778809,-30.1428,1.7144,0.004113,0.3192,0.8348,0.7284,1200,500000.0,2026-09-18T20:40:20.025952
